2026-08-29 18:34:13,976 WARNING px4med.main: Config file not found: config/experiment.yaml — using defaults
2026-08-29 18:34:14,048 INFO px4med.main: Starting PX4 SITL container ...
2026-08-29 18:34:14,048 INFO px4med.docker_manager: Starting PX4 SITL container (image=zackmurry/dronevalkit-sim:latest, battery=5000mAh 4S 4.20->3.50V) ...
2026-08-29 18:34:15,034 INFO px4med.docker_manager: Container started: 3ece5813ab87
2026-08-29 18:34:15,034 INFO px4med.main: Waiting for all drones to be ready ...
2026-08-29 18:34:28,354 INFO px4med.docker_manager: Drone 0 ready on port 14540 (attempt 3)
2026-08-29 18:34:31,080 INFO px4med.docker_manager: Drone 1 ready on port 14541 (attempt 5)
2026-08-29 18:34:32,433 INFO px4med.docker_manager: Drone 2 ready on port 14542 (attempt 5)
2026-08-29 18:34:34,172 INFO px4med.docker_manager: Drone 3 ready on port 14543 (attempt 5)
2026-08-29 18:34:38,088 INFO px4med.docker_manager: Drone 4 ready on port 14544 (attempt 7)
2026-08-29 18:34:38,517 INFO px4med.docker_manager: PX4 SITL ready on udpin://0.0.0.0:14540, udpin://0.0.0.0:14541, udpin://0.0.0.0:14542, udpin://0.0.0.0:14543, udpin://0.0.0.0:14544
2026-08-29 18:34:38,518 INFO px4med.main: SITL healthy.
2026-08-29 18:34:38,518 INFO px4med.main: Settling 120s before first MAVSDK contact ...
2026-08-29 18:36:38,618 INFO px4med.main: Convergence gate: probing drone 0 ...
2026-08-29 18:36:59,338 INFO px4med.main: Convergence gate: drone 0 converged.
2026-08-29 18:36:59,338 INFO px4med.main: Convergence gate: probing drone 1 ...
2026-08-29 18:37:20,176 INFO px4med.main: Convergence gate: drone 1 converged.
2026-08-29 18:37:20,176 INFO px4med.main: Convergence gate: probing drone 2 ...
2026-08-29 18:37:40,820 INFO px4med.main: Convergence gate: drone 2 converged.
2026-08-29 18:37:40,820 INFO px4med.main: Convergence gate: probing drone 3 ...
2026-08-29 18:38:01,221 INFO px4med.main: Convergence gate: drone 3 converged.
2026-08-29 18:38:01,221 INFO px4med.main: Convergence gate: probing drone 4 ...
2026-08-29 18:38:22,237 INFO px4med.main: Convergence gate: drone 4 converged.
2026-08-29 18:38:22,238 INFO px4med.main: Connecting to 5 drone(s) ...
2026-08-29 18:38:22,341 INFO mavsdk_server: MAVSDK version: v3.15.0 (mavsdk_impl.cpp:33)
2026-08-29 18:38:22,365 INFO mavsdk_server: Waiting to discover system on udpin://0.0.0.0:14540... (connection_initiator.h:20)
2026-08-29 18:38:22,368 INFO mavsdk_server: New system on: 127.0.0.1:14580 (system ID: 1) (udp_connection.cpp:263)
2026-08-29 18:38:23,285 INFO mavsdk_server: System discovered (connection_initiator.h:62)
2026-08-29 18:38:23,289 INFO mavsdk_server: Server started (grpc_server.cpp:177)
2026-08-29 18:38:23,290 INFO mavsdk_server: Server set to listen on 0.0.0.0:50051 (grpc_server.cpp:178)
2026-08-29 18:38:42,338 INFO px4med.drone: Drone 0: MAVSDK connected (udpin://0.0.0.0:14540, grpc=50051)
2026-08-29 18:38:43,285 INFO px4med.drone: Drone 0: local position + home position ready
2026-08-29 18:38:43,290 INFO mavsdk_server: MAVSDK version: v3.15.0 (mavsdk_impl.cpp:33)
2026-08-29 18:38:43,304 INFO mavsdk_server: Waiting to discover system on udpin://0.0.0.0:14541... (connection_initiator.h:20)
2026-08-29 18:38:43,304 INFO mavsdk_server: New system on: 127.0.0.1:14581 (system ID: 2) (udp_connection.cpp:263)
2026-08-29 18:38:44,113 INFO mavsdk_server: System discovered (connection_initiator.h:62)
2026-08-29 18:38:44,116 INFO mavsdk_server: Server started (grpc_server.cpp:177)
2026-08-29 18:38:44,116 INFO mavsdk_server: Server set to listen on 0.0.0.0:50052 (grpc_server.cpp:178)
2026-08-29 18:39:03,289 INFO px4med.drone: Drone 1: MAVSDK connected (udpin://0.0.0.0:14541, grpc=50052)
2026-08-29 18:39:04,113 INFO px4med.drone: Drone 1: local position + home position ready
2026-08-29 18:39:04,119 INFO mavsdk_server: MAVSDK version: v3.15.0 (mavsdk_impl.cpp:33)
2026-08-29 18:39:04,142 INFO mavsdk_server: Waiting to discover system on udpin://0.0.0.0:14542... (connection_initiator.h:20)
2026-08-29 18:39:04,148 INFO mavsdk_server: New system on: 127.0.0.1:14582 (system ID: 3) (udp_connection.cpp:263)
2026-08-29 18:39:04,757 INFO mavsdk_server: System discovered (connection_initiator.h:62)
2026-08-29 18:39:04,759 INFO mavsdk_server: Server started (grpc_server.cpp:177)
2026-08-29 18:39:04,760 INFO mavsdk_server: Server set to listen on 0.0.0.0:50053 (grpc_server.cpp:178)
2026-08-29 18:39:24,119 INFO px4med.drone: Drone 2: MAVSDK connected (udpin://0.0.0.0:14542, grpc=50053)
2026-08-29 18:39:24,757 INFO px4med.drone: Drone 2: local position + home position ready
2026-08-29 18:39:24,767 INFO mavsdk_server: MAVSDK version: v3.15.0 (mavsdk_impl.cpp:33)
2026-08-29 18:39:24,791 INFO mavsdk_server: Waiting to discover system on udpin://0.0.0.0:14543... (connection_initiator.h:20)
2026-08-29 18:39:24,796 INFO mavsdk_server: New system on: 127.0.0.1:14583 (system ID: 4) (udp_connection.cpp:263)
2026-08-29 18:39:25,168 INFO mavsdk_server: System discovered (connection_initiator.h:62)
2026-08-29 18:39:25,171 INFO mavsdk_server: Server started (grpc_server.cpp:177)
2026-08-29 18:39:25,172 INFO mavsdk_server: Server set to listen on 0.0.0.0:50054 (grpc_server.cpp:178)
2026-08-29 18:39:44,762 INFO px4med.drone: Drone 3: MAVSDK connected (udpin://0.0.0.0:14543, grpc=50054)
2026-08-29 18:39:45,169 INFO px4med.drone: Drone 3: local position + home position ready
2026-08-29 18:39:45,180 INFO mavsdk_server: MAVSDK version: v3.15.0 (mavsdk_impl.cpp:33)
2026-08-29 18:39:45,204 INFO mavsdk_server: Waiting to discover system on udpin://0.0.0.0:14544... (connection_initiator.h:20)
2026-08-29 18:39:45,204 INFO mavsdk_server: New system on: 127.0.0.1:14584 (system ID: 5) (udp_connection.cpp:263)
2026-08-29 18:39:46,188 INFO mavsdk_server: System discovered (connection_initiator.h:62)
2026-08-29 18:39:46,191 INFO mavsdk_server: Server started (grpc_server.cpp:177)
2026-08-29 18:39:46,191 INFO mavsdk_server: Server set to listen on 0.0.0.0:50055 (grpc_server.cpp:178)
2026-08-29 18:40:05,174 INFO px4med.drone: Drone 4: MAVSDK connected (udpin://0.0.0.0:14544, grpc=50055)
2026-08-29 18:40:06,189 INFO px4med.drone: Drone 4: local position + home position ready
2026-08-29 18:40:06,189 INFO px4med.main: All drones connected.
2026-08-29 18:40:06,189 INFO px4med.main: Applying PX4 battery drain rate 180.00 ...
2026-08-29 18:40:06,201 INFO px4med.drone: Drone 0: param SDLOG_MODE=-1
2026-08-29 18:40:06,205 INFO px4med.drone: Drone 0: param COM_LOW_BAT_ACT=0
2026-08-29 18:40:06,215 INFO px4med.drone: Drone 0: param COM_ARM_BAT_MIN=0.00
2026-08-29 18:40:06,225 INFO px4med.drone: Drone 0: param COM_ARM_WO_GPS=2
2026-08-29 18:40:06,241 INFO px4med.drone: Drone 0: param CBRK_SUPPLY_CHK=894281
2026-08-29 18:40:06,253 INFO px4med.drone: Drone 0: param SIM_BAT_MIN_PCT=10.00
2026-08-29 18:40:06,261 INFO px4med.drone: Drone 0: param SIM_BAT_DRAIN=180.00
2026-08-29 18:40:06,273 INFO px4med.drone: Drone 0: verified param SIM_BAT_DRAIN=180.00
2026-08-29 18:40:06,273 INFO px4med.drone: Drone 0: battery profile drain_rate=180.00 sim_bat_min_pct=10.00
2026-08-29 18:40:06,281 INFO px4med.drone: Drone 1: param SDLOG_MODE=-1
2026-08-29 18:40:06,291 INFO px4med.drone: Drone 1: param COM_LOW_BAT_ACT=0
2026-08-29 18:40:06,301 INFO px4med.drone: Drone 1: param COM_ARM_BAT_MIN=0.00
2026-08-29 18:40:06,311 INFO px4med.drone: Drone 1: param COM_ARM_WO_GPS=2
2026-08-29 18:40:06,321 INFO px4med.drone: Drone 1: param CBRK_SUPPLY_CHK=894281
2026-08-29 18:40:06,331 INFO px4med.drone: Drone 1: param SIM_BAT_MIN_PCT=10.00
2026-08-29 18:40:06,341 INFO px4med.drone: Drone 1: param SIM_BAT_DRAIN=180.00
2026-08-29 18:40:06,351 INFO px4med.drone: Drone 1: verified param SIM_BAT_DRAIN=180.00
2026-08-29 18:40:06,351 INFO px4med.drone: Drone 1: battery profile drain_rate=180.00 sim_bat_min_pct=10.00
2026-08-29 18:40:06,361 INFO px4med.drone: Drone 2: param SDLOG_MODE=-1
2026-08-29 18:40:06,377 INFO px4med.drone: Drone 2: param COM_LOW_BAT_ACT=0
2026-08-29 18:40:06,381 INFO px4med.drone: Drone 2: param COM_ARM_BAT_MIN=0.00
2026-08-29 18:40:06,397 INFO px4med.drone: Drone 2: param COM_ARM_WO_GPS=2
2026-08-29 18:40:06,401 INFO px4med.drone: Drone 2: param CBRK_SUPPLY_CHK=894281
2026-08-29 18:40:06,417 INFO px4med.drone: Drone 2: param SIM_BAT_MIN_PCT=10.00
2026-08-29 18:40:06,421 INFO px4med.drone: Drone 2: param SIM_BAT_DRAIN=180.00
2026-08-29 18:40:06,437 INFO px4med.drone: Drone 2: verified param SIM_BAT_DRAIN=180.00
2026-08-29 18:40:06,437 INFO px4med.drone: Drone 2: battery profile drain_rate=180.00 sim_bat_min_pct=10.00
2026-08-29 18:40:06,441 INFO px4med.drone: Drone 3: param SDLOG_MODE=-1
2026-08-29 18:40:06,459 INFO px4med.drone: Drone 3: param COM_LOW_BAT_ACT=0
2026-08-29 18:40:06,461 INFO px4med.drone: Drone 3: param COM_ARM_BAT_MIN=0.00
2026-08-29 18:40:06,479 INFO px4med.drone: Drone 3: param COM_ARM_WO_GPS=2
2026-08-29 18:40:06,500 INFO px4med.drone: Drone 3: param CBRK_SUPPLY_CHK=894281
2026-08-29 18:40:06,519 INFO px4med.drone: Drone 3: param SIM_BAT_MIN_PCT=10.00
2026-08-29 18:40:06,521 INFO px4med.drone: Drone 3: param SIM_BAT_DRAIN=180.00
2026-08-29 18:40:06,539 INFO px4med.drone: Drone 3: verified param SIM_BAT_DRAIN=180.00
2026-08-29 18:40:06,539 INFO px4med.drone: Drone 3: battery profile drain_rate=180.00 sim_bat_min_pct=10.00
2026-08-29 18:40:06,545 INFO px4med.drone: Drone 4: param SDLOG_MODE=-1
2026-08-29 18:40:06,555 INFO px4med.drone: Drone 4: param COM_LOW_BAT_ACT=0
2026-08-29 18:40:06,565 INFO px4med.drone: Drone 4: param COM_ARM_BAT_MIN=0.00
2026-08-29 18:40:06,577 INFO px4med.drone: Drone 4: param COM_ARM_WO_GPS=2
2026-08-29 18:40:06,585 INFO px4med.drone: Drone 4: param CBRK_SUPPLY_CHK=894281
2026-08-29 18:40:06,597 INFO px4med.drone: Drone 4: param SIM_BAT_MIN_PCT=10.00
2026-08-29 18:40:06,605 INFO px4med.drone: Drone 4: param SIM_BAT_DRAIN=180.00
2026-08-29 18:40:06,617 INFO px4med.drone: Drone 4: verified param SIM_BAT_DRAIN=180.00
2026-08-29 18:40:06,617 INFO px4med.drone: Drone 4: battery profile drain_rate=180.00 sim_bat_min_pct=10.00
2026-08-29 18:40:06,617 INFO px4med.main: Applying PX4 speed factor 3.00 ...
2026-08-29 18:40:06,633 INFO px4med.drone: Drone 0: param MPC_XY_CRUISE=15.00
2026-08-29 18:40:06,641 INFO px4med.drone: Drone 0: param MPC_XY_VEL_MAX=36.00
2026-08-29 18:40:06,653 INFO px4med.drone: Drone 0: param MPC_Z_VEL_MAX_UP=9.00
2026-08-29 18:40:06,661 INFO px4med.drone: Drone 0: param MPC_Z_VEL_MAX_DN=4.50
2026-08-29 18:40:06,661 INFO px4med.drone: Drone 0: speed profile factor=3.00 xy_cruise=15.00 xy_max=36.00 z_up=9.00 z_down=4.50
2026-08-29 18:40:06,671 INFO px4med.drone: Drone 1: param MPC_XY_CRUISE=15.00
2026-08-29 18:40:06,681 INFO px4med.drone: Drone 1: param MPC_XY_VEL_MAX=36.00
2026-08-29 18:40:06,691 INFO px4med.drone: Drone 1: param MPC_Z_VEL_MAX_UP=9.00
2026-08-29 18:40:06,701 INFO px4med.drone: Drone 1: param MPC_Z_VEL_MAX_DN=4.50
2026-08-29 18:40:06,701 INFO px4med.drone: Drone 1: speed profile factor=3.00 xy_cruise=15.00 xy_max=36.00 z_up=9.00 z_down=4.50
2026-08-29 18:40:06,709 INFO px4med.drone: Drone 2: param MPC_XY_CRUISE=15.00
2026-08-29 18:40:06,713 INFO px4med.drone: Drone 2: param MPC_XY_VEL_MAX=36.00
2026-08-29 18:40:06,729 INFO px4med.drone: Drone 2: param MPC_Z_VEL_MAX_UP=9.00
2026-08-29 18:40:06,737 INFO px4med.drone: Drone 2: param MPC_Z_VEL_MAX_DN=4.50
2026-08-29 18:40:06,737 INFO px4med.drone: Drone 2: speed profile factor=3.00 xy_cruise=15.00 xy_max=36.00 z_up=9.00 z_down=4.50
2026-08-29 18:40:06,750 INFO px4med.drone: Drone 3: param MPC_XY_CRUISE=15.00
2026-08-29 18:40:06,759 INFO px4med.drone: Drone 3: param MPC_XY_VEL_MAX=36.00
2026-08-29 18:40:06,769 INFO px4med.drone: Drone 3: param MPC_Z_VEL_MAX_UP=9.00
2026-08-29 18:40:06,779 INFO px4med.drone: Drone 3: param MPC_Z_VEL_MAX_DN=4.50
2026-08-29 18:40:06,779 INFO px4med.drone: Drone 3: speed profile factor=3.00 xy_cruise=15.00 xy_max=36.00 z_up=9.00 z_down=4.50
2026-08-29 18:40:06,785 INFO px4med.drone: Drone 4: param MPC_XY_CRUISE=15.00
2026-08-29 18:40:06,797 INFO px4med.drone: Drone 4: param MPC_XY_VEL_MAX=36.00
2026-08-29 18:40:06,805 INFO px4med.drone: Drone 4: param MPC_Z_VEL_MAX_UP=9.00
2026-08-29 18:40:06,817 INFO px4med.drone: Drone 4: param MPC_Z_VEL_MAX_DN=4.50
2026-08-29 18:40:06,817 INFO px4med.drone: Drone 4: speed profile factor=3.00 xy_cruise=15.00 xy_max=36.00 z_up=9.00 z_down=4.50
WARNING: All log messages before absl::InitializeLog() is called are written to STDERR
I0000 00:00:1788054008.196784 2388878 fork_posix.cc:71] Other threads are currently calling into gRPC, skipping fork() handlers
I0000 00:00:1788054008.211066 2388878 fork_posix.cc:71] Other threads are currently calling into gRPC, skipping fork() handlers
2026-08-29 18:40:08,326 INFO px4med.main: Policy loaded from models/ctde_agent_marl_FGCS.pth (device=cpu)
2026-08-29 18:40:08,327 INFO px4med.main: Run ID: 20260829_184008 — logs → logs
2026-08-29 18:40:08,327 INFO px4med.main: ═══ Episode 1 / 2 ═══
2026-08-29 18:40:08,397 INFO px4med.drone: Drone 1: armed (attempt 1)
2026-08-29 18:40:08,405 INFO px4med.drone: Drone 4: armed (attempt 1)
2026-08-29 18:40:08,412 INFO px4med.drone: Drone 2: armed (attempt 1)
2026-08-29 18:40:08,416 INFO px4med.drone: Drone 3: armed (attempt 1)
2026-08-29 18:40:08,416 INFO px4med.drone: Drone 0: armed (attempt 1)
2026-08-29 18:40:09,972 INFO px4med.drone: Drone 2: airborne at 20.0 m AGL
2026-08-29 18:40:10,205 INFO px4med.drone: Drone 4: airborne at 20.0 m AGL
2026-08-29 18:40:10,285 INFO px4med.drone: Drone 3: airborne at 20.0 m AGL
2026-08-29 18:40:10,300 INFO px4med.drone: Drone 0: airborne at 20.0 m AGL
2026-08-29 18:40:10,328 INFO px4med.drone: Drone 1: airborne at 20.0 m AGL
2026-08-29 18:40:10,329 INFO px4med.coordinator: Repositioning drones to training start positions: [(2, 2), (2, 14), (2, 26), (2, 38), (2, 50)]
2026-08-29 18:40:10,996 INFO px4med.drone: Drone 2: offboard mode started
2026-08-29 18:40:11,004 WARNING mavsdk_server: Received ack for not-existing command: 176! Ignoring... (mavlink_command_sender.cpp:304)
2026-08-29 18:40:11,216 INFO px4med.drone: Drone 4: offboard mode started
2026-08-29 18:40:11,224 WARNING mavsdk_server: Received ack for not-existing command: 176! Ignoring... (mavlink_command_sender.cpp:304)
2026-08-29 18:40:11,296 INFO px4med.drone: Drone 3: offboard mode started
2026-08-29 18:40:11,308 WARNING mavsdk_server: Received ack for not-existing command: 176! Ignoring... (mavlink_command_sender.cpp:304)
2026-08-29 18:40:11,312 INFO px4med.drone: Drone 0: offboard mode started
2026-08-29 18:40:11,324 WARNING mavsdk_server: Received ack for not-existing command: 176! Ignoring... (mavlink_command_sender.cpp:304)
2026-08-29 18:40:11,348 INFO px4med.drone: Drone 1: offboard mode started
2026-08-29 18:40:11,360 WARNING mavsdk_server: Received ack for not-existing command: 176! Ignoring... (mavlink_command_sender.cpp:304)
2026-08-29 18:40:24,329 INFO px4med.coordinator: Drones settled near start grids: [(2, 2), (2, 14), (2, 25), (2, 37), (2, 49)]
2026-08-29 18:40:25,499 INFO px4med.coordinator: Episode 0 step 1/500 | actions=[0, 4, 2, 0, 0] | sim_pos=[(2, 1), (2, 14), (1, 25), (2, 36), (2, 48)] | pending=20 | deliveries=[] | landed=[False, False, False, False, False] | depleted=[False, False, False, False, False] | phase=rescue | reward=-1.00
2026-08-29 18:40:27,345 INFO px4med.coordinator: Episode 0 step 2/500 | actions=[1, 4, 2, 0, 0] | sim_pos=[(2, 3), (2, 14), (1, 25), (2, 36), (2, 48)] | pending=20 | deliveries=[] | landed=[False, False, False, False, False] | depleted=[False, False, False, False, False] | phase=rescue | reward=2.00
2026-08-29 18:40:29,989 INFO px4med.coordinator: Episode 0 step 3/500 | actions=[0, 2, 2, 0, 0] | sim_pos=[(2, 1), (1, 14), (0, 25), (2, 34), (2, 46)] | pending=20 | deliveries=[] | landed=[False, False, False, False, False] | depleted=[False, False, False, False, False] | phase=rescue | reward=-2.50
2026-08-29 18:40:32,343 INFO px4med.coordinator: Episode 0 step 4/500 | actions=[1, 0, 0, 0, 0] | sim_pos=[(2, 3), (1, 13), (0, 24), (2, 34), (2, 46)] | pending=20 | deliveries=[] | landed=[False, False, False, False, False] | depleted=[False, False, False, False, False] | phase=rescue | reward=0.50
2026-08-29 18:40:34,985 INFO px4med.coordinator: Episode 0 step 5/500 | actions=[0, 0, 0, 0, 0] | sim_pos=[(2, 1), (1, 12), (0, 23), (2, 33), (2, 45)] | pending=20 | deliveries=[] | landed=[False, False, False, False, False] | depleted=[False, False, False, False, False] | phase=rescue | reward=-1.00
2026-08-29 18:40:37,347 INFO px4med.coordinator: Episode 0 step 6/500 | actions=[1, 0, 0, 0, 0] | sim_pos=[(2, 3), (1, 11), (0, 22), (2, 32), (2, 44)] | pending=20 | deliveries=[] | landed=[False, False, False, False, False] | depleted=[False, False, False, False, False] | phase=rescue | reward=3.50
2026-08-29 18:40:40,218 INFO px4med.coordinator: Episode 0 step 7/500 | actions=[0, 1, 0, 0, 0] | sim_pos=[(2, 1), (1, 12), (0, 21), (2, 31), (2, 43)] | pending=20 | deliveries=[] | landed=[False, False, False, False, False] | depleted=[False, False, False, False, False] | phase=rescue | reward=-2.50
2026-08-29 18:40:42,348 INFO px4med.coordinator: Episode 0 step 8/500 | actions=[1, 0, 0, 0, 0] | sim_pos=[(2, 3), (1, 11), (0, 20), (2, 30), (2, 42)] | pending=20 | deliveries=[] | landed=[False, False, False, False, False] | depleted=[False, False, False, False, False] | phase=rescue | reward=3.50
2026-08-29 18:40:44,994 INFO px4med.coordinator: Episode 0 step 9/500 | actions=[0, 1, 0, 0, 0] | sim_pos=[(2, 1), (1, 12), (0, 19), (2, 29), (2, 41)] | pending=20 | deliveries=[] | landed=[False, False, False, False, False] | depleted=[False, False, False, False, False] | phase=rescue | reward=-2.50
2026-08-29 18:40:47,352 INFO px4med.coordinator: Episode 0 step 10/500 | actions=[1, 0, 0, 0, 0] | sim_pos=[(2, 3), (1, 11), (0, 18), (2, 28), (2, 40)] | pending=20 | deliveries=[] | landed=[False, False, False, False, False] | depleted=[False, False, False, False, False] | phase=rescue | reward=3.50
2026-08-29 18:40:49,985 INFO px4med.coordinator: Episode 0 step 11/500 | actions=[0, 1, 0, 0, 0] | sim_pos=[(2, 1), (1, 12), (0, 17), (2, 27), (2, 39)] | pending=20 | deliveries=[] | landed=[False, False, False, False, False] | depleted=[False, False, False, False, False] | phase=rescue | reward=-2.50
2026-08-29 18:40:52,343 INFO px4med.coordinator: Episode 0 step 12/500 | actions=[1, 0, 0, 2, 0] | sim_pos=[(2, 3), (1, 11), (0, 16), (1, 27), (2, 38)] | pending=20 | deliveries=[] | landed=[False, False, False, False, False] | depleted=[False, False, False, False, False] | phase=rescue | reward=0.50
2026-08-29 18:40:54,985 INFO px4med.coordinator: Episode 0 step 13/500 | actions=[0, 1, 0, 2, 0] | sim_pos=[(2, 1), (1, 12), (0, 15), (0, 27), (2, 37)] | pending=20 | deliveries=[] | landed=[False, False, False, False, False] | depleted=[False, False, False, False, False] | phase=rescue | reward=-5.50
2026-08-29 18:40:57,341 INFO px4med.coordinator: Episode 0 step 14/500 | actions=[1, 0, 0, 0, 0] | sim_pos=[(2, 3), (1, 11), (0, 14), (0, 26), (2, 36)] | pending=20 | deliveries=[] | landed=[False, False, False, False, False] | depleted=[False, False, False, False, False] | phase=rescue | reward=0.50
2026-08-29 18:40:59,991 INFO px4med.coordinator: Episode 0 step 15/500 | actions=[0, 1, 0, 0, 3] | sim_pos=[(2, 1), (1, 12), (0, 13), (0, 25), (3, 36)] | pending=20 | deliveries=[] | landed=[False, False, False, False, False] | depleted=[False, False, False, False, False] | phase=rescue | reward=-12.10
2026-08-29 18:41:02,343 INFO px4med.coordinator: Episode 0 step 16/500 | actions=[1, 0, 0, 0, 0] | sim_pos=[(2, 3), (1, 11), (0, 12), (0, 24), (3, 35)] | pending=20 | deliveries=[] | landed=[False, False, False, False, False] | depleted=[False, False, False, False, False] | phase=rescue | reward=-9.10
2026-08-29 18:41:04,983 INFO px4med.coordinator: Episode 0 step 17/500 | actions=[0, 2, 0, 0, 0] | sim_pos=[(2, 1), (1, 11), (0, 12), (0, 23), (3, 34)] | pending=20 | deliveries=[] | landed=[False, False, False, False, False] | depleted=[False, False, False, False, False] | phase=rescue | reward=-2012.10
2026-08-29 18:41:07,342 INFO px4med.coordinator: Episode 0 step 18/500 | actions=[1, 0, 0, 0, 0] | sim_pos=[(2, 3), (1, 10), (0, 11), (0, 22), (3, 33)] | pending=20 | deliveries=[] | landed=[False, False, False, False, False] | depleted=[False, False, False, False, False] | phase=rescue | reward=-9.10
2026-08-29 18:41:09,986 INFO px4med.coordinator: Episode 0 step 19/500 | actions=[0, 2, 1, 0, 0] | sim_pos=[(2, 1), (0, 10), (0, 12), (0, 21), (3, 32)] | pending=20 | deliveries=[] | landed=[False, False, False, False, False] | depleted=[False, False, False, False, False] | phase=rescue | reward=-12.10
2026-08-29 18:41:12,339 INFO px4med.coordinator: Episode 0 step 20/500 | actions=[1, 0, 0, 0, 0] | sim_pos=[(2, 3), (0, 9), (0, 11), (0, 20), (3, 31)] | pending=20 | deliveries=[] | landed=[False, False, False, False, False] | depleted=[False, False, False, False, False] | phase=rescue | reward=-9.10
2026-08-29 18:41:14,999 INFO px4med.coordinator: Episode 0 step 21/500 | actions=[0, 0, 0, 0, 0] | sim_pos=[(2, 1), (0, 8), (0, 10), (0, 19), (3, 30)] | pending=20 | deliveries=[] | landed=[False, False, False, False, False] | depleted=[False, False, False, False, False] | phase=rescue | reward=-12.10
2026-08-29 18:41:17,343 INFO px4med.coordinator: Episode 0 step 22/500 | actions=[1, 0, 0, 0, 0] | sim_pos=[(2, 3), (0, 7), (0, 9), (0, 18), (3, 29)] | pending=20 | deliveries=[] | landed=[False, False, False, False, False] | depleted=[False, False, False, False, False] | phase=rescue | reward=-9.10
2026-08-29 18:41:19,985 INFO px4med.coordinator: Episode 0 step 23/500 | actions=[0, 0, 0, 0, 0] | sim_pos=[(2, 1), (0, 6), (0, 8), (0, 17), (3, 28)] | pending=20 | deliveries=[] | landed=[False, False, False, False, False] | depleted=[False, False, False, False, False] | phase=rescue | reward=-12.10
2026-08-29 18:41:22,341 INFO px4med.coordinator: Episode 0 step 24/500 | actions=[1, 0, 0, 0, 0] | sim_pos=[(2, 3), (0, 5), (0, 7), (0, 16), (3, 27)] | pending=20 | deliveries=[] | landed=[False, False, False, False, False] | depleted=[False, False, False, False, False] | phase=rescue | reward=-9.10
2026-08-29 18:41:24,986 INFO px4med.coordinator: Episode 0 step 25/500 | actions=[0, 0, 0, 0, 3] | sim_pos=[(2, 1), (0, 4), (0, 6), (0, 15), (4, 27)] | pending=20 | deliveries=[] | landed=[False, False, False, False, False] | depleted=[False, False, False, False, False] | phase=rescue | reward=-12.10
2026-08-29 18:41:27,351 INFO px4med.coordinator: Episode 0 step 26/500 | actions=[2, 0, 0, 0, 0] | sim_pos=[(1, 2), (0, 3), (0, 5), (0, 14), (4, 26)] | pending=20 | deliveries=[] | landed=[False, False, False, False, False] | depleted=[False, False, False, False, False] | phase=rescue | reward=-18.40
2026-08-29 18:41:29,342 INFO px4med.coordinator: Episode 0 step 27/500 | actions=[2, 0, 0, 0, 0] | sim_pos=[(1, 1), (0, 3), (0, 5), (0, 14), (4, 26)] | pending=20 | deliveries=[] | landed=[False, False, False, False, False] | depleted=[False, False, False, False, False] | phase=rescue | reward=-18.40
2026-08-29 18:41:30,347 INFO px4med.coordinator: Episode 0 step 28/500 | actions=[0, 0, 0, 0, 0] | sim_pos=[(1, 1), (0, 2), (0, 4), (0, 13), (4, 25)] | pending=20 | deliveries=[] | landed=[False, False, False, False, False] | depleted=[False, False, False, False, False] | phase=rescue | reward=-18.40
2026-08-29 18:41:31,348 INFO px4med.coordinator: Episode 0 step 29/500 | actions=[0, 0, 0, 0, 0] | sim_pos=[(1, 0), (0, 2), (0, 4), (0, 13), (4, 25)] | pending=20 | deliveries=[] | landed=[False, False, False, False, False] | depleted=[False, False, False, False, False] | phase=rescue | reward=-18.40
2026-08-29 18:41:32,340 INFO px4med.coordinator: Episode 0 step 30/500 | actions=[0, 0, 0, 0, 0] | sim_pos=[(1, 0), (0, 1), (0, 3), (0, 12), (4, 24)] | pending=20 | deliveries=[] | landed=[False, False, False, False, False] | depleted=[False, False, False, False, False] | phase=rescue | reward=-16.90
2026-08-29 18:41:33,348 INFO px4med.coordinator: Episode 0 step 31/500 | actions=[1, 0, 0, 0, 0] | sim_pos=[(1, 1), (0, 1), (0, 3), (0, 12), (4, 24)] | pending=20 | deliveries=[] | landed=[False, False, False, False, False] | depleted=[False, False, False, False, False] | phase=rescue | reward=-16.90
2026-08-29 18:41:35,475 INFO px4med.coordinator: Episode 0 step 32/500 | actions=[2, 1, 0, 0, 0] | sim_pos=[(0, 0), (0, 1), (0, 3), (0, 11), (4, 23)] | pending=20 | deliveries=[] | landed=[False, False, False, False, False] | depleted=[False, False, False, False, False] | phase=rescue | reward=-2015.40
2026-08-29 18:41:37,347 INFO px4med.coordinator: Episode 0 step 33/500 | actions=[2, 0, 0, 0, 3] | sim_pos=[(0, 1), (0, 0), (0, 2), (0, 11), (5, 24)] | pending=20 | deliveries=[] | landed=[False, False, False, False, False] | depleted=[False, False, False, False, False] | phase=rescue | reward=-12.40
2026-08-29 18:41:39,338 INFO px4med.coordinator: Episode 0 step 34/500 | actions=[1, 1, 0, 0, 0] | sim_pos=[(0, 1), (0, 1), (0, 3), (0, 10), (4, 22)] | pending=20 | deliveries=[] | landed=[False, False, False, False, False] | depleted=[False, False, False, False, False] | phase=rescue | reward=-2018.40
2026-08-29 18:41:42,219 INFO px4med.coordinator: Episode 0 step 35/500 | actions=[0, 0, 0, 0, 0] | sim_pos=[(0, 0), (0, 1), (0, 2), (0, 9), (4, 22)] | pending=20 | deliveries=[] | landed=[False, False, False, False, False] | depleted=[False, False, False, False, False] | phase=rescue | reward=-18.40
2026-08-29 18:41:44,221 INFO px4med.coordinator: Episode 0 step 36/500 | actions=[0, 0, 0, 0, 0] | sim_pos=[(0, 0), (0, 1), (0, 2), (0, 9), (4, 21)] | pending=20 | deliveries=[] | landed=[False, False, False, False, False] | depleted=[False, False, False, False, False] | phase=rescue | reward=-18.40
2026-08-29 18:41:45,370 INFO px4med.coordinator: Episode 0 step 37/500 | actions=[1, 1, 0, 0, 0] | sim_pos=[(0, 0), (0, 2), (0, 2), (0, 8), (4, 21)] | pending=20 | deliveries=[] | landed=[False, False, False, False, False] | depleted=[False, False, False, False, False] | phase=rescue | reward=-2018.40
2026-08-29 18:41:46,353 INFO px4med.coordinator: Episode 0 step 38/500 | actions=[3, 1, 0, 0, 0] | sim_pos=[(1, 0), (0, 2), (0, 1), (0, 8), (4, 20)] | pending=20 | deliveries=[] | landed=[False, False, False, False, False] | depleted=[False, False, False, False, False] | phase=rescue | reward=-18.40
2026-08-29 18:41:47,343 INFO px4med.coordinator: Episode 0 step 39/500 | actions=[1, 0, 0, 0, 0] | sim_pos=[(0, 0), (0, 2), (0, 2), (0, 7), (4, 20)] | pending=20 | deliveries=[] | landed=[False, False, False, False, False] | depleted=[False, False, False, False, False] | phase=rescue | reward=-3018.40
2026-08-29 18:41:48,340 INFO px4med.coordinator: Episode 0 step 40/500 | actions=[2, 3, 1, 0, 0] | sim_pos=[(0, 0), (1, 2), (0, 2), (0, 7), (4, 19)] | pending=21 | deliveries=[] | landed=[False, False, False, False, False] | depleted=[False, False, False, False, False] | phase=rescue | reward=25.00
2026-08-29 18:41:49,986 INFO px4med.coordinator: Episode 0 step 41/500 | actions=[1, 0, 0, 4, 0] | sim_pos=[(0, 0), (0, 2), (0, 2), (0, 7), (4, 19)] | pending=21 | deliveries=[] | landed=[False, False, False, False, False] | depleted=[False, False, False, False, False] | phase=rescue | reward=-3013.90
2026-08-29 18:41:51,363 INFO px4med.coordinator: Episode 0 step 42/500 | actions=[1, 0, 1, 1, 0] | sim_pos=[(0, 1), (1, 1), (0, 3), (0, 8), (4, 18)] | pending=21 | deliveries=[] | landed=[False, False, False, False, False] | depleted=[False, False, False, False, False] | phase=rescue | reward=-12.40
2026-08-29 18:41:53,340 INFO px4med.coordinator: Episode 0 step 43/500 | actions=[1, 4, 4, 4, 0] | sim_pos=[(0, 1), (0, 2), (0, 2), (0, 7), (4, 18)] | pending=21 | deliveries=[] | landed=[False, False, False, False, False] | depleted=[False, False, False, False, False] | phase=rescue | reward=-13.90
2026-08-29 18:41:55,355 INFO px4med.coordinator: Episode 0 step 44/500 | actions=[0, 0, 1, 4, 0] | sim_pos=[(0, 0), (1, 0), (0, 4), (0, 8), (4, 17)] | pending=21 | deliveries=[] | landed=[False, False, False, False, False] | depleted=[False, False, False, False, False] | phase=rescue | reward=-7.60
2026-08-29 18:41:57,984 INFO px4med.coordinator: Episode 0 step 45/500 | actions=[1, 2, 0, 1, 0] | sim_pos=[(0, 0), (1, 1), (0, 2), (0, 9), (4, 16)] | pending=21 | deliveries=[] | landed=[False, False, False, False, False] | depleted=[False, False, False, False, False] | phase=rescue | reward=-2012.40
2026-08-29 18:42:00,355 INFO px4med.coordinator: Episode 0 step 46/500 | actions=[1, 0, 4, 4, 3] | sim_pos=[(0, 1), (1, 0), (0, 3), (0, 9), (5, 16)] | pending=21 | deliveries=[] | landed=[False, False, False, False, False] | depleted=[False, False, False, False, False] | phase=rescue | reward=-13.90
2026-08-29 18:42:02,347 INFO px4med.coordinator: Episode 0 step 47/500 | actions=[1, 2, 1, 4, 0] | sim_pos=[(0, 0), (1, 1), (0, 3), (0, 9), (4, 15)] | pending=21 | deliveries=[] | landed=[False, False, False, False, False] | depleted=[False, False, False, False, False] | phase=rescue | reward=-2013.90
2026-08-29 18:42:04,350 INFO px4med.coordinator: Episode 0 step 48/500 | actions=[0, 1, 0, 4, 3] | sim_pos=[(0, 0), (1, 1), (0, 2), (0, 9), (6, 16)] | pending=21 | deliveries=[] | landed=[False, False, False, False, False] | depleted=[False, False, False, False, False] | phase=rescue | reward=-13.90
2026-08-29 18:42:07,223 INFO px4med.coordinator: Episode 0 step 49/500 | actions=[1, 2, 3, 4, 0] | sim_pos=[(0, 0), (1, 1), (1, 2), (0, 9), (5, 15)] | pending=21 | deliveries=[] | landed=[False, False, False, False, False] | depleted=[False, False, False, False, False] | phase=rescue | reward=-2013.90
2026-08-29 18:42:09,344 INFO px4med.coordinator: Episode 0 step 50/500 | actions=[1, 0, 0, 1, 0] | sim_pos=[(0, 0), (1, 0), (0, 2), (0, 10), (6, 15)] | pending=21 | deliveries=[] | landed=[False, False, False, False, False] | depleted=[False, False, False, False, False] | phase=rescue | reward=-2015.40
2026-08-29 18:42:11,225 INFO px4med.coordinator: Episode 0 step 51/500 | actions=[3, 2, 1, 4, 3] | sim_pos=[(1, 0), (0, 1), (1, 3), (0, 9), (6, 15)] | pending=21 | deliveries=[] | landed=[False, False, False, False, False] | depleted=[False, False, False, False, False] | phase=rescue | reward=-13.90
2026-08-29 18:42:13,357 INFO px4med.coordinator: Episode 0 step 52/500 | actions=[1, 2, 0, 0, 0] | sim_pos=[(0, 0), (0, 0), (0, 2), (0, 9), (6, 14)] | pending=21 | deliveries=[] | landed=[False, False, False, False, False] | depleted=[False, False, False, False, False] | phase=rescue | reward=-2012.40
2026-08-29 18:42:15,348 INFO px4med.coordinator: Episode 0 step 53/500 | actions=[1, 0, 0, 4, 0] | sim_pos=[(1, 1), (0, 0), (1, 2), (0, 9), (6, 14)] | pending=21 | deliveries=[] | landed=[False, False, False, False, False] | depleted=[False, False, False, False, False] | phase=rescue | reward=-13.90
2026-08-29 18:42:17,340 INFO px4med.coordinator: Episode 0 step 54/500 | actions=[1, 1, 4, 1, 2] | sim_pos=[(0, 1), (0, 0), (0, 2), (0, 10), (5, 14)] | pending=21 | deliveries=[] | landed=[False, False, False, False, False] | depleted=[False, False, False, False, False] | phase=rescue | reward=-18.40
2026-08-29 18:42:18,991 INFO px4med.coordinator: Episode 0 step 55/500 | actions=[2, 1, 4, 4, 2] | sim_pos=[(1, 1), (0, 0), (1, 2), (0, 9), (5, 14)] | pending=21 | deliveries=[] | landed=[False, False, False, False, False] | depleted=[False, False, False, False, False] | phase=rescue | reward=-2016.90
2026-08-29 18:42:20,343 INFO px4med.coordinator: Episode 0 step 56/500 | actions=[0, 1, 1, 0, 0] | sim_pos=[(0, 0), (0, 1), (0, 3), (0, 9), (5, 13)] | pending=21 | deliveries=[] | landed=[False, False, False, False, False] | depleted=[False, False, False, False, False] | phase=rescue | reward=-12.40
2026-08-29 18:42:22,351 INFO px4med.coordinator: Episode 0 step 57/500 | actions=[2, 2, 2, 4, 0] | sim_pos=[(0, 1), (0, 0), (0, 2), (0, 9), (5, 13)] | pending=21 | deliveries=[] | landed=[False, False, False, False, False] | depleted=[False, False, False, False, False] | phase=rescue | reward=-1013.90
2026-08-29 18:42:23,341 INFO px4med.coordinator: Episode 0 step 58/500 | actions=[1, 0, 0, 0, 0] | sim_pos=[(0, 1), (0, 0), (0, 2), (0, 8), (5, 12)] | pending=21 | deliveries=[] | landed=[False, False, False, False, False] | depleted=[False, False, False, False, False] | phase=rescue | reward=-15.40
2026-08-29 18:42:24,362 INFO px4med.coordinator: Episode 0 step 59/500 | actions=[2, 1, 0, 4, 0] | sim_pos=[(0, 0), (0, 1), (0, 2), (0, 9), (5, 12)] | pending=21 | deliveries=[] | landed=[False, False, False, False, False] | depleted=[False, False, False, False, False] | phase=rescue | reward=-1013.90
2026-08-29 18:42:25,342 INFO px4med.coordinator: Episode 0 step 60/500 | actions=[0, 1, 4, 1, 0] | sim_pos=[(0, 0), (0, 1), (0, 2), (0, 9), (5, 11)] | pending=21 | deliveries=[] | landed=[False, False, False, False, False] | depleted=[False, False, False, False, False] | phase=rescue | reward=-12.40
2026-08-29 18:42:26,349 INFO px4med.coordinator: Episode 0 step 61/500 | actions=[1, 0, 0, 1, 0] | sim_pos=[(0, 0), (0, 0), (0, 2), (0, 10), (5, 11)] | pending=21 | deliveries=[] | landed=[False, False, False, False, False] | depleted=[False, False, False, False, False] | phase=rescue | reward=-2015.40
2026-08-29 18:42:28,218 INFO px4med.coordinator: Episode 0 step 62/500 | actions=[1, 1, 0, 1, 0] | sim_pos=[(0, 0), (0, 2), (0, 2), (0, 10), (5, 10)] | pending=21 | deliveries=[] | landed=[False, False, False, False, False] | depleted=[False, False, False, False, False] | phase=rescue | reward=-2015.40
2026-08-29 18:42:30,503 INFO px4med.coordinator: Episode 0 step 63/500 | actions=[3, 1, 3, 0, 2] | sim_pos=[(1, 0), (0, 2), (1, 2), (0, 9), (4, 10)] | pending=21 | deliveries=[] | landed=[False, False, False, False, False] | depleted=[False, False, False, False, False] | phase=rescue | reward=-15.40
2026-08-29 18:42:32,318 INFO px4med.coordinator: Episode 0 step 64/500 | actions=[1, 0, 0, 0, 0] | sim_pos=[(0, 0), (0, 2), (0, 2), (0, 9), (5, 9)] | pending=21 | deliveries=[] | landed=[False, False, False, False, False] | depleted=[False, False, False, False, False] | phase=rescue | reward=-3012.40
2026-08-29 18:42:34,349 INFO px4med.coordinator: Episode 0 step 65/500 | actions=[2, 0, 2, 4, 2] | sim_pos=[(0, 0), (0, 1), (0, 2), (0, 9), (3, 10)] | pending=21 | deliveries=[] | landed=[False, False, False, False, False] | depleted=[False, False, False, False, False] | phase=rescue | reward=-16.90
2026-08-29 18:42:37,228 INFO px4med.coordinator: Episode 0 step 66/500 | actions=[1, 0, 0, 0, 0] | sim_pos=[(0, 0), (0, 0), (0, 2), (0, 8), (4, 9)] | pending=21 | deliveries=[] | landed=[False, False, False, False, False] | depleted=[False, False, False, False, False] | phase=rescue | reward=-2015.40
2026-08-29 18:42:39,354 INFO px4med.coordinator: Episode 0 step 67/500 | actions=[1, 1, 0, 1, 1] | sim_pos=[(0, 0), (0, 2), (0, 2), (0, 10), (3, 11)] | pending=21 | deliveries=[] | landed=[False, False, False, False, False] | depleted=[False, False, False, False, False] | phase=rescue | reward=-2018.40
2026-08-29 18:42:42,228 INFO px4med.coordinator: Episode 0 step 68/500 | actions=[3, 1, 3, 0, 1] | sim_pos=[(1, 0), (0, 2), (1, 2), (0, 8), (3, 11)] | pending=21 | deliveries=[] | landed=[False, False, False, False, False] | depleted=[False, False, False, False, False] | phase=rescue | reward=-18.40
2026-08-29 18:42:44,343 INFO px4med.coordinator: Episode 0 step 69/500 | actions=[2, 0, 0, 1, 1] | sim_pos=[(0, 0), (0, 1), (1, 1), (0, 10), (3, 12)] | pending=21 | deliveries=[] | landed=[False, False, False, False, False] | depleted=[False, False, False, False, False] | phase=rescue | reward=-18.40
2026-08-29 18:42:46,991 INFO px4med.coordinator: Episode 0 step 70/500 | actions=[1, 0, 2, 0, 0] | sim_pos=[(0, 0), (0, 0), (1, 1), (0, 8), (3, 11)] | pending=21 | deliveries=[] | landed=[False, False, False, False, False] | depleted=[False, False, False, False, False] | phase=rescue | reward=-2015.40
2026-08-29 18:42:49,338 INFO px4med.coordinator: Episode 0 step 71/500 | actions=[1, 1, 0, 1, 1] | sim_pos=[(0, 1), (0, 0), (1, 0), (0, 10), (3, 12)] | pending=21 | deliveries=[] | landed=[False, False, False, False, False] | depleted=[False, False, False, False, False] | phase=rescue | reward=-18.40
2026-08-29 18:42:51,351 INFO px4med.coordinator: Episode 0 step 72/500 | actions=[2, 2, 2, 0, 0] | sim_pos=[(0, 1), (0, 0), (1, 0), (0, 8), (3, 11)] | pending=21 | deliveries=[] | landed=[False, False, False, False, False] | depleted=[False, False, False, False, False] | phase=rescue | reward=-4015.40
2026-08-29 18:42:53,986 INFO px4med.coordinator: Episode 0 step 73/500 | actions=[0, 1, 2, 1, 1] | sim_pos=[(0, 1), (0, 1), (1, 0), (0, 10), (3, 12)] | pending=21 | deliveries=[] | landed=[False, False, False, False, False] | depleted=[False, False, False, False, False] | phase=rescue | reward=-2018.40
2026-08-29 18:42:56,343 INFO px4med.coordinator: Episode 0 step 74/500 | actions=[3, 0, 3, 0, 1] | sim_pos=[(1, 1), (0, 0), (2, 0), (0, 8), (3, 13)] | pending=21 | deliveries=[] | landed=[False, False, False, False, False] | depleted=[False, False, False, False, False] | phase=rescue | reward=-18.40
2026-08-29 18:42:58,990 INFO px4med.coordinator: Episode 0 step 75/500 | actions=[2, 1, 1, 1, 0] | sim_pos=[(1, 1), (0, 0), (2, 1), (0, 10), (3, 12)] | pending=21 | deliveries=[] | landed=[False, False, False, False, False] | depleted=[False, False, False, False, False] | phase=rescue | reward=-2015.40
2026-08-29 18:43:01,339 INFO px4med.coordinator: Episode 0 step 76/500 | actions=[0, 2, 2, 0, 1] | sim_pos=[(1, 0), (0, 0), (1, 1), (0, 8), (3, 13)] | pending=21 | deliveries=[] | landed=[False, False, False, False, False] | depleted=[False, False, False, False, False] | phase=rescue | reward=-1018.40
2026-08-29 18:43:03,339 INFO px4med.coordinator: Episode 0 step 77/500 | actions=[2, 3, 0, 1, 0] | sim_pos=[(0, 0), (0, 0), (1, 1), (0, 10), (3, 12)] | pending=21 | deliveries=[] | landed=[False, False, False, False, False] | depleted=[False, False, False, False, False] | phase=rescue | reward=-2015.40
2026-08-29 18:43:05,988 INFO px4med.coordinator: Episode 0 step 78/500 | actions=[1, 3, 2, 1, 1] | sim_pos=[(0, 0), (1, 0), (1, 1), (0, 10), (3, 13)] | pending=21 | deliveries=[] | landed=[False, False, False, False, False] | depleted=[False, False, False, False, False] | phase=rescue | reward=-2018.40
2026-08-29 18:43:07,340 INFO px4med.coordinator: Episode 0 step 79/500 | actions=[3, 2, 2, 0, 1] | sim_pos=[(1, 0), (0, 0), (0, 1), (0, 9), (3, 13)] | pending=21 | deliveries=[] | landed=[False, False, False, False, False] | depleted=[False, False, False, False, False] | phase=rescue | reward=-1015.40
2026-08-29 18:43:09,216 INFO px4med.coordinator: Episode 0 step 80/500 | actions=[1, 2, 2, 0, 0] | sim_pos=[(0, 0), (0, 0), (1, 1), (0, 9), (3, 12)] | pending=22 | deliveries=[] | landed=[False, False, False, False, False] | depleted=[False, False, False, False, False] | phase=rescue | reward=-2012.40
2026-08-29 18:43:11,223 INFO px4med.coordinator: Episode 0 step 81/500 | actions=[2, 3, 2, 1, 0] | sim_pos=[(0, 0), (1, 0), (0, 1), (0, 10), (3, 12)] | pending=22 | deliveries=[] | landed=[False, False, False, False, False] | depleted=[False, False, False, False, False] | phase=rescue | reward=-1015.40
2026-08-29 18:43:12,985 INFO px4med.coordinator: Episode 0 step 82/500 | actions=[1, 1, 3, 1, 3] | sim_pos=[(0, 1), (0, 0), (2, 1), (0, 10), (4, 12)] | pending=22 | deliveries=[] | landed=[False, False, False, False, False] | depleted=[False, False, False, False, False] | phase=rescue | reward=-15.40
2026-08-29 18:43:15,347 INFO px4med.coordinator: Episode 0 step 83/500 | actions=[2, 1, 2, 0, 0] | sim_pos=[(0, 1), (0, 0), (1, 1), (0, 9), (4, 11)] | pending=22 | deliveries=[] | landed=[False, False, False, False, False] | depleted=[False, False, False, False, False] | phase=rescue | reward=-4012.40
2026-08-29 18:43:17,219 INFO px4med.coordinator: Episode 0 step 84/500 | actions=[2, 1, 2, 4, 3] | sim_pos=[(0, 1), (0, 0), (1, 1), (0, 10), (5, 12)] | pending=22 | deliveries=[] | landed=[False, False, False, False, False] | depleted=[False, False, False, False, False] | phase=rescue | reward=-3013.90
2026-08-29 18:43:19,348 INFO px4med.coordinator: Episode 0 step 85/500 | actions=[2, 3, 2, 1, 1] | sim_pos=[(0, 1), (1, 0), (1, 1), (0, 10), (4, 12)] | pending=22 | deliveries=[] | landed=[False, False, False, False, False] | depleted=[False, False, False, False, False] | phase=rescue | reward=-3018.40
2026-08-29 18:43:21,315 INFO px4med.coordinator: Episode 0 step 86/500 | actions=[4, 1, 2, 0, 0] | sim_pos=[(0, 1), (0, 0), (1, 1), (0, 9), (5, 11)] | pending=22 | deliveries=[] | landed=[False, False, False, False, False] | depleted=[False, False, False, False, False] | phase=rescue | reward=-3012.40
2026-08-29 18:43:23,345 INFO px4med.coordinator: Episode 0 step 87/500 | actions=[4, 3, 2, 1, 1] | sim_pos=[(0, 1), (2, 0), (1, 1), (0, 11), (4, 13)] | pending=22 | deliveries=[] | landed=[False, False, False, False, False] | depleted=[False, False, False, False, False] | phase=rescue | reward=-2018.40
2026-08-29 18:43:26,217 INFO px4med.coordinator: Episode 0 step 88/500 | actions=[4, 1, 3, 0, 1] | sim_pos=[(0, 1), (1, 1), (2, 1), (0, 9), (4, 13)] | pending=22 | deliveries=[] | landed=[False, False, False, False, False] | depleted=[False, False, False, False, False] | phase=rescue | reward=-15.40
2026-08-29 18:43:28,340 INFO px4med.coordinator: Episode 0 step 89/500 | actions=[0, 2, 2, 0, 0] | sim_pos=[(0, 0), (0, 1), (1, 1), (0, 9), (4, 12)] | pending=22 | deliveries=[] | landed=[False, False, False, False, False] | depleted=[False, False, False, False, False] | phase=rescue | reward=-12.40
2026-08-29 18:43:30,218 INFO px4med.coordinator: Episode 0 step 90/500 | actions=[0, 2, 2, 4, 0] | sim_pos=[(0, 0), (0, 1), (1, 1), (0, 9), (4, 12)] | pending=22 | deliveries=[] | landed=[False, False, False, False, False] | depleted=[False, False, False, False, False] | phase=rescue | reward=-13.90
2026-08-29 18:43:31,343 INFO px4med.coordinator: Episode 0 step 91/500 | actions=[1, 0, 0, 1, 1] | sim_pos=[(0, 1), (0, 0), (1, 0), (0, 10), (4, 13)] | pending=22 | deliveries=[] | landed=[False, False, False, False, False] | depleted=[False, False, False, False, False] | phase=rescue | reward=-18.40
2026-08-29 18:43:33,322 INFO px4med.coordinator: Episode 0 step 92/500 | actions=[1, 0, 2, 0, 0] | sim_pos=[(0, 0), (0, 0), (1, 1), (0, 8), (4, 11)] | pending=22 | deliveries=[] | landed=[False, False, False, False, False] | depleted=[False, False, False, False, False] | phase=rescue | reward=-2015.40
2026-08-29 18:43:35,341 INFO px4med.coordinator: Episode 0 step 93/500 | actions=[3, 1, 0, 4, 3] | sim_pos=[(0, 0), (0, 1), (1, 1), (0, 9), (5, 12)] | pending=22 | deliveries=[] | landed=[False, False, False, False, False] | depleted=[False, False, False, False, False] | phase=rescue | reward=-2013.90
2026-08-29 18:43:37,571 INFO px4med.coordinator: Episode 0 step 94/500 | actions=[3, 2, 3, 0, 1] | sim_pos=[(1, 0), (0, 0), (2, 1), (0, 7), (4, 12)] | pending=22 | deliveries=[] | landed=[False, False, False, False, False] | depleted=[False, False, False, False, False] | phase=rescue | reward=-1018.40
2026-08-29 18:43:40,312 INFO px4med.coordinator: Episode 0 step 95/500 | actions=[2, 2, 2, 4, 0] | sim_pos=[(1, 0), (0, 0), (1, 1), (0, 8), (4, 11)] | pending=22 | deliveries=[] | landed=[False, False, False, False, False] | depleted=[False, False, False, False, False] | phase=rescue | reward=-3013.90
2026-08-29 18:43:42,318 INFO px4med.coordinator: Episode 0 step 96/500 | actions=[2, 4, 0, 1, 3] | sim_pos=[(1, 0), (0, 0), (2, 0), (0, 8), (5, 12)] | pending=22 | deliveries=[] | landed=[False, False, False, False, False] | depleted=[False, False, False, False, False] | phase=rescue | reward=-2012.40
2026-08-29 18:43:44,342 INFO px4med.coordinator: Episode 0 step 97/500 | actions=[3, 4, 2, 0, 0] | sim_pos=[(2, 0), (0, 0), (0, 1), (0, 7), (4, 10)] | pending=22 | deliveries=[] | landed=[False, False, False, False, False] | depleted=[False, False, False, False, False] | phase=rescue | reward=-15.40
2026-08-29 18:43:47,230 INFO px4med.coordinator: Episode 0 step 98/500 | actions=[2, 1, 0, 4, 1] | sim_pos=[(2, 0), (0, 1), (1, 1), (0, 7), (4, 12)] | pending=22 | deliveries=[] | landed=[False, False, False, False, False] | depleted=[False, False, False, False, False] | phase=rescue | reward=-2016.90
2026-08-29 18:43:49,357 INFO px4med.coordinator: Episode 0 step 99/500 | actions=[3, 0, 2, 0, 0] | sim_pos=[(3, 0), (0, 0), (0, 1), (0, 6), (4, 10)] | pending=22 | deliveries=[] | landed=[False, False, False, False, False] | depleted=[False, False, False, False, False] | phase=rescue | reward=-15.40
2026-08-29 18:43:52,220 INFO px4med.coordinator: Episode 0 step 100/500 | actions=[2, 1, 0, 1, 3] | sim_pos=[(2, 0), (0, 1), (0, 0), (0, 7), (5, 11)] | pending=22 | deliveries=[] | landed=[False, False, False, False, False] | depleted=[False, False, False, False, False] | phase=rescue | reward=-12.40
2026-08-29 18:43:54,356 INFO px4med.coordinator: Episode 0 step 101/500 | actions=[2, 2, 0, 1, 2] | sim_pos=[(2, 0), (0, 0), (0, 1), (0, 7), (3, 10)] | pending=22 | deliveries=[] | landed=[False, False, False, False, False] | depleted=[False, False, False, False, False] | phase=rescue | reward=-3015.40
2026-08-29 18:43:57,219 INFO px4med.coordinator: Episode 0 step 102/500 | actions=[2, 3, 3, 0, 0] | sim_pos=[(2, 0), (0, 0), (1, 1), (0, 6), (4, 9)] | pending=22 | deliveries=[] | landed=[False, False, False, False, False] | depleted=[False, False, False, False, False] | phase=rescue | reward=-2015.40
2026-08-29 18:43:59,348 INFO px4med.coordinator: Episode 0 step 103/500 | actions=[3, 3, 1, 0, 1] | sim_pos=[(3, 0), (1, 0), (0, 2), (0, 6), (3, 11)] | pending=22 | deliveries=[] | landed=[False, False, False, False, False] | depleted=[False, False, False, False, False] | phase=rescue | reward=-18.40
2026-08-29 18:44:02,231 INFO px4med.coordinator: Episode 0 step 104/500 | actions=[2, 2, 0, 0, 0] | sim_pos=[(2, 0), (0, 0), (0, 1), (0, 5), (3, 9)] | pending=22 | deliveries=[] | landed=[False, False, False, False, False] | depleted=[False, False, False, False, False] | phase=rescue | reward=-15.40
2026-08-29 18:44:04,362 INFO px4med.coordinator: Episode 0 step 105/500 | actions=[2, 3, 0, 0, 1] | sim_pos=[(2, 0), (0, 0), (0, 0), (0, 4), (3, 11)] | pending=22 | deliveries=[] | landed=[False, False, False, False, False] | depleted=[False, False, False, False, False] | phase=rescue | reward=-2018.40
2026-08-29 18:44:07,231 INFO px4med.coordinator: Episode 0 step 106/500 | actions=[3, 3, 1, 0, 0] | sim_pos=[(3, 0), (1, 0), (0, 1), (0, 3), (3, 9)] | pending=22 | deliveries=[] | landed=[False, False, False, False, False] | depleted=[False, False, False, False, False] | phase=rescue | reward=-18.70
2026-08-29 18:44:09,349 INFO px4med.coordinator: Episode 0 step 107/500 | actions=[2, 2, 0, 0, 1] | sim_pos=[(2, 0), (1, 0), (0, 1), (0, 2), (3, 11)] | pending=22 | deliveries=[] | landed=[False, False, False, False, False] | depleted=[False, False, False, False, False] | phase=rescue | reward=-2021.70
2026-08-29 18:44:11,351 INFO px4med.coordinator: Episode 0 step 108/500 | actions=[2, 2, 3, 0, 0] | sim_pos=[(1, 0), (0, 0), (1, 1), (0, 1), (3, 9)] | pending=22 | deliveries=[] | landed=[False, False, False, False, False] | depleted=[False, False, False, False, False] | phase=rescue | reward=-18.70
2026-08-29 18:44:13,352 INFO px4med.coordinator: Episode 0 step 109/500 | actions=[2, 0, 2, 0, 1] | sim_pos=[(1, 0), (0, 0), (0, 1), (0, 1), (3, 11)] | pending=22 | deliveries=[] | landed=[False, False, False, False, False] | depleted=[False, False, False, False, False] | phase=rescue | reward=-4021.70
2026-08-29 18:44:15,364 INFO px4med.coordinator: Episode 0 step 110/500 | actions=[3, 3, 0, 3, 0] | sim_pos=[(2, 0), (1, 0), (0, 0), (1, 1), (3, 9)] | pending=22 | deliveries=[] | landed=[False, False, False, False, False] | depleted=[False, False, False, False, False] | phase=rescue | reward=-18.70
2026-08-29 18:44:18,245 INFO px4med.coordinator: Episode 0 step 111/500 | actions=[2, 2, 1, 2, 1] | sim_pos=[(1, 0), (0, 0), (0, 0), (1, 1), (3, 11)] | pending=22 | deliveries=[] | landed=[False, False, False, False, False] | depleted=[False, False, False, False, False] | phase=rescue | reward=-2021.70
2026-08-29 18:44:20,355 INFO px4med.coordinator: Episode 0 step 112/500 | actions=[2, 0, 3, 0, 0] | sim_pos=[(1, 0), (0, 0), (0, 0), (1, 1), (3, 9)] | pending=22 | deliveries=[] | landed=[False, False, False, False, False] | depleted=[False, False, False, False, False] | phase=rescue | reward=-5018.70
2026-08-29 18:44:23,225 INFO px4med.coordinator: Episode 0 step 113/500 | actions=[3, 3, 3, 3, 1] | sim_pos=[(2, 0), (1, 0), (0, 0), (2, 1), (3, 11)] | pending=22 | deliveries=[] | landed=[False, False, False, False, False] | depleted=[False, False, False, False, False] | phase=rescue | reward=-21.70
2026-08-29 18:44:25,355 INFO px4med.coordinator: Episode 0 step 114/500 | actions=[2, 2, 1, 2, 0] | sim_pos=[(1, 0), (0, 0), (0, 1), (1, 1), (3, 9)] | pending=22 | deliveries=[] | landed=[False, False, False, False, False] | depleted=[False, False, False, False, False] | phase=rescue | reward=-18.70
2026-08-29 18:44:27,354 INFO px4med.coordinator: Episode 0 step 115/500 | actions=[2, 1, 2, 2, 1] | sim_pos=[(0, 0), (0, 0), (0, 1), (1, 1), (3, 11)] | pending=22 | deliveries=[] | landed=[False, False, False, False, False] | depleted=[False, False, False, False, False] | phase=rescue | reward=-4021.70
2026-08-29 18:44:29,358 INFO px4med.coordinator: Episode 0 step 116/500 | actions=[0, 3, 0, 2, 0] | sim_pos=[(0, 0), (1, 0), (0, 1), (0, 1), (3, 9)] | pending=22 | deliveries=[] | landed=[False, False, False, False, False] | depleted=[False, False, False, False, False] | phase=rescue | reward=-3018.70
2026-08-29 18:44:32,230 INFO px4med.coordinator: Episode 0 step 117/500 | actions=[3, 2, 3, 0, 1] | sim_pos=[(1, 0), (1, 0), (1, 1), (0, 1), (3, 11)] | pending=22 | deliveries=[] | landed=[False, False, False, False, False] | depleted=[False, False, False, False, False] | phase=rescue | reward=-2021.70
2026-08-29 18:44:34,356 INFO px4med.coordinator: Episode 0 step 118/500 | actions=[2, 3, 2, 3, 0] | sim_pos=[(0, 0), (2, 0), (0, 1), (1, 1), (3, 9)] | pending=22 | deliveries=[] | landed=[False, False, False, False, False] | depleted=[False, False, False, False, False] | phase=rescue | reward=-18.70
2026-08-29 18:44:36,356 INFO px4med.coordinator: Episode 0 step 119/500 | actions=[1, 2, 0, 2, 1] | sim_pos=[(0, 0), (1, 0), (0, 0), (1, 1), (3, 11)] | pending=22 | deliveries=[] | landed=[False, False, False, False, False] | depleted=[False, False, False, False, False] | phase=rescue | reward=-2021.70
2026-08-29 18:44:38,349 INFO px4med.coordinator: Episode 0 step 120/500 | actions=[3, 2, 2, 2, 0] | sim_pos=[(1, 0), (1, 0), (0, 0), (0, 1), (3, 9)] | pending=23 | deliveries=[] | landed=[False, False, False, False, False] | depleted=[False, False, False, False, False] | phase=rescue | reward=-3018.70
2026-08-29 18:44:41,225 INFO px4med.coordinator: Episode 0 step 121/500 | actions=[2, 3, 3, 0, 3] | sim_pos=[(1, 0), (2, 0), (1, 0), (0, 1), (4, 10)] | pending=23 | deliveries=[] | landed=[False, False, False, False, False] | depleted=[False, False, False, False, False] | phase=rescue | reward=-2018.70
2026-08-29 18:44:43,362 INFO px4med.coordinator: Episode 0 step 122/500 | actions=[3, 3, 1, 3, 1] | sim_pos=[(2, 0), (1, 0), (0, 1), (1, 1), (3, 10)] | pending=23 | deliveries=[] | landed=[False, False, False, False, False] | depleted=[False, False, False, False, False] | phase=rescue | reward=-21.70
2026-08-29 18:44:45,353 INFO px4med.coordinator: Episode 0 step 123/500 | actions=[1, 2, 3, 0, 0] | sim_pos=[(1, 1), (1, 0), (2, 0), (0, 0), (4, 9)] | pending=23 | deliveries=[] | landed=[False, False, False, False, False] | depleted=[False, False, False, False, False] | phase=rescue | reward=-18.70
2026-08-29 18:44:48,237 INFO px4med.coordinator: Episode 0 step 124/500 | actions=[2, 2, 2, 1, 4] | sim_pos=[(1, 1), (0, 0), (1, 0), (0, 0), (4, 9)] | pending=23 | deliveries=[] | landed=[False, False, False, False, False] | depleted=[False, False, False, False, False] | phase=rescue | reward=-2020.20
2026-08-29 18:44:49,536 INFO px4med.coordinator: Episode 0 step 125/500 | actions=[3, 2, 2, 3, 3] | sim_pos=[(2, 1), (0, 0), (2, 0), (0, 0), (5, 9)] | pending=23 | deliveries=[] | landed=[False, False, False, False, False] | depleted=[False, False, False, False, False] | phase=rescue | reward=-2018.70
2026-08-29 18:44:52,997 INFO px4med.coordinator: Episode 0 step 126/500 | actions=[2, 2, 3, 3, 1] | sim_pos=[(1, 1), (0, 0), (3, 0), (1, 0), (5, 10)] | pending=23 | deliveries=[] | landed=[False, False, False, False, False] | depleted=[False, False, False, False, False] | phase=rescue | reward=-1021.70
2026-08-29 18:44:56,328 INFO px4med.coordinator: Episode 0 step 127/500 | actions=[0, 3, 2, 2, 3] | sim_pos=[(1, 1), (0, 0), (2, 0), (0, 0), (6, 10)] | pending=23 | deliveries=[] | landed=[False, False, False, False, False] | depleted=[False, False, False, False, False] | phase=rescue | reward=-2018.70
2026-08-29 18:44:58,345 INFO px4med.coordinator: Episode 0 step 128/500 | actions=[3, 3, 2, 2, 1] | sim_pos=[(2, 1), (1, 0), (2, 0), (0, 0), (5, 11)] | pending=23 | deliveries=[] | landed=[False, False, False, False, False] | depleted=[False, False, False, False, False] | phase=rescue | reward=-21.70
2026-08-29 18:45:00,355 INFO px4med.coordinator: Episode 0 step 129/500 | actions=[2, 3, 2, 3, 0] | sim_pos=[(0, 1), (0, 0), (2, 0), (0, 0), (6, 9)] | pending=22 | deliveries=[20] | landed=[False, False, False, False, False] | depleted=[False, False, False, False, False] | phase=rescue | reward=-1895.00
2026-08-29 18:45:03,229 INFO px4med.coordinator: Episode 0 step 130/500 | actions=[0, 3, 3, 1, 0] | sim_pos=[(1, 1), (0, 0), (3, 0), (0, 1), (6, 9)] | pending=22 | deliveries=[] | landed=[False, False, False, False, False] | depleted=[False, False, False, False, False] | phase=rescue | reward=-2021.70
2026-08-29 18:45:05,233 INFO px4med.coordinator: Episode 0 step 131/500 | actions=[3, 3, 3, 1, 0] | sim_pos=[(1, 1), (1, 0), (3, 0), (0, 1), (6, 8)] | pending=22 | deliveries=[] | landed=[False, False, False, False, False] | depleted=[False, False, False, False, False] | phase=rescue | reward=-21.70
2026-08-29 18:45:07,005 INFO px4med.coordinator: Episode 0 step 132/500 | actions=[0, 3, 2, 0, 0] | sim_pos=[(1, 1), (0, 0), (2, 0), (0, 0), (6, 8)] | pending=22 | deliveries=[] | landed=[False, False, False, False, False] | depleted=[False, False, False, False, False] | phase=rescue | reward=-2021.70
2026-08-29 18:45:08,354 INFO px4med.coordinator: Episode 0 step 133/500 | actions=[3, 3, 2, 3, 0] | sim_pos=[(2, 1), (1, 0), (3, 0), (1, 1), (6, 7)] | pending=22 | deliveries=[] | landed=[False, False, False, False, False] | depleted=[False, False, False, False, False] | phase=rescue | reward=-2021.70
2026-08-29 18:45:10,353 INFO px4med.coordinator: Episode 0 step 134/500 | actions=[0, 3, 3, 3, 0] | sim_pos=[(1, 1), (0, 0), (3, 0), (0, 0), (6, 7)] | pending=22 | deliveries=[] | landed=[False, False, False, False, False] | depleted=[False, False, False, False, False] | phase=rescue | reward=-3021.70
2026-08-29 18:45:12,358 INFO px4med.coordinator: Episode 0 step 135/500 | actions=[3, 3, 3, 2, 0] | sim_pos=[(3, 1), (2, 0), (4, 0), (0, 1), (6, 6)] | pending=22 | deliveries=[] | landed=[False, False, False, False, False] | depleted=[False, False, False, False, False] | phase=rescue | reward=-21.70
2026-08-29 18:45:14,993 INFO px4med.coordinator: Episode 0 step 136/500 | actions=[0, 3, 2, 0, 0] | sim_pos=[(2, 1), (1, 0), (3, 0), (0, 0), (6, 5)] | pending=22 | deliveries=[] | landed=[False, False, False, False, False] | depleted=[False, False, False, False, False] | phase=rescue | reward=-2021.70
2026-08-29 18:45:16,370 INFO px4med.coordinator: Episode 0 step 137/500 | actions=[3, 3, 2, 1, 0] | sim_pos=[(4, 1), (2, 0), (4, 0), (0, 2), (6, 5)] | pending=22 | deliveries=[] | landed=[False, False, False, False, False] | depleted=[False, False, False, False, False] | phase=rescue | reward=-2015.40
2026-08-29 18:45:19,001 INFO px4med.coordinator: Episode 0 step 138/500 | actions=[2, 3, 3, 0, 0] | sim_pos=[(2, 1), (3, 0), (5, 0), (0, 0), (6, 4)] | pending=22 | deliveries=[] | landed=[False, False, False, False, False] | depleted=[False, False, False, False, False] | phase=rescue | reward=-21.70
2026-08-29 18:45:21,356 INFO px4med.coordinator: Episode 0 step 139/500 | actions=[0, 2, 2, 0, 0] | sim_pos=[(3, 0), (2, 0), (4, 0), (0, 0), (6, 3)] | pending=22 | deliveries=[] | landed=[False, False, False, False, False] | depleted=[False, False, False, False, False] | phase=rescue | reward=-21.70
2026-08-29 18:45:23,358 INFO px4med.coordinator: Episode 0 step 140/500 | actions=[2, 2, 2, 3, 0] | sim_pos=[(1, 1), (2, 0), (4, 0), (1, 0), (6, 3)] | pending=22 | deliveries=[] | landed=[False, False, False, False, False] | depleted=[False, False, False, False, False] | phase=rescue | reward=-21.70
2026-08-29 18:45:26,002 INFO px4med.coordinator: Episode 0 step 141/500 | actions=[0, 2, 2, 2, 0] | sim_pos=[(2, 0), (1, 0), (3, 0), (0, 0), (6, 2)] | pending=22 | deliveries=[] | landed=[False, False, False, False, False] | depleted=[False, False, False, False, False] | phase=rescue | reward=-21.70
2026-08-29 18:45:28,328 INFO px4med.coordinator: Episode 0 step 142/500 | actions=[0, 2, 2, 2, 0] | sim_pos=[(1, 1), (2, 0), (3, 0), (0, 0), (6, 2)] | pending=22 | deliveries=[] | landed=[False, False, False, False, False] | depleted=[False, False, False, False, False] | phase=rescue | reward=-2021.70
2026-08-29 18:45:30,356 INFO px4med.coordinator: Episode 0 step 143/500 | actions=[3, 3, 2, 3, 0] | sim_pos=[(3, 0), (1, 0), (3, 0), (1, 0), (6, 1)] | pending=22 | deliveries=[] | landed=[False, False, False, False, False] | depleted=[False, False, False, False, False] | phase=rescue | reward=-2021.70
2026-08-29 18:45:33,002 INFO px4med.coordinator: Episode 0 step 144/500 | actions=[2, 1, 3, 1, 2] | sim_pos=[(1, 0), (1, 1), (4, 0), (1, 0), (5, 1)] | pending=22 | deliveries=[] | landed=[False, False, False, False, False] | depleted=[False, False, False, False, False] | phase=rescue | reward=-25.00
2026-08-29 18:45:35,357 INFO px4med.coordinator: Episode 0 step 145/500 | actions=[2, 2, 2, 2, 0] | sim_pos=[(1, 0), (0, 1), (3, 0), (0, 0), (5, 0)] | pending=22 | deliveries=[] | landed=[False, False, False, False, False] | depleted=[False, False, False, False, False] | phase=rescue | reward=-25.00
2026-08-29 18:45:37,233 INFO px4med.coordinator: Episode 0 step 146/500 | actions=[2, 0, 2, 2, 2] | sim_pos=[(0, 0), (1, 1), (3, 0), (1, 0), (4, 1)] | pending=22 | deliveries=[] | landed=[False, False, False, False, False] | depleted=[False, False, False, False, False] | phase=rescue | reward=-2025.00
2026-08-29 18:45:39,364 INFO px4med.coordinator: Episode 0 step 147/500 | actions=[2, 3, 3, 3, 3] | sim_pos=[(0, 0), (1, 1), (4, 0), (1, 0), (6, 0)] | pending=22 | deliveries=[] | landed=[False, False, False, False, False] | depleted=[False, False, False, False, False] | phase=rescue | reward=-25.00
2026-08-29 18:45:42,234 INFO px4med.coordinator: Episode 0 step 148/500 | actions=[3, 1, 2, 3, 3] | sim_pos=[(1, 0), (1, 2), (3, 0), (2, 0), (6, 0)] | pending=22 | deliveries=[] | landed=[False, False, False, False, False] | depleted=[False, False, False, False, False] | phase=rescue | reward=-25.00
2026-08-29 18:45:44,241 INFO px4med.coordinator: Episode 0 step 149/500 | actions=[3, 2, 2, 3, 3] | sim_pos=[(1, 0), (0, 1), (3, 0), (2, 0), (7, 0)] | pending=22 | deliveries=[] | landed=[False, False, False, False, False] | depleted=[False, False, False, False, False] | phase=rescue | reward=-18.70
2026-08-29 18:45:47,358 INFO px4med.coordinator: Episode 0 step 150/500 | actions=[3, 3, 0, 3, 3] | sim_pos=[(2, 0), (1, 1), (4, 1), (0, 1), (8, 0)] | pending=22 | deliveries=[] | landed=[False, False, False, False, False] | depleted=[False, False, False, False, False] | phase=rescue | reward=-18.70
2026-08-29 18:45:49,999 INFO px4med.coordinator: Episode 0 step 151/500 | actions=[3, 1, 2, 0, 3] | sim_pos=[(3, 0), (1, 2), (3, 1), (1, 0), (9, 0)] | pending=22 | deliveries=[] | landed=[False, False, False, False, False] | depleted=[False, False, False, False, False] | phase=rescue | reward=-18.70
2026-08-29 18:45:52,357 INFO px4med.coordinator: Episode 0 step 152/500 | actions=[4, 2, 0, 3, 3] | sim_pos=[(3, 0), (0, 1), (4, 0), (1, 1), (9, 0)] | pending=22 | deliveries=[] | landed=[False, False, False, False, False] | depleted=[False, False, False, False, False] | phase=rescue | reward=-18.70
2026-08-29 18:45:54,361 INFO px4med.coordinator: Episode 0 step 153/500 | actions=[2, 0, 2, 3, 3] | sim_pos=[(3, 0), (1, 1), (2, 1), (1, 0), (10, 0)] | pending=22 | deliveries=[] | landed=[False, False, False, False, False] | depleted=[False, False, False, False, False] | phase=rescue | reward=-2018.70
2026-08-29 18:45:57,237 INFO px4med.coordinator: Episode 0 step 154/500 | actions=[3, 3, 2, 3, 3] | sim_pos=[(4, 0), (1, 1), (3, 1), (2, 0), (11, 0)] | pending=22 | deliveries=[] | landed=[False, False, False, False, False] | depleted=[False, False, False, False, False] | phase=rescue | reward=-2018.70
2026-08-29 18:45:59,241 INFO px4med.coordinator: Episode 0 step 155/500 | actions=[2, 3, 2, 3, 3] | sim_pos=[(3, 0), (2, 1), (1, 1), (1, 0), (11, 0)] | pending=22 | deliveries=[] | landed=[False, False, False, False, False] | depleted=[False, False, False, False, False] | phase=rescue | reward=-2018.70
2026-08-29 18:46:01,509 INFO px4med.coordinator: Episode 0 step 156/500 | actions=[3, 3, 3, 3, 3] | sim_pos=[(4, 0), (3, 1), (2, 1), (2, 0), (12, 0)] | pending=22 | deliveries=[] | landed=[False, False, False, False, False] | depleted=[False, False, False, False, False] | phase=rescue | reward=-18.70
2026-08-29 18:46:03,338 INFO px4med.coordinator: Episode 0 step 157/500 | actions=[3, 3, 0, 3, 3] | sim_pos=[(4, 0), (3, 1), (1, 0), (2, 0), (12, 0)] | pending=22 | deliveries=[] | landed=[False, False, False, False, False] | depleted=[False, False, False, False, False] | phase=rescue | reward=-18.70
2026-08-29 18:46:05,357 INFO px4med.coordinator: Episode 0 step 158/500 | actions=[4, 2, 3, 3, 3] | sim_pos=[(4, 0), (2, 1), (3, 1), (3, 0), (13, 0)] | pending=22 | deliveries=[] | landed=[False, False, False, False, False] | depleted=[False, False, False, False, False] | phase=rescue | reward=-18.70
2026-08-29 18:46:08,354 INFO px4med.coordinator: Episode 0 step 159/500 | actions=[2, 0, 2, 3, 3] | sim_pos=[(3, 0), (2, 0), (3, 1), (4, 0), (14, 0)] | pending=22 | deliveries=[] | landed=[False, False, False, False, False] | depleted=[False, False, False, False, False] | phase=rescue | reward=-18.70
2026-08-29 18:46:11,356 INFO px4med.coordinator: Episode 0 step 160/500 | actions=[2, 3, 0, 2, 3] | sim_pos=[(2, 0), (2, 0), (3, 1), (4, 0), (15, 0)] | pending=23 | deliveries=[] | landed=[False, False, False, False, False] | depleted=[False, False, False, False, False] | phase=rescue | reward=-2975.00
2026-08-29 18:46:13,011 INFO px4med.coordinator: Episode 0 step 161/500 | actions=[3, 3, 3, 3, 3] | sim_pos=[(4, 0), (3, 0), (4, 1), (5, 0), (15, 0)] | pending=23 | deliveries=[] | landed=[False, False, False, False, False] | depleted=[False, False, False, False, False] | phase=rescue | reward=-21.70
2026-08-29 18:46:15,361 INFO px4med.coordinator: Episode 0 step 162/500 | actions=[3, 3, 1, 1, 3] | sim_pos=[(4, 0), (3, 0), (4, 2), (5, 1), (16, 0)] | pending=23 | deliveries=[] | landed=[False, False, False, False, False] | depleted=[False, False, False, False, False] | phase=rescue | reward=-21.70
2026-08-29 18:46:16,377 INFO px4med.coordinator: Episode 0 step 163/500 | actions=[2, 3, 3, 2, 3] | sim_pos=[(3, 0), (3, 0), (5, 1), (5, 0), (16, 0)] | pending=23 | deliveries=[] | landed=[False, False, False, False, False] | depleted=[False, False, False, False, False] | phase=rescue | reward=-2021.70
2026-08-29 18:46:18,360 INFO px4med.coordinator: Episode 0 step 164/500 | actions=[2, 3, 1, 1, 3] | sim_pos=[(3, 0), (4, 0), (4, 2), (5, 2), (17, 0)] | pending=23 | deliveries=[] | landed=[False, False, False, False, False] | depleted=[False, False, False, False, False] | phase=rescue | reward=-1021.70
2026-08-29 18:46:20,357 INFO px4med.coordinator: Episode 0 step 165/500 | actions=[3, 4, 3, 2, 3] | sim_pos=[(3, 0), (4, 0), (5, 2), (4, 1), (18, 0)] | pending=23 | deliveries=[] | landed=[False, False, False, False, False] | depleted=[False, False, False, False, False] | phase=rescue | reward=-2021.70
2026-08-29 18:46:22,358 INFO px4med.coordinator: Episode 0 step 166/500 | actions=[3, 3, 1, 0, 3] | sim_pos=[(4, 0), (5, 0), (4, 2), (5, 1), (18, 0)] | pending=23 | deliveries=[] | landed=[False, False, False, False, False] | depleted=[False, False, False, False, False] | phase=rescue | reward=-1021.70
2026-08-29 18:46:24,230 INFO px4med.coordinator: Episode 0 step 167/500 | actions=[3, 3, 1, 3, 3] | sim_pos=[(4, 0), (5, 0), (5, 3), (5, 1), (19, 0)] | pending=23 | deliveries=[] | landed=[False, False, False, False, False] | depleted=[False, False, False, False, False] | phase=rescue | reward=-21.70
2026-08-29 18:46:26,356 INFO px4med.coordinator: Episode 0 step 168/500 | actions=[4, 4, 3, 1, 3] | sim_pos=[(4, 0), (5, 0), (4, 2), (5, 1), (19, 0)] | pending=23 | deliveries=[] | landed=[False, False, False, False, False] | depleted=[False, False, False, False, False] | phase=rescue | reward=-2021.70
2026-08-29 18:46:28,354 INFO px4med.coordinator: Episode 0 step 169/500 | actions=[3, 2, 3, 3, 3] | sim_pos=[(5, 0), (4, 0), (6, 3), (6, 1), (20, 0)] | pending=23 | deliveries=[] | landed=[False, False, False, False, False] | depleted=[False, False, False, False, False] | phase=rescue | reward=-21.70
2026-08-29 18:46:31,236 INFO px4med.coordinator: Episode 0 step 170/500 | actions=[4, 4, 1, 3, 3] | sim_pos=[(5, 0), (4, 0), (5, 4), (7, 1), (21, 0)] | pending=23 | deliveries=[] | landed=[False, False, False, False, False] | depleted=[False, False, False, False, False] | phase=rescue | reward=-15.40
2026-08-29 18:46:33,356 INFO px4med.coordinator: Episode 0 step 171/500 | actions=[2, 3, 3, 3, 3] | sim_pos=[(4, 0), (5, 0), (7, 3), (7, 1), (21, 0)] | pending=23 | deliveries=[] | landed=[False, False, False, False, False] | depleted=[False, False, False, False, False] | phase=rescue | reward=-21.70
2026-08-29 18:46:36,239 INFO px4med.coordinator: Episode 0 step 172/500 | actions=[3, 4, 3, 4, 3] | sim_pos=[(4, 0), (5, 0), (7, 3), (7, 1), (22, 0)] | pending=23 | deliveries=[] | landed=[False, False, False, False, False] | depleted=[False, False, False, False, False] | phase=rescue | reward=-2018.70
2026-08-29 18:46:37,356 INFO px4med.coordinator: Episode 0 step 173/500 | actions=[3, 3, 0, 3, 3] | sim_pos=[(5, 0), (6, 0), (7, 2), (8, 1), (22, 0)] | pending=23 | deliveries=[] | landed=[False, False, False, False, False] | depleted=[False, False, False, False, False] | phase=rescue | reward=-18.70
2026-08-29 18:46:39,232 INFO px4med.coordinator: Episode 0 step 174/500 | actions=[4, 4, 4, 1, 3] | sim_pos=[(4, 0), (5, 0), (7, 3), (7, 2), (23, 0)] | pending=23 | deliveries=[] | landed=[False, False, False, False, False] | depleted=[False, False, False, False, False] | phase=rescue | reward=-18.70
2026-08-29 18:46:41,364 INFO px4med.coordinator: Episode 0 step 175/500 | actions=[3, 2, 3, 3, 3] | sim_pos=[(6, 0), (5, 0), (8, 2), (9, 1), (23, 0)] | pending=23 | deliveries=[] | landed=[False, False, False, False, False] | depleted=[False, False, False, False, False] | phase=rescue | reward=-18.70
2026-08-29 18:46:44,000 INFO px4med.coordinator: Episode 0 step 176/500 | actions=[3, 3, 2, 1, 3] | sim_pos=[(6, 0), (5, 0), (7, 2), (8, 2), (24, 0)] | pending=23 | deliveries=[] | landed=[False, False, False, False, False] | depleted=[False, False, False, False, False] | phase=rescue | reward=-18.70
2026-08-29 18:46:46,331 INFO px4med.coordinator: Episode 0 step 177/500 | actions=[2, 3, 3, 3, 3] | sim_pos=[(5, 0), (6, 0), (9, 2), (10, 1), (24, 0)] | pending=23 | deliveries=[] | landed=[False, False, False, False, False] | depleted=[False, False, False, False, False] | phase=rescue | reward=-18.70
2026-08-29 18:46:49,003 INFO px4med.coordinator: Episode 0 step 178/500 | actions=[3, 4, 2, 4, 3] | sim_pos=[(5, 0), (6, 0), (7, 2), (9, 1), (25, 0)] | pending=23 | deliveries=[] | landed=[False, False, False, False, False] | depleted=[False, False, False, False, False] | phase=rescue | reward=-2018.70
2026-08-29 18:46:51,354 INFO px4med.coordinator: Episode 0 step 179/500 | actions=[3, 3, 0, 3, 3] | sim_pos=[(6, 0), (7, 0), (8, 1), (10, 1), (26, 0)] | pending=23 | deliveries=[] | landed=[False, False, False, False, False] | depleted=[False, False, False, False, False] | phase=rescue | reward=-18.70
2026-08-29 18:46:53,362 INFO px4med.coordinator: Episode 0 step 180/500 | actions=[3, 4, 4, 4, 3] | sim_pos=[(5, 0), (6, 0), (7, 2), (9, 1), (26, 0)] | pending=23 | deliveries=[] | landed=[False, False, False, False, False] | depleted=[False, False, False, False, False] | phase=rescue | reward=-2018.70
2026-08-29 18:46:55,356 INFO px4med.coordinator: Episode 0 step 181/500 | actions=[3, 3, 3, 3, 3] | sim_pos=[(7, 0), (8, 0), (9, 1), (11, 1), (27, 0)] | pending=23 | deliveries=[] | landed=[False, False, False, False, False] | depleted=[False, False, False, False, False] | phase=rescue | reward=-18.70
2026-08-29 18:46:58,242 INFO px4med.coordinator: Episode 0 step 182/500 | actions=[4, 4, 2, 2, 3] | sim_pos=[(6, 0), (7, 0), (7, 1), (9, 1), (28, 0)] | pending=23 | deliveries=[] | landed=[False, False, False, False, False] | depleted=[False, False, False, False, False] | phase=rescue | reward=-18.70
2026-08-29 18:47:00,368 INFO px4med.coordinator: Episode 0 step 183/500 | actions=[3, 3, 3, 3, 3] | sim_pos=[(7, 0), (8, 0), (9, 1), (11, 1), (29, 0)] | pending=23 | deliveries=[] | landed=[False, False, False, False, False] | depleted=[False, False, False, False, False] | phase=rescue | reward=-18.70
2026-08-29 18:47:03,011 INFO px4med.coordinator: Episode 0 step 184/500 | actions=[4, 4, 2, 2, 3] | sim_pos=[(7, 0), (8, 0), (7, 1), (9, 1), (30, 0)] | pending=23 | deliveries=[] | landed=[False, False, False, False, False] | depleted=[False, False, False, False, False] | phase=rescue | reward=-21.70
2026-08-29 18:47:05,367 INFO px4med.coordinator: Episode 0 step 185/500 | actions=[3, 3, 3, 3, 3] | sim_pos=[(8, 0), (9, 0), (9, 1), (11, 1), (31, 0)] | pending=23 | deliveries=[] | landed=[False, False, False, False, False] | depleted=[False, False, False, False, False] | phase=rescue | reward=-21.70
2026-08-29 18:47:08,009 INFO px4med.coordinator: Episode 0 step 186/500 | actions=[4, 4, 2, 2, 3] | sim_pos=[(8, 0), (9, 0), (7, 1), (9, 1), (32, 0)] | pending=23 | deliveries=[] | landed=[False, False, False, False, False] | depleted=[False, False, False, False, False] | phase=rescue | reward=-21.70
2026-08-29 18:47:10,545 INFO px4med.coordinator: Episode 0 step 187/500 | actions=[3, 3, 3, 3, 3] | sim_pos=[(9, 0), (10, 0), (9, 1), (11, 1), (33, 0)] | pending=23 | deliveries=[] | landed=[False, False, False, False, False] | depleted=[False, False, False, False, False] | phase=rescue | reward=-21.70
2026-08-29 18:47:13,243 INFO px4med.coordinator: Episode 0 step 188/500 | actions=[4, 3, 3, 3, 3] | sim_pos=[(9, 0), (11, 0), (9, 1), (11, 1), (34, 0)] | pending=23 | deliveries=[] | landed=[False, False, False, False, False] | depleted=[False, False, False, False, False] | phase=rescue | reward=-21.70
2026-08-29 18:47:14,372 INFO px4med.coordinator: Episode 0 step 189/500 | actions=[3, 4, 3, 3, 3] | sim_pos=[(9, 0), (10, 0), (10, 1), (12, 1), (34, 0)] | pending=23 | deliveries=[] | landed=[False, False, False, False, False] | depleted=[False, False, False, False, False] | phase=rescue | reward=-2021.70
2026-08-29 18:47:15,383 INFO px4med.coordinator: Episode 0 step 190/500 | actions=[3, 3, 3, 3, 3] | sim_pos=[(10, 0), (12, 0), (10, 1), (12, 1), (35, 0)] | pending=23 | deliveries=[] | landed=[False, False, False, False, False] | depleted=[False, False, False, False, False] | phase=rescue | reward=-21.70
2026-08-29 18:47:17,370 INFO px4med.coordinator: Episode 0 step 191/500 | actions=[3, 3, 3, 3, 3] | sim_pos=[(11, 0), (12, 0), (11, 1), (13, 1), (36, 0)] | pending=23 | deliveries=[] | landed=[False, False, False, False, False] | depleted=[False, False, False, False, False] | phase=rescue | reward=-21.70
2026-08-29 18:47:19,029 INFO px4med.coordinator: Episode 0 step 192/500 | actions=[3, 3, 3, 3, 3] | sim_pos=[(11, 0), (13, 0), (11, 1), (13, 1), (36, 0)] | pending=23 | deliveries=[] | landed=[False, False, False, False, False] | depleted=[False, False, False, False, False] | phase=rescue | reward=-21.70
2026-08-29 18:47:20,372 INFO px4med.coordinator: Episode 0 step 193/500 | actions=[3, 3, 3, 3, 3] | sim_pos=[(12, 0), (13, 0), (12, 1), (14, 1), (37, 0)] | pending=23 | deliveries=[] | landed=[False, False, False, False, False] | depleted=[False, False, False, False, False] | phase=rescue | reward=-21.70
2026-08-29 18:47:21,373 INFO px4med.coordinator: Episode 0 step 194/500 | actions=[3, 3, 3, 3, 3] | sim_pos=[(12, 0), (14, 0), (12, 1), (14, 1), (37, 0)] | pending=23 | deliveries=[] | landed=[False, False, False, False, False] | depleted=[False, False, False, False, False] | phase=rescue | reward=-21.70
2026-08-29 18:47:22,374 INFO px4med.coordinator: Episode 0 step 195/500 | actions=[3, 3, 3, 3, 3] | sim_pos=[(13, 0), (14, 0), (13, 1), (15, 1), (38, 0)] | pending=23 | deliveries=[] | landed=[False, False, False, False, False] | depleted=[False, False, False, False, False] | phase=rescue | reward=-21.70
2026-08-29 18:47:24,248 INFO px4med.coordinator: Episode 0 step 196/500 | actions=[3, 3, 3, 3, 3] | sim_pos=[(13, 0), (15, 0), (13, 1), (15, 1), (38, 0)] | pending=23 | deliveries=[] | landed=[False, False, False, False, False] | depleted=[False, False, False, False, False] | phase=rescue | reward=-21.70
2026-08-29 18:47:25,368 INFO px4med.coordinator: Episode 0 step 197/500 | actions=[3, 3, 3, 3, 3] | sim_pos=[(14, 0), (15, 0), (14, 1), (16, 1), (39, 0)] | pending=23 | deliveries=[] | landed=[False, False, False, False, False] | depleted=[False, False, False, False, False] | phase=rescue | reward=-21.70
2026-08-29 18:47:26,372 INFO px4med.coordinator: Episode 0 step 198/500 | actions=[3, 3, 3, 2, 3] | sim_pos=[(14, 0), (16, 0), (13, 1), (15, 1), (39, 0)] | pending=23 | deliveries=[] | landed=[False, False, False, False, False] | depleted=[False, False, False, False, False] | phase=rescue | reward=-2021.70
2026-08-29 18:47:27,370 INFO px4med.coordinator: Episode 0 step 199/500 | actions=[3, 3, 3, 2, 3] | sim_pos=[(15, 0), (16, 0), (14, 1), (16, 1), (40, 0)] | pending=23 | deliveries=[] | landed=[False, False, False, False, False] | depleted=[False, False, False, False, False] | phase=rescue | reward=-2021.70
2026-08-29 18:47:29,247 INFO px4med.coordinator: Episode 0 step 200/500 | actions=[3, 3, 2, 3, 3] | sim_pos=[(15, 0), (17, 0), (12, 1), (16, 1), (40, 0)] | pending=24 | deliveries=[] | landed=[False, False, False, False, False] | depleted=[False, False, False, False, False] | phase=rescue | reward=-15.40
2026-08-29 18:47:31,371 INFO px4med.coordinator: Episode 0 step 201/500 | actions=[3, 3, 0, 3, 3] | sim_pos=[(16, 0), (18, 0), (13, 0), (16, 1), (41, 0)] | pending=24 | deliveries=[] | landed=[False, False, False, False, False] | depleted=[False, False, False, False, False] | phase=rescue | reward=-21.70
2026-08-29 18:47:33,376 INFO px4med.coordinator: Episode 0 step 202/500 | actions=[3, 3, 0, 3, 3] | sim_pos=[(16, 0), (18, 0), (12, 0), (17, 1), (41, 0)] | pending=24 | deliveries=[] | landed=[False, False, False, False, False] | depleted=[False, False, False, False, False] | phase=rescue | reward=-18.40
2026-08-29 18:47:35,261 INFO px4med.coordinator: Episode 0 step 203/500 | actions=[3, 3, 3, 3, 3] | sim_pos=[(17, 0), (19, 0), (14, 0), (17, 1), (42, 0)] | pending=24 | deliveries=[] | landed=[False, False, False, False, False] | depleted=[False, False, False, False, False] | phase=rescue | reward=-21.70
2026-08-29 18:47:37,373 INFO px4med.coordinator: Episode 0 step 204/500 | actions=[3, 3, 2, 3, 3] | sim_pos=[(17, 0), (20, 0), (12, 0), (17, 1), (43, 0)] | pending=24 | deliveries=[] | landed=[False, False, False, False, False] | depleted=[False, False, False, False, False] | phase=rescue | reward=-15.40
2026-08-29 18:47:39,378 INFO px4med.coordinator: Episode 0 step 205/500 | actions=[3, 3, 3, 3, 3] | sim_pos=[(19, 0), (20, 0), (14, 0), (17, 1), (43, 0)] | pending=24 | deliveries=[] | landed=[False, False, False, False, False] | depleted=[False, False, False, False, False] | phase=rescue | reward=-18.40
2026-08-29 18:47:42,257 INFO px4med.coordinator: Episode 0 step 206/500 | actions=[3, 3, 3, 3, 3] | sim_pos=[(19, 0), (21, 0), (14, 0), (18, 1), (44, 0)] | pending=24 | deliveries=[] | landed=[False, False, False, False, False] | depleted=[False, False, False, False, False] | phase=rescue | reward=-18.40
2026-08-29 18:47:44,248 INFO px4med.coordinator: Episode 0 step 207/500 | actions=[3, 3, 3, 3, 3] | sim_pos=[(20, 0), (21, 0), (15, 0), (17, 1), (44, 0)] | pending=24 | deliveries=[] | landed=[False, False, False, False, False] | depleted=[False, False, False, False, False] | phase=rescue | reward=-21.70
2026-08-29 18:47:46,256 INFO px4med.coordinator: Episode 0 step 208/500 | actions=[3, 3, 3, 3, 3] | sim_pos=[(20, 0), (22, 0), (15, 0), (19, 1), (45, 0)] | pending=24 | deliveries=[] | landed=[False, False, False, False, False] | depleted=[False, False, False, False, False] | phase=rescue | reward=-16.90
2026-08-29 18:47:48,370 INFO px4med.coordinator: Episode 0 step 209/500 | actions=[3, 3, 3, 3, 3] | sim_pos=[(21, 0), (23, 0), (16, 0), (19, 1), (46, 0)] | pending=24 | deliveries=[] | landed=[False, False, False, False, False] | depleted=[False, False, False, False, False] | phase=rescue | reward=-15.40
2026-08-29 18:47:50,351 INFO px4med.coordinator: Episode 0 step 210/500 | actions=[3, 3, 3, 3, 3] | sim_pos=[(21, 0), (23, 0), (16, 0), (19, 1), (46, 0)] | pending=24 | deliveries=[] | landed=[False, False, False, False, False] | depleted=[False, False, False, False, False] | phase=rescue | reward=-15.40
2026-08-29 18:47:51,371 INFO px4med.coordinator: Episode 0 step 211/500 | actions=[3, 3, 3, 3, 3] | sim_pos=[(22, 0), (24, 0), (17, 0), (20, 1), (47, 0)] | pending=24 | deliveries=[] | landed=[False, False, False, False, False] | depleted=[False, False, False, False, False] | phase=rescue | reward=-15.40
2026-08-29 18:47:52,372 INFO px4med.coordinator: Episode 0 step 212/500 | actions=[3, 3, 2, 3, 3] | sim_pos=[(22, 0), (24, 0), (15, 0), (19, 1), (47, 0)] | pending=24 | deliveries=[] | landed=[False, False, False, False, False] | depleted=[False, False, False, False, False] | phase=rescue | reward=-12.40
2026-08-29 18:47:55,016 INFO px4med.coordinator: Episode 0 step 213/500 | actions=[3, 3, 3, 3, 3] | sim_pos=[(23, 0), (25, 0), (17, 0), (20, 1), (48, 0)] | pending=24 | deliveries=[] | landed=[False, False, False, False, False] | depleted=[False, False, False, False, False] | phase=rescue | reward=-15.40
2026-08-29 18:47:57,373 INFO px4med.coordinator: Episode 0 step 214/500 | actions=[3, 3, 2, 3, 3] | sim_pos=[(24, 0), (26, 0), (15, 0), (20, 1), (49, 0)] | pending=24 | deliveries=[] | landed=[False, False, False, False, False] | depleted=[False, False, False, False, False] | phase=rescue | reward=-12.40
2026-08-29 18:48:00,013 INFO px4med.coordinator: Episode 0 step 215/500 | actions=[3, 3, 3, 3, 3] | sim_pos=[(25, 0), (27, 0), (17, 0), (20, 1), (50, 0)] | pending=24 | deliveries=[] | landed=[False, False, False, False, False] | depleted=[False, False, False, False, False] | phase=rescue | reward=-15.40
2026-08-29 18:48:02,373 INFO px4med.coordinator: Episode 0 step 216/500 | actions=[3, 3, 2, 3, 3] | sim_pos=[(26, 0), (28, 0), (15, 0), (21, 1), (51, 0)] | pending=24 | deliveries=[] | landed=[False, False, False, False, False] | depleted=[False, False, False, False, False] | phase=rescue | reward=-12.40
2026-08-29 18:48:05,014 INFO px4med.coordinator: Episode 0 step 217/500 | actions=[3, 3, 3, 3, 3] | sim_pos=[(27, 0), (29, 0), (17, 0), (22, 1), (52, 0)] | pending=24 | deliveries=[] | landed=[False, False, False, False, False] | depleted=[False, False, False, False, False] | phase=rescue | reward=-9.10
2026-08-29 18:48:07,556 INFO px4med.coordinator: Episode 0 step 218/500 | actions=[3, 3, 1, 3, 3] | sim_pos=[(28, 0), (30, 0), (16, 1), (23, 1), (53, 0)] | pending=24 | deliveries=[] | landed=[False, False, False, False, False] | depleted=[False, False, False, False, False] | phase=rescue | reward=-6.10
2026-08-29 18:48:09,388 INFO px4med.coordinator: Episode 0 step 219/500 | actions=[3, 3, 3, 3, 3] | sim_pos=[(28, 0), (30, 0), (18, 0), (23, 1), (53, 0)] | pending=24 | deliveries=[] | landed=[False, False, False, False, False] | depleted=[False, False, False, False, False] | phase=rescue | reward=-9.10
2026-08-29 18:48:12,376 INFO px4med.coordinator: Episode 0 step 220/500 | actions=[3, 3, 1, 3, 3] | sim_pos=[(29, 0), (31, 0), (17, 1), (24, 1), (54, 0)] | pending=4 | deliveries=[] | landed=[False, False, False, False, False] | depleted=[False, False, False, False, False] | phase=rescue | reward=-618.70
2026-08-29 18:48:14,377 INFO px4med.coordinator: Episode 0 step 221/500 | actions=[1, 3, 1, 1, 3] | sim_pos=[(28, 1), (31, 0), (18, 1), (23, 2), (54, 0)] | pending=4 | deliveries=[] | landed=[False, False, False, False, False] | depleted=[False, False, False, False, False] | phase=rescue | reward=0.50
2026-08-29 18:48:16,370 INFO px4med.coordinator: Episode 0 step 222/500 | actions=[3, 1, 1, 3, 3] | sim_pos=[(30, 0), (31, 1), (17, 2), (25, 1), (55, 0)] | pending=4 | deliveries=[] | landed=[False, False, False, False, False] | depleted=[False, False, False, False, False] | phase=rescue | reward=-12.10
2026-08-29 18:48:19,252 INFO px4med.coordinator: Episode 0 step 223/500 | actions=[3, 3, 1, 1, 3] | sim_pos=[(30, 0), (32, 1), (17, 3), (24, 2), (56, 0)] | pending=4 | deliveries=[] | landed=[False, False, False, False, False] | depleted=[False, False, False, False, False] | phase=rescue | reward=-9.10
2026-08-29 18:48:21,376 INFO px4med.coordinator: Episode 0 step 224/500 | actions=[3, 3, 1, 3, 3] | sim_pos=[(31, 0), (32, 1), (17, 3), (26, 1), (56, 0)] | pending=4 | deliveries=[] | landed=[False, False, False, False, False] | depleted=[False, False, False, False, False] | phase=rescue | reward=-12.10
2026-08-29 18:48:24,016 INFO px4med.coordinator: Episode 0 step 225/500 | actions=[3, 3, 1, 1, 3] | sim_pos=[(32, 0), (33, 1), (17, 4), (25, 2), (57, 0)] | pending=4 | deliveries=[] | landed=[False, False, False, False, False] | depleted=[False, False, False, False, False] | phase=rescue | reward=-9.10
2026-08-29 18:48:26,347 INFO px4med.coordinator: Episode 0 step 226/500 | actions=[3, 3, 1, 3, 3] | sim_pos=[(32, 0), (33, 1), (17, 4), (27, 1), (57, 0)] | pending=4 | deliveries=[] | landed=[False, False, False, False, False] | depleted=[False, False, False, False, False] | phase=rescue | reward=-12.10
2026-08-29 18:48:29,013 INFO px4med.coordinator: Episode 0 step 227/500 | actions=[3, 3, 2, 1, 3] | sim_pos=[(33, 0), (34, 1), (16, 4), (26, 2), (58, 0)] | pending=4 | deliveries=[] | landed=[False, False, False, False, False] | depleted=[False, False, False, False, False] | phase=rescue | reward=-9.10
2026-08-29 18:48:31,349 INFO px4med.coordinator: Episode 0 step 228/500 | actions=[3, 3, 1, 3, 3] | sim_pos=[(33, 0), (34, 1), (17, 5), (28, 1), (58, 0)] | pending=4 | deliveries=[] | landed=[False, False, False, False, False] | depleted=[False, False, False, False, False] | phase=rescue | reward=-15.10
2026-08-29 18:48:34,014 INFO px4med.coordinator: Episode 0 step 229/500 | actions=[1, 3, 2, 3, 3] | sim_pos=[(33, 1), (35, 1), (16, 5), (28, 1), (59, 0)] | pending=4 | deliveries=[] | landed=[False, False, False, False, False] | depleted=[False, False, False, False, False] | phase=rescue | reward=-12.10
2026-08-29 18:48:35,369 INFO px4med.coordinator: Episode 0 step 230/500 | actions=[3, 3, 2, 3, 3] | sim_pos=[(34, 0), (35, 1), (16, 5), (29, 1), (59, 0)] | pending=4 | deliveries=[] | landed=[False, False, False, False, False] | depleted=[False, False, False, False, False] | phase=rescue | reward=-12.10
2026-08-29 18:48:37,371 INFO px4med.coordinator: Episode 0 step 231/500 | actions=[3, 3, 2, 3, 3] | sim_pos=[(34, 1), (36, 1), (15, 5), (29, 1), (60, 0)] | pending=4 | deliveries=[] | landed=[False, False, False, False, False] | depleted=[False, False, False, False, False] | phase=rescue | reward=-12.10
2026-08-29 18:48:38,374 INFO px4med.coordinator: Episode 0 step 232/500 | actions=[3, 3, 2, 3, 3] | sim_pos=[(35, 0), (36, 1), (15, 5), (30, 1), (60, 0)] | pending=4 | deliveries=[] | landed=[False, False, False, False, False] | depleted=[False, False, False, False, False] | phase=rescue | reward=-12.10
2026-08-29 18:48:40,370 INFO px4med.coordinator: Episode 0 step 233/500 | actions=[3, 1, 2, 3, 1] | sim_pos=[(35, 1), (36, 2), (14, 5), (30, 1), (60, 1)] | pending=4 | deliveries=[] | landed=[False, False, False, False, False] | depleted=[False, False, False, False, False] | phase=rescue | reward=-9.10
2026-08-29 18:48:42,344 INFO px4med.coordinator: Episode 0 step 234/500 | actions=[1, 3, 1, 3, 1] | sim_pos=[(35, 1), (37, 1), (15, 6), (31, 1), (60, 1)] | pending=4 | deliveries=[] | landed=[False, False, False, False, False] | depleted=[False, False, False, False, False] | phase=rescue | reward=-12.10
2026-08-29 18:48:44,375 INFO px4med.coordinator: Episode 0 step 235/500 | actions=[3, 1, 3, 1, 3] | sim_pos=[(36, 1), (36, 3), (15, 5), (30, 2), (61, 1)] | pending=4 | deliveries=[] | landed=[False, False, False, False, False] | depleted=[False, False, False, False, False] | phase=rescue | reward=-12.10
2026-08-29 18:48:47,372 INFO px4med.coordinator: Episode 0 step 236/500 | actions=[3, 3, 3, 3, 1] | sim_pos=[(37, 1), (37, 3), (16, 5), (30, 4), (61, 2)] | pending=4 | deliveries=[] | landed=[False, False, False, False, False] | depleted=[False, False, False, False, False] | phase=rescue | reward=-12.10
2026-08-29 18:48:49,372 INFO px4med.coordinator: Episode 0 step 237/500 | actions=[3, 1, 3, 3, 3] | sim_pos=[(38, 1), (37, 4), (17, 5), (31, 3), (62, 1)] | pending=4 | deliveries=[] | landed=[False, False, False, False, False] | depleted=[False, False, False, False, False] | phase=rescue | reward=-5.50
2026-08-29 18:48:51,376 INFO px4med.coordinator: Episode 0 step 238/500 | actions=[3, 1, 3, 3, 1] | sim_pos=[(39, 1), (37, 4), (18, 5), (31, 4), (62, 3)] | pending=4 | deliveries=[] | landed=[False, False, False, False, False] | depleted=[False, False, False, False, False] | phase=rescue | reward=-2.50
2026-08-29 18:48:54,250 INFO px4med.coordinator: Episode 0 step 239/500 | actions=[3, 1, 3, 3, 3] | sim_pos=[(40, 1), (37, 5), (19, 5), (32, 4), (63, 2)] | pending=4 | deliveries=[] | landed=[False, False, False, False, False] | depleted=[False, False, False, False, False] | phase=rescue | reward=-7.00
2026-08-29 18:48:56,371 INFO px4med.coordinator: Episode 0 step 240/500 | actions=[3, 1, 3, 3, 1] | sim_pos=[(40, 1), (37, 5), (19, 5), (32, 4), (63, 4)] | pending=5 | deliveries=[] | landed=[False, False, False, False, False] | depleted=[False, False, False, False, False] | phase=rescue | reward=-5.50
2026-08-29 18:48:59,247 INFO px4med.coordinator: Episode 0 step 241/500 | actions=[3, 1, 3, 1, 1] | sim_pos=[(41, 1), (37, 6), (20, 5), (32, 5), (63, 4)] | pending=5 | deliveries=[] | landed=[False, False, False, False, False] | depleted=[False, False, False, False, False] | phase=rescue | reward=-5.50
2026-08-29 18:49:00,371 INFO px4med.coordinator: Episode 0 step 242/500 | actions=[3, 1, 3, 3, 1] | sim_pos=[(41, 1), (37, 6), (20, 5), (33, 4), (63, 5)] | pending=5 | deliveries=[] | landed=[False, False, False, False, False] | depleted=[False, False, False, False, False] | phase=rescue | reward=-5.50
2026-08-29 18:49:02,369 INFO px4med.coordinator: Episode 0 step 243/500 | actions=[2, 1, 3, 3, 1] | sim_pos=[(40, 1), (37, 7), (21, 5), (33, 5), (63, 5)] | pending=5 | deliveries=[] | landed=[False, False, False, False, False] | depleted=[False, False, False, False, False] | phase=rescue | reward=-2.50
2026-08-29 18:49:04,252 INFO px4med.coordinator: Episode 0 step 244/500 | actions=[2, 1, 3, 4, 3] | sim_pos=[(40, 1), (37, 7), (21, 5), (33, 4), (64, 5)] | pending=5 | deliveries=[] | landed=[False, False, False, False, False] | depleted=[False, False, False, False, False] | phase=rescue | reward=-1.00
2026-08-29 18:49:05,376 INFO px4med.coordinator: Episode 0 step 245/500 | actions=[4, 3, 3, 1, 3] | sim_pos=[(40, 1), (38, 7), (22, 5), (33, 6), (64, 5)] | pending=5 | deliveries=[] | landed=[False, False, False, False, False] | depleted=[False, False, False, False, False] | phase=rescue | reward=-4.00
2026-08-29 18:49:07,374 INFO px4med.coordinator: Episode 0 step 246/500 | actions=[2, 1, 3, 1, 1] | sim_pos=[(39, 1), (38, 8), (23, 5), (33, 6), (64, 6)] | pending=5 | deliveries=[] | landed=[False, False, False, False, False] | depleted=[False, False, False, False, False] | phase=rescue | reward=-2.50
2026-08-29 18:49:09,245 INFO px4med.coordinator: Episode 0 step 247/500 | actions=[4, 2, 3, 3, 1] | sim_pos=[(40, 1), (37, 7), (23, 5), (34, 6), (64, 6)] | pending=5 | deliveries=[] | landed=[False, False, False, False, False] | depleted=[False, False, False, False, False] | phase=rescue | reward=-1.00
2026-08-29 18:49:11,376 INFO px4med.coordinator: Episode 0 step 248/500 | actions=[2, 2, 3, 1, 1] | sim_pos=[(38, 1), (37, 8), (24, 5), (33, 7), (64, 7)] | pending=5 | deliveries=[] | landed=[False, False, False, False, False] | depleted=[False, False, False, False, False] | phase=rescue | reward=0.50
2026-08-29 18:49:14,208 INFO px4med.coordinator: Episode 0 step 249/500 | actions=[3, 3, 3, 1, 1] | sim_pos=[(40, 1), (38, 8), (25, 5), (33, 8), (64, 8)] | pending=5 | deliveries=[] | landed=[False, False, False, False, False] | depleted=[False, False, False, False, False] | phase=rescue | reward=-5.50
2026-08-29 18:49:16,375 INFO px4med.coordinator: Episode 0 step 250/500 | actions=[3, 3, 1, 3, 1] | sim_pos=[(40, 1), (39, 8), (25, 6), (34, 8), (64, 9)] | pending=5 | deliveries=[] | landed=[False, False, False, False, False] | depleted=[False, False, False, False, False] | phase=rescue | reward=-5.50
2026-08-29 18:49:18,255 INFO px4med.coordinator: Episode 0 step 251/500 | actions=[3, 3, 1, 1, 1] | sim_pos=[(41, 1), (39, 8), (25, 6), (33, 9), (64, 9)] | pending=5 | deliveries=[] | landed=[False, False, False, False, False] | depleted=[False, False, False, False, False] | phase=rescue | reward=-5.50
2026-08-29 18:49:20,369 INFO px4med.coordinator: Episode 0 step 252/500 | actions=[3, 3, 3, 3, 3] | sim_pos=[(42, 1), (40, 8), (26, 6), (35, 8), (65, 9)] | pending=5 | deliveries=[] | landed=[False, False, False, False, False] | depleted=[False, False, False, False, False] | phase=rescue | reward=-5.50
2026-08-29 18:49:23,013 INFO px4med.coordinator: Episode 0 step 253/500 | actions=[3, 3, 3, 3, 1] | sim_pos=[(43, 1), (41, 8), (27, 6), (35, 8), (65, 10)] | pending=5 | deliveries=[] | landed=[False, False, False, False, False] | depleted=[False, False, False, False, False] | phase=rescue | reward=-5.50
2026-08-29 18:49:24,371 INFO px4med.coordinator: Episode 0 step 254/500 | actions=[3, 3, 3, 3, 1] | sim_pos=[(43, 1), (41, 8), (27, 6), (36, 8), (65, 10)] | pending=5 | deliveries=[] | landed=[False, False, False, False, False] | depleted=[False, False, False, False, False] | phase=rescue | reward=-5.50
2026-08-29 18:49:26,020 INFO px4med.coordinator: Episode 0 step 255/500 | actions=[3, 3, 3, 3, 3] | sim_pos=[(44, 1), (42, 8), (28, 6), (36, 8), (66, 10)] | pending=5 | deliveries=[] | landed=[False, False, False, False, False] | depleted=[False, False, False, False, False] | phase=rescue | reward=-5.50
2026-08-29 18:49:27,369 INFO px4med.coordinator: Episode 0 step 256/500 | actions=[3, 3, 3, 3, 1] | sim_pos=[(44, 1), (42, 8), (28, 6), (37, 8), (65, 11)] | pending=5 | deliveries=[] | landed=[False, False, False, False, False] | depleted=[False, False, False, False, False] | phase=rescue | reward=-5.50
2026-08-29 18:49:29,375 INFO px4med.coordinator: Episode 0 step 257/500 | actions=[3, 3, 3, 3, 1] | sim_pos=[(45, 1), (43, 8), (29, 6), (37, 8), (66, 11)] | pending=5 | deliveries=[] | landed=[False, False, False, False, False] | depleted=[False, False, False, False, False] | phase=rescue | reward=-5.50
2026-08-29 18:49:30,369 INFO px4med.coordinator: Episode 0 step 258/500 | actions=[3, 3, 3, 3, 3] | sim_pos=[(45, 1), (43, 8), (29, 6), (38, 8), (66, 11)] | pending=5 | deliveries=[] | landed=[False, False, False, False, False] | depleted=[False, False, False, False, False] | phase=rescue | reward=-5.50
2026-08-29 18:49:31,378 INFO px4med.coordinator: Episode 0 step 259/500 | actions=[3, 3, 3, 3, 1] | sim_pos=[(46, 1), (44, 8), (30, 6), (38, 8), (66, 12)] | pending=5 | deliveries=[] | landed=[False, False, False, False, False] | depleted=[False, False, False, False, False] | phase=rescue | reward=-5.50
2026-08-29 18:49:33,249 INFO px4med.coordinator: Episode 0 step 260/500 | actions=[3, 3, 3, 3, 3] | sim_pos=[(46, 1), (44, 8), (30, 6), (39, 8), (67, 11)] | pending=5 | deliveries=[] | landed=[False, False, False, False, False] | depleted=[False, False, False, False, False] | phase=rescue | reward=-5.50
2026-08-29 18:49:35,370 INFO px4med.coordinator: Episode 0 step 261/500 | actions=[3, 3, 3, 3, 1] | sim_pos=[(47, 1), (45, 8), (31, 6), (39, 8), (66, 13)] | pending=5 | deliveries=[] | landed=[False, False, False, False, False] | depleted=[False, False, False, False, False] | phase=rescue | reward=-5.50
2026-08-29 18:49:38,254 INFO px4med.coordinator: Episode 0 step 262/500 | actions=[3, 3, 3, 1, 3] | sim_pos=[(48, 1), (46, 8), (32, 6), (39, 9), (67, 12)] | pending=5 | deliveries=[] | landed=[False, False, False, False, False] | depleted=[False, False, False, False, False] | phase=rescue | reward=-5.50
2026-08-29 18:49:40,373 INFO px4med.coordinator: Episode 0 step 263/500 | actions=[4, 3, 3, 3, 3] | sim_pos=[(47, 1), (46, 8), (32, 6), (40, 8), (67, 13)] | pending=5 | deliveries=[] | landed=[False, False, False, False, False] | depleted=[False, False, False, False, False] | phase=rescue | reward=-4.00
2026-08-29 18:49:42,377 INFO px4med.coordinator: Episode 0 step 264/500 | actions=[4, 1, 3, 3, 1] | sim_pos=[(48, 1), (46, 9), (33, 6), (40, 9), (67, 13)] | pending=5 | deliveries=[] | landed=[False, False, False, False, False] | depleted=[False, False, False, False, False] | phase=rescue | reward=-4.00
2026-08-29 18:49:44,246 INFO px4med.coordinator: Episode 0 step 265/500 | actions=[1, 4, 3, 3, 3] | sim_pos=[(47, 2), (46, 8), (33, 6), (41, 8), (68, 13)] | pending=5 | deliveries=[] | landed=[False, False, False, False, False] | depleted=[False, False, False, False, False] | phase=rescue | reward=-1.00
2026-08-29 18:49:46,379 INFO px4med.coordinator: Episode 0 step 266/500 | actions=[3, 3, 3, 3, 1] | sim_pos=[(49, 1), (47, 9), (34, 6), (41, 9), (67, 14)] | pending=5 | deliveries=[] | landed=[False, False, False, False, False] | depleted=[False, False, False, False, False] | phase=rescue | reward=-5.50
2026-08-29 18:49:49,019 INFO px4med.coordinator: Episode 0 step 267/500 | actions=[3, 3, 3, 3, 3] | sim_pos=[(49, 1), (48, 9), (35, 6), (42, 9), (68, 14)] | pending=5 | deliveries=[] | landed=[False, False, False, False, False] | depleted=[False, False, False, False, False] | phase=rescue | reward=-5.50
2026-08-29 18:49:50,371 INFO px4med.coordinator: Episode 0 step 268/500 | actions=[3, 3, 3, 3, 1] | sim_pos=[(50, 1), (48, 9), (35, 6), (42, 9), (67, 15)] | pending=5 | deliveries=[] | landed=[False, False, False, False, False] | depleted=[False, False, False, False, False] | phase=rescue | reward=-5.50
2026-08-29 18:49:52,374 INFO px4med.coordinator: Episode 0 step 269/500 | actions=[3, 3, 3, 3, 3] | sim_pos=[(50, 1), (49, 9), (36, 6), (43, 9), (69, 14)] | pending=5 | deliveries=[] | landed=[False, False, False, False, False] | depleted=[False, False, False, False, False] | phase=rescue | reward=-5.50
2026-08-29 18:49:55,252 INFO px4med.coordinator: Episode 0 step 270/500 | actions=[3, 3, 3, 3, 1] | sim_pos=[(51, 1), (50, 9), (37, 6), (44, 9), (68, 15)] | pending=5 | deliveries=[] | landed=[False, False, False, False, False] | depleted=[False, False, False, False, False] | phase=rescue | reward=-5.50
2026-08-29 18:49:57,369 INFO px4med.coordinator: Episode 0 step 271/500 | actions=[3, 3, 3, 3, 3] | sim_pos=[(51, 1), (50, 9), (37, 6), (44, 9), (70, 14)] | pending=5 | deliveries=[] | landed=[False, False, False, False, False] | depleted=[False, False, False, False, False] | phase=rescue | reward=-5.50
2026-08-29 18:50:00,261 INFO px4med.coordinator: Episode 0 step 272/500 | actions=[1, 3, 3, 3, 3] | sim_pos=[(51, 2), (51, 9), (38, 6), (45, 9), (70, 14)] | pending=5 | deliveries=[] | landed=[False, False, False, False, False] | depleted=[False, False, False, False, False] | phase=rescue | reward=-2.50
2026-08-29 18:50:02,015 INFO px4med.coordinator: Episode 0 step 273/500 | actions=[1, 3, 3, 3, 1] | sim_pos=[(51, 2), (51, 9), (38, 6), (45, 9), (70, 15)] | pending=5 | deliveries=[] | landed=[False, False, False, False, False] | depleted=[False, False, False, False, False] | phase=rescue | reward=-2.50
2026-08-29 18:50:03,369 INFO px4med.coordinator: Episode 0 step 274/500 | actions=[3, 3, 3, 3, 3] | sim_pos=[(52, 2), (52, 9), (39, 6), (46, 9), (71, 14)] | pending=5 | deliveries=[] | landed=[False, False, False, False, False] | depleted=[False, False, False, False, False] | phase=rescue | reward=-5.50
2026-08-29 18:50:05,372 INFO px4med.coordinator: Episode 0 step 275/500 | actions=[3, 3, 3, 1, 1] | sim_pos=[(52, 2), (52, 9), (39, 6), (45, 10), (70, 16)] | pending=5 | deliveries=[] | landed=[False, False, False, False, False] | depleted=[False, False, False, False, False] | phase=rescue | reward=-5.50
2026-08-29 18:50:08,248 INFO px4med.coordinator: Episode 0 step 276/500 | actions=[1, 3, 1, 1, 3] | sim_pos=[(52, 3), (53, 9), (39, 7), (45, 11), (71, 15)] | pending=5 | deliveries=[] | landed=[False, False, False, False, False] | depleted=[False, False, False, False, False] | phase=rescue | reward=-2.50
2026-08-29 18:50:10,372 INFO px4med.coordinator: Episode 0 step 277/500 | actions=[1, 3, 1, 1, 1] | sim_pos=[(52, 3), (53, 9), (39, 7), (45, 12), (70, 17)] | pending=5 | deliveries=[] | landed=[False, False, False, False, False] | depleted=[False, False, False, False, False] | phase=rescue | reward=-2.50
2026-08-29 18:50:13,244 INFO px4med.coordinator: Episode 0 step 278/500 | actions=[3, 3, 3, 1, 3] | sim_pos=[(53, 3), (54, 9), (40, 7), (45, 13), (71, 16)] | pending=5 | deliveries=[] | landed=[False, False, False, False, False] | depleted=[False, False, False, False, False] | phase=rescue | reward=-5.50
2026-08-29 18:50:15,368 INFO px4med.coordinator: Episode 0 step 279/500 | actions=[3, 3, 3, 1, 1] | sim_pos=[(53, 3), (53, 9), (40, 7), (45, 13), (70, 18)] | pending=5 | deliveries=[] | landed=[False, False, False, False, False] | depleted=[False, False, False, False, False] | phase=rescue | reward=-10.80
2026-08-29 18:50:18,436 INFO px4med.coordinator: Episode 0 step 280/500 | actions=[3, 1, 2, 1, 3] | sim_pos=[(54, 3), (53, 10), (39, 7), (45, 14), (71, 17)] | pending=6 | deliveries=[] | landed=[False, False, False, False, False] | depleted=[False, False, False, False, False] | phase=rescue | reward=21.30
2026-08-29 18:50:20,375 INFO px4med.coordinator: Episode 0 step 281/500 | actions=[3, 1, 2, 1, 3] | sim_pos=[(54, 3), (53, 10), (39, 7), (45, 14), (71, 18)] | pending=6 | deliveries=[] | landed=[False, False, False, False, False] | depleted=[False, False, False, False, False] | phase=rescue | reward=-2.80
2026-08-29 18:50:21,372 INFO px4med.coordinator: Episode 0 step 282/500 | actions=[3, 1, 2, 2, 1] | sim_pos=[(55, 3), (53, 10), (38, 7), (44, 14), (71, 18)] | pending=6 | deliveries=[] | landed=[False, False, False, False, False] | depleted=[False, False, False, False, False] | phase=rescue | reward=-5.80
2026-08-29 18:50:23,028 INFO px4med.coordinator: Episode 0 step 283/500 | actions=[3, 2, 2, 2, 3] | sim_pos=[(55, 3), (52, 10), (38, 7), (44, 14), (72, 18)] | pending=6 | deliveries=[] | landed=[False, False, False, False, False] | depleted=[False, False, False, False, False] | phase=rescue | reward=-2.80
2026-08-29 18:50:24,384 INFO px4med.coordinator: Episode 0 step 284/500 | actions=[3, 2, 1, 1, 3] | sim_pos=[(56, 3), (53, 10), (38, 8), (44, 15), (72, 18)] | pending=6 | deliveries=[] | landed=[False, False, False, False, False] | depleted=[False, False, False, False, False] | phase=rescue | reward=-5.80
2026-08-29 18:50:25,387 INFO px4med.coordinator: Episode 0 step 285/500 | actions=[3, 2, 1, 1, 1] | sim_pos=[(56, 3), (51, 10), (38, 8), (44, 15), (72, 19)] | pending=6 | deliveries=[] | landed=[False, False, False, False, False] | depleted=[False, False, False, False, False] | phase=rescue | reward=-5.50
2026-08-29 18:50:27,383 INFO px4med.coordinator: Episode 0 step 286/500 | actions=[3, 2, 1, 2, 1] | sim_pos=[(57, 3), (51, 10), (38, 9), (43, 15), (72, 20)] | pending=6 | deliveries=[] | landed=[False, False, False, False, False] | depleted=[False, False, False, False, False] | phase=rescue | reward=-5.50
2026-08-29 18:50:29,258 INFO px4med.coordinator: Episode 0 step 287/500 | actions=[3, 1, 1, 1, 1] | sim_pos=[(57, 3), (51, 11), (38, 9), (44, 16), (72, 20)] | pending=6 | deliveries=[] | landed=[False, False, False, False, False] | depleted=[False, False, False, False, False] | phase=rescue | reward=-2.50
2026-08-29 18:50:31,381 INFO px4med.coordinator: Episode 0 step 288/500 | actions=[3, 1, 1, 1, 1] | sim_pos=[(58, 3), (51, 11), (38, 10), (43, 16), (72, 21)] | pending=6 | deliveries=[] | landed=[False, False, False, False, False] | depleted=[False, False, False, False, False] | phase=rescue | reward=-2.50
2026-08-29 18:50:32,387 INFO px4med.coordinator: Episode 0 step 289/500 | actions=[3, 1, 1, 1, 1] | sim_pos=[(58, 3), (51, 12), (38, 10), (44, 17), (72, 21)] | pending=6 | deliveries=[] | landed=[False, False, False, False, False] | depleted=[False, False, False, False, False] | phase=rescue | reward=-2.50
2026-08-29 18:50:34,384 INFO px4med.coordinator: Episode 0 step 290/500 | actions=[3, 1, 2, 1, 1] | sim_pos=[(59, 3), (51, 12), (37, 10), (43, 17), (72, 22)] | pending=6 | deliveries=[] | landed=[False, False, False, False, False] | depleted=[False, False, False, False, False] | phase=rescue | reward=0.50
2026-08-29 18:50:36,260 INFO px4med.coordinator: Episode 0 step 291/500 | actions=[3, 1, 2, 1, 1] | sim_pos=[(59, 3), (51, 13), (37, 10), (44, 18), (72, 22)] | pending=6 | deliveries=[] | landed=[False, False, False, False, False] | depleted=[False, False, False, False, False] | phase=rescue | reward=0.50
2026-08-29 18:50:38,383 INFO px4med.coordinator: Episode 0 step 292/500 | actions=[3, 1, 2, 1, 1] | sim_pos=[(60, 3), (51, 13), (36, 10), (43, 18), (72, 23)] | pending=6 | deliveries=[] | landed=[False, False, False, False, False] | depleted=[False, False, False, False, False] | phase=rescue | reward=0.50
2026-08-29 18:50:40,258 INFO px4med.coordinator: Episode 0 step 293/500 | actions=[3, 1, 2, 2, 1] | sim_pos=[(60, 3), (51, 14), (36, 10), (43, 18), (72, 23)] | pending=6 | deliveries=[] | landed=[False, False, False, False, False] | depleted=[False, False, False, False, False] | phase=rescue | reward=-2.50
2026-08-29 18:50:41,385 INFO px4med.coordinator: Episode 0 step 294/500 | actions=[1, 1, 1, 1, 1] | sim_pos=[(60, 4), (51, 14), (36, 11), (43, 19), (72, 24)] | pending=6 | deliveries=[] | landed=[False, False, False, False, False] | depleted=[False, False, False, False, False] | phase=rescue | reward=-5.50
2026-08-29 18:50:43,257 INFO px4med.coordinator: Episode 0 step 295/500 | actions=[1, 1, 3, 1, 1] | sim_pos=[(60, 4), (51, 15), (37, 10), (43, 19), (72, 24)] | pending=6 | deliveries=[] | landed=[False, False, False, False, False] | depleted=[False, False, False, False, False] | phase=rescue | reward=-5.50
2026-08-29 18:50:45,383 INFO px4med.coordinator: Episode 0 step 296/500 | actions=[3, 1, 3, 2, 1] | sim_pos=[(61, 4), (51, 15), (37, 11), (42, 19), (72, 25)] | pending=6 | deliveries=[] | landed=[False, False, False, False, False] | depleted=[False, False, False, False, False] | phase=rescue | reward=-5.50
2026-08-29 18:50:46,386 INFO px4med.coordinator: Episode 0 step 297/500 | actions=[3, 1, 3, 2, 1] | sim_pos=[(61, 4), (51, 16), (38, 10), (42, 19), (72, 25)] | pending=6 | deliveries=[] | landed=[False, False, False, False, False] | depleted=[False, False, False, False, False] | phase=rescue | reward=-5.50
2026-08-29 18:50:48,384 INFO px4med.coordinator: Episode 0 step 298/500 | actions=[3, 1, 3, 1, 1] | sim_pos=[(62, 4), (51, 16), (38, 11), (42, 20), (72, 26)] | pending=6 | deliveries=[] | landed=[False, False, False, False, False] | depleted=[False, False, False, False, False] | phase=rescue | reward=-5.50
2026-08-29 18:50:49,380 INFO px4med.coordinator: Episode 0 step 299/500 | actions=[3, 1, 1, 3, 1] | sim_pos=[(62, 4), (51, 17), (38, 11), (43, 19), (72, 26)] | pending=5 | deliveries=[] | landed=[False, False, False, False, False] | depleted=[False, False, False, False, False] | phase=rescue | reward=-32.50
2026-08-29 18:50:51,381 INFO px4med.coordinator: Episode 0 step 300/500 | actions=[3, 1, 2, 1, 1] | sim_pos=[(63, 4), (51, 17), (37, 11), (42, 21), (72, 27)] | pending=5 | deliveries=[] | landed=[False, False, False, False, False] | depleted=[False, False, False, False, False] | phase=rescue | reward=-2.50
2026-08-29 18:50:54,026 INFO px4med.coordinator: Episode 0 step 301/500 | actions=[1, 1, 1, 1, 1] | sim_pos=[(63, 5), (51, 18), (37, 12), (42, 21), (72, 28)] | pending=5 | deliveries=[] | landed=[False, False, False, False, False] | depleted=[False, False, False, False, False] | phase=rescue | reward=-2.50
2026-08-29 18:50:55,384 INFO px4med.coordinator: Episode 0 step 302/500 | actions=[1, 1, 3, 3, 1] | sim_pos=[(63, 5), (51, 18), (38, 11), (43, 21), (72, 28)] | pending=5 | deliveries=[] | landed=[False, False, False, False, False] | depleted=[False, False, False, False, False] | phase=rescue | reward=0.50
2026-08-29 18:50:57,386 INFO px4med.coordinator: Episode 0 step 303/500 | actions=[3, 1, 3, 1, 1] | sim_pos=[(64, 5), (51, 19), (38, 12), (42, 22), (72, 29)] | pending=5 | deliveries=[] | landed=[False, False, False, False, False] | depleted=[False, False, False, False, False] | phase=rescue | reward=-2.50
2026-08-29 18:50:59,383 INFO px4med.coordinator: Episode 0 step 304/500 | actions=[3, 1, 3, 2, 1] | sim_pos=[(64, 5), (51, 19), (39, 11), (42, 21), (72, 29)] | pending=5 | deliveries=[] | landed=[False, False, False, False, False] | depleted=[False, False, False, False, False] | phase=rescue | reward=-2.50
2026-08-29 18:51:01,385 INFO px4med.coordinator: Episode 0 step 305/500 | actions=[1, 1, 3, 3, 1] | sim_pos=[(64, 6), (51, 20), (39, 12), (43, 22), (72, 30)] | pending=5 | deliveries=[] | landed=[False, False, False, False, False] | depleted=[False, False, False, False, False] | phase=rescue | reward=0.50
2026-08-29 18:51:03,392 INFO px4med.coordinator: Episode 0 step 306/500 | actions=[1, 1, 3, 1, 1] | sim_pos=[(64, 6), (51, 20), (40, 11), (42, 22), (72, 30)] | pending=5 | deliveries=[] | landed=[False, False, False, False, False] | depleted=[False, False, False, False, False] | phase=rescue | reward=-2.50
2026-08-29 18:51:05,389 INFO px4med.coordinator: Episode 0 step 307/500 | actions=[1, 3, 3, 1, 1] | sim_pos=[(64, 7), (52, 20), (40, 12), (43, 23), (72, 31)] | pending=5 | deliveries=[] | landed=[False, False, False, False, False] | depleted=[False, False, False, False, False] | phase=rescue | reward=0.50
2026-08-29 18:51:07,391 INFO px4med.coordinator: Episode 0 step 308/500 | actions=[1, 1, 1, 3, 1] | sim_pos=[(64, 7), (51, 21), (40, 12), (43, 22), (72, 31)] | pending=5 | deliveries=[] | landed=[False, False, False, False, False] | depleted=[False, False, False, False, False] | phase=rescue | reward=0.50
2026-08-29 18:51:09,384 INFO px4med.coordinator: Episode 0 step 309/500 | actions=[1, 3, 3, 3, 1] | sim_pos=[(64, 8), (53, 20), (41, 12), (44, 23), (72, 32)] | pending=5 | deliveries=[] | landed=[False, False, False, False, False] | depleted=[False, False, False, False, False] | phase=rescue | reward=5.00
2026-08-29 18:51:12,354 INFO px4med.coordinator: Episode 0 step 310/500 | actions=[1, 1, 1, 1, 1] | sim_pos=[(64, 9), (52, 21), (41, 13), (44, 23), (72, 33)] | pending=5 | deliveries=[] | landed=[False, False, False, False, False] | depleted=[False, False, False, False, False] | phase=rescue | reward=-2.80
2026-08-29 18:51:14,548 INFO px4med.coordinator: Episode 0 step 311/500 | actions=[1, 3, 3, 2, 3] | sim_pos=[(64, 9), (54, 20), (42, 12), (44, 23), (73, 32)] | pending=5 | deliveries=[] | landed=[False, False, False, False, False] | depleted=[False, False, False, False, False] | phase=rescue | reward=0.20
2026-08-29 18:51:17,357 INFO px4med.coordinator: Episode 0 step 312/500 | actions=[1, 1, 3, 1, 3] | sim_pos=[(64, 10), (53, 21), (43, 12), (44, 24), (74, 32)] | pending=5 | deliveries=[] | landed=[False, False, False, False, False] | depleted=[False, False, False, False, False] | phase=rescue | reward=0.50
2026-08-29 18:51:19,388 INFO px4med.coordinator: Episode 0 step 313/500 | actions=[1, 3, 3, 2, 3] | sim_pos=[(64, 10), (55, 20), (43, 12), (43, 23), (74, 32)] | pending=5 | deliveries=[] | landed=[False, False, False, False, False] | depleted=[False, False, False, False, False] | phase=rescue | reward=3.50
2026-08-29 18:51:22,032 INFO px4med.coordinator: Episode 0 step 314/500 | actions=[1, 1, 3, 1, 3] | sim_pos=[(64, 11), (54, 21), (44, 12), (43, 24), (75, 32)] | pending=5 | deliveries=[] | landed=[False, False, False, False, False] | depleted=[False, False, False, False, False] | phase=rescue | reward=0.50
2026-08-29 18:51:24,358 INFO px4med.coordinator: Episode 0 step 315/500 | actions=[1, 3, 3, 1, 3] | sim_pos=[(64, 11), (56, 20), (44, 12), (43, 24), (75, 32)] | pending=5 | deliveries=[] | landed=[False, False, False, False, False] | depleted=[False, False, False, False, False] | phase=rescue | reward=3.50
2026-08-29 18:51:27,040 INFO px4med.coordinator: Episode 0 step 316/500 | actions=[1, 1, 3, 1, 3] | sim_pos=[(64, 12), (55, 21), (45, 12), (43, 25), (76, 32)] | pending=5 | deliveries=[] | landed=[False, False, False, False, False] | depleted=[False, False, False, False, False] | phase=rescue | reward=0.50
2026-08-29 18:51:29,356 INFO px4med.coordinator: Episode 0 step 317/500 | actions=[1, 3, 3, 1, 3] | sim_pos=[(64, 12), (57, 20), (45, 12), (43, 25), (76, 32)] | pending=5 | deliveries=[] | landed=[False, False, False, False, False] | depleted=[False, False, False, False, False] | phase=rescue | reward=3.50
2026-08-29 18:51:32,037 INFO px4med.coordinator: Episode 0 step 318/500 | actions=[1, 1, 1, 1, 3] | sim_pos=[(64, 13), (56, 21), (45, 13), (43, 26), (77, 32)] | pending=5 | deliveries=[] | landed=[False, False, False, False, False] | depleted=[False, False, False, False, False] | phase=rescue | reward=0.50
2026-08-29 18:51:34,356 INFO px4med.coordinator: Episode 0 step 319/500 | actions=[1, 1, 1, 1, 3] | sim_pos=[(64, 13), (57, 21), (45, 13), (43, 26), (77, 32)] | pending=5 | deliveries=[] | landed=[False, False, False, False, False] | depleted=[False, False, False, False, False] | phase=rescue | reward=0.50
2026-08-29 18:51:36,353 INFO px4med.coordinator: Episode 0 step 320/500 | actions=[1, 1, 3, 1, 1] | sim_pos=[(64, 14), (56, 22), (46, 13), (43, 27), (77, 33)] | pending=6 | deliveries=[] | landed=[False, False, False, False, False] | depleted=[False, False, False, False, False] | phase=rescue | reward=4.20
2026-08-29 18:51:38,381 INFO px4med.coordinator: Episode 0 step 321/500 | actions=[3, 3, 3, 3, 1] | sim_pos=[(65, 13), (58, 21), (46, 13), (44, 26), (77, 33)] | pending=6 | deliveries=[] | landed=[False, False, False, False, False] | depleted=[False, False, False, False, False] | phase=rescue | reward=6.50
2026-08-29 18:51:41,033 INFO px4med.coordinator: Episode 0 step 322/500 | actions=[1, 1, 1, 1, 3] | sim_pos=[(65, 14), (57, 22), (46, 14), (44, 27), (78, 33)] | pending=6 | deliveries=[] | landed=[False, False, False, False, False] | depleted=[False, False, False, False, False] | phase=rescue | reward=-2.50
2026-08-29 18:51:43,354 INFO px4med.coordinator: Episode 0 step 323/500 | actions=[3, 3, 1, 3, 3] | sim_pos=[(66, 13), (59, 21), (46, 14), (45, 26), (78, 33)] | pending=6 | deliveries=[] | landed=[False, False, False, False, False] | depleted=[False, False, False, False, False] | phase=rescue | reward=3.50
2026-08-29 18:51:46,028 INFO px4med.coordinator: Episode 0 step 324/500 | actions=[3, 1, 3, 3, 3] | sim_pos=[(67, 13), (58, 22), (47, 14), (46, 26), (79, 33)] | pending=6 | deliveries=[] | landed=[False, False, False, False, False] | depleted=[False, False, False, False, False] | phase=rescue | reward=3.50
2026-08-29 18:51:48,356 INFO px4med.coordinator: Episode 0 step 325/500 | actions=[3, 3, 3, 3, 3] | sim_pos=[(67, 13), (60, 21), (47, 14), (46, 26), (79, 33)] | pending=6 | deliveries=[] | landed=[False, False, False, False, False] | depleted=[False, False, False, False, False] | phase=rescue | reward=6.50
2026-08-29 18:51:51,032 INFO px4med.coordinator: Episode 0 step 326/500 | actions=[1, 1, 3, 3, 3] | sim_pos=[(67, 14), (59, 22), (48, 14), (47, 26), (80, 33)] | pending=6 | deliveries=[] | landed=[False, False, False, False, False] | depleted=[False, False, False, False, False] | phase=rescue | reward=0.50
2026-08-29 18:51:53,356 INFO px4med.coordinator: Episode 0 step 327/500 | actions=[1, 1, 3, 3, 3] | sim_pos=[(67, 14), (60, 22), (48, 14), (47, 26), (80, 33)] | pending=6 | deliveries=[] | landed=[False, False, False, False, False] | depleted=[False, False, False, False, False] | phase=rescue | reward=0.50
2026-08-29 18:51:55,354 INFO px4med.coordinator: Episode 0 step 328/500 | actions=[1, 3, 3, 3, 3] | sim_pos=[(67, 15), (60, 22), (49, 14), (48, 26), (81, 33)] | pending=6 | deliveries=[] | landed=[False, False, False, False, False] | depleted=[False, False, False, False, False] | phase=rescue | reward=3.50
2026-08-29 18:51:56,384 INFO px4med.coordinator: Episode 0 step 329/500 | actions=[1, 1, 3, 3, 3] | sim_pos=[(67, 15), (60, 23), (49, 14), (48, 26), (81, 33)] | pending=6 | deliveries=[] | landed=[False, False, False, False, False] | depleted=[False, False, False, False, False] | phase=rescue | reward=0.50
2026-08-29 18:51:57,381 INFO px4med.coordinator: Episode 0 step 330/500 | actions=[1, 3, 3, 3, 3] | sim_pos=[(67, 16), (61, 22), (50, 14), (49, 26), (82, 33)] | pending=6 | deliveries=[] | landed=[False, False, False, False, False] | depleted=[False, False, False, False, False] | phase=rescue | reward=3.50
2026-08-29 18:51:59,388 INFO px4med.coordinator: Episode 0 step 331/500 | actions=[1, 1, 3, 3, 3] | sim_pos=[(67, 16), (60, 24), (50, 14), (49, 26), (82, 33)] | pending=6 | deliveries=[] | landed=[False, False, False, False, False] | depleted=[False, False, False, False, False] | phase=rescue | reward=0.50
2026-08-29 18:52:02,260 INFO px4med.coordinator: Episode 0 step 332/500 | actions=[1, 3, 3, 3, 2] | sim_pos=[(67, 17), (61, 23), (51, 14), (50, 26), (81, 33)] | pending=6 | deliveries=[] | landed=[False, False, False, False, False] | depleted=[False, False, False, False, False] | phase=rescue | reward=0.50
2026-08-29 18:52:04,384 INFO px4med.coordinator: Episode 0 step 333/500 | actions=[1, 1, 3, 3, 2] | sim_pos=[(67, 17), (60, 25), (51, 14), (50, 26), (81, 33)] | pending=6 | deliveries=[] | landed=[False, False, False, False, False] | depleted=[False, False, False, False, False] | phase=rescue | reward=-2.50
2026-08-29 18:52:07,029 INFO px4med.coordinator: Episode 0 step 334/500 | actions=[2, 3, 3, 3, 3] | sim_pos=[(66, 17), (61, 24), (52, 14), (51, 26), (82, 33)] | pending=6 | deliveries=[] | landed=[False, False, False, False, False] | depleted=[False, False, False, False, False] | phase=rescue | reward=0.50
2026-08-29 18:52:09,363 INFO px4med.coordinator: Episode 0 step 335/500 | actions=[1, 1, 1, 1, 3] | sim_pos=[(67, 18), (60, 26), (51, 15), (50, 27), (82, 33)] | pending=6 | deliveries=[] | landed=[False, False, False, False, False] | depleted=[False, False, False, False, False] | phase=rescue | reward=-2.50
2026-08-29 18:52:12,039 INFO px4med.coordinator: Episode 0 step 336/500 | actions=[1, 3, 3, 3, 2] | sim_pos=[(67, 19), (61, 25), (52, 15), (51, 27), (81, 33)] | pending=6 | deliveries=[] | landed=[False, False, False, False, False] | depleted=[False, False, False, False, False] | phase=rescue | reward=-2.50
2026-08-29 18:52:14,358 INFO px4med.coordinator: Episode 0 step 337/500 | actions=[1, 1, 3, 1, 2] | sim_pos=[(67, 19), (60, 27), (52, 15), (50, 28), (81, 33)] | pending=6 | deliveries=[] | landed=[False, False, False, False, False] | depleted=[False, False, False, False, False] | phase=rescue | reward=-2.50
2026-08-29 18:52:17,044 INFO px4med.coordinator: Episode 0 step 338/500 | actions=[1, 3, 1, 3, 2] | sim_pos=[(67, 20), (61, 26), (52, 16), (51, 28), (80, 33)] | pending=6 | deliveries=[] | landed=[False, False, False, False, False] | depleted=[False, False, False, False, False] | phase=rescue | reward=-5.50
2026-08-29 18:52:19,356 INFO px4med.coordinator: Episode 0 step 339/500 | actions=[1, 1, 1, 1, 1] | sim_pos=[(67, 20), (60, 28), (52, 16), (50, 29), (81, 34)] | pending=5 | deliveries=[] | landed=[False, False, False, False, False] | depleted=[False, False, False, False, False] | phase=rescue | reward=-32.50
2026-08-29 18:52:22,061 INFO px4med.coordinator: Episode 0 step 340/500 | actions=[1, 3, 1, 3, 1] | sim_pos=[(67, 21), (61, 27), (52, 17), (51, 29), (81, 35)] | pending=5 | deliveries=[] | landed=[False, False, False, False, False] | depleted=[False, False, False, False, False] | phase=rescue | reward=-5.50
2026-08-29 18:52:24,363 INFO px4med.coordinator: Episode 0 step 341/500 | actions=[1, 1, 1, 1, 1] | sim_pos=[(67, 21), (60, 29), (52, 17), (50, 30), (81, 35)] | pending=5 | deliveries=[] | landed=[False, False, False, False, False] | depleted=[False, False, False, False, False] | phase=rescue | reward=-2.50
2026-08-29 18:52:27,221 INFO px4med.coordinator: Episode 0 step 342/500 | actions=[1, 3, 3, 3, 1] | sim_pos=[(67, 22), (61, 28), (53, 17), (51, 30), (81, 36)] | pending=5 | deliveries=[] | landed=[False, False, False, False, False] | depleted=[False, False, False, False, False] | phase=rescue | reward=-2.50
2026-08-29 18:52:29,394 INFO px4med.coordinator: Episode 0 step 343/500 | actions=[1, 1, 3, 1, 1] | sim_pos=[(67, 22), (60, 30), (53, 17), (50, 31), (81, 36)] | pending=5 | deliveries=[] | landed=[False, False, False, False, False] | depleted=[False, False, False, False, False] | phase=rescue | reward=0.50
2026-08-29 18:52:32,272 INFO px4med.coordinator: Episode 0 step 344/500 | actions=[1, 3, 1, 1, 1] | sim_pos=[(67, 23), (61, 29), (53, 18), (50, 32), (81, 37)] | pending=5 | deliveries=[] | landed=[False, False, False, False, False] | depleted=[False, False, False, False, False] | phase=rescue | reward=-2.50
2026-08-29 18:52:34,418 INFO px4med.coordinator: Episode 0 step 345/500 | actions=[1, 1, 1, 1, 1] | sim_pos=[(67, 23), (60, 31), (53, 18), (50, 32), (81, 37)] | pending=5 | deliveries=[] | landed=[False, False, False, False, False] | depleted=[False, False, False, False, False] | phase=rescue | reward=-2.50
2026-08-29 18:52:37,264 INFO px4med.coordinator: Episode 0 step 346/500 | actions=[1, 3, 1, 3, 1] | sim_pos=[(67, 24), (61, 30), (53, 19), (51, 32), (81, 38)] | pending=5 | deliveries=[] | landed=[False, False, False, False, False] | depleted=[False, False, False, False, False] | phase=rescue | reward=-5.50
2026-08-29 18:52:39,396 INFO px4med.coordinator: Episode 0 step 347/500 | actions=[1, 1, 1, 1, 1] | sim_pos=[(67, 24), (60, 32), (53, 19), (50, 33), (81, 38)] | pending=5 | deliveries=[] | landed=[False, False, False, False, False] | depleted=[False, False, False, False, False] | phase=rescue | reward=-2.50
2026-08-29 18:52:42,030 INFO px4med.coordinator: Episode 0 step 348/500 | actions=[1, 3, 3, 3, 1] | sim_pos=[(67, 25), (61, 31), (54, 19), (51, 33), (81, 39)] | pending=5 | deliveries=[] | landed=[False, False, False, False, False] | depleted=[False, False, False, False, False] | phase=rescue | reward=-2.50
2026-08-29 18:52:44,360 INFO px4med.coordinator: Episode 0 step 349/500 | actions=[1, 1, 1, 1, 1] | sim_pos=[(67, 25), (60, 33), (53, 20), (50, 34), (81, 39)] | pending=5 | deliveries=[] | landed=[False, False, False, False, False] | depleted=[False, False, False, False, False] | phase=rescue | reward=-2.50
2026-08-29 18:52:47,033 INFO px4med.coordinator: Episode 0 step 350/500 | actions=[1, 3, 3, 1, 1] | sim_pos=[(67, 26), (61, 32), (54, 20), (50, 35), (81, 40)] | pending=5 | deliveries=[] | landed=[False, False, False, False, False] | depleted=[False, False, False, False, False] | phase=rescue | reward=0.50
2026-08-29 18:52:49,361 INFO px4med.coordinator: Episode 0 step 351/500 | actions=[1, 1, 1, 1, 1] | sim_pos=[(67, 26), (60, 34), (53, 21), (50, 35), (81, 40)] | pending=5 | deliveries=[] | landed=[False, False, False, False, False] | depleted=[False, False, False, False, False] | phase=rescue | reward=-5.50
2026-08-29 18:52:52,033 INFO px4med.coordinator: Episode 0 step 352/500 | actions=[1, 1, 1, 1, 1] | sim_pos=[(67, 27), (60, 34), (53, 22), (50, 36), (81, 41)] | pending=5 | deliveries=[] | landed=[False, False, False, False, False] | depleted=[False, False, False, False, False] | phase=rescue | reward=-5.50
2026-08-29 18:52:53,400 INFO px4med.coordinator: Episode 0 step 353/500 | actions=[1, 1, 1, 1, 1] | sim_pos=[(67, 27), (60, 35), (53, 22), (50, 36), (81, 41)] | pending=5 | deliveries=[] | landed=[False, False, False, False, False] | depleted=[False, False, False, False, False] | phase=rescue | reward=-5.50
2026-08-29 18:52:54,394 INFO px4med.coordinator: Episode 0 step 354/500 | actions=[1, 1, 3, 3, 1] | sim_pos=[(67, 28), (60, 35), (54, 22), (51, 36), (81, 42)] | pending=5 | deliveries=[] | landed=[False, False, False, False, False] | depleted=[False, False, False, False, False] | phase=rescue | reward=-2.50
2026-08-29 18:52:56,268 INFO px4med.coordinator: Episode 0 step 355/500 | actions=[1, 1, 1, 1, 1] | sim_pos=[(67, 28), (60, 36), (53, 23), (50, 37), (81, 42)] | pending=5 | deliveries=[] | landed=[False, False, False, False, False] | depleted=[False, False, False, False, False] | phase=rescue | reward=-2.50
2026-08-29 18:52:58,393 INFO px4med.coordinator: Episode 0 step 356/500 | actions=[1, 1, 1, 3, 1] | sim_pos=[(67, 29), (60, 36), (54, 23), (52, 36), (81, 43)] | pending=5 | deliveries=[] | landed=[False, False, False, False, False] | depleted=[False, False, False, False, False] | phase=rescue | reward=-5.50
2026-08-29 18:53:01,037 INFO px4med.coordinator: Episode 0 step 357/500 | actions=[1, 1, 1, 1, 1] | sim_pos=[(67, 30), (60, 37), (54, 24), (51, 37), (81, 44)] | pending=5 | deliveries=[] | landed=[False, False, False, False, False] | depleted=[False, False, False, False, False] | phase=rescue | reward=-2.50
2026-08-29 18:53:03,366 INFO px4med.coordinator: Episode 0 step 358/500 | actions=[1, 1, 1, 1, 1] | sim_pos=[(67, 30), (60, 37), (54, 24), (52, 37), (81, 44)] | pending=5 | deliveries=[] | landed=[False, False, False, False, False] | depleted=[False, False, False, False, False] | phase=rescue | reward=-2.50
2026-08-29 18:53:05,364 INFO px4med.coordinator: Episode 0 step 359/500 | actions=[1, 1, 1, 3, 1] | sim_pos=[(67, 31), (60, 38), (54, 25), (52, 37), (81, 45)] | pending=5 | deliveries=[] | landed=[False, False, False, False, False] | depleted=[False, False, False, False, False] | phase=rescue | reward=-5.50
2026-08-29 18:53:07,033 INFO px4med.coordinator: Episode 0 step 360/500 | actions=[1, 1, 1, 1, 1] | sim_pos=[(67, 31), (60, 38), (54, 25), (52, 38), (81, 45)] | pending=6 | deliveries=[] | landed=[False, False, False, False, False] | depleted=[False, False, False, False, False] | phase=rescue | reward=-2.50
2026-08-29 18:53:08,391 INFO px4med.coordinator: Episode 0 step 361/500 | actions=[3, 3, 1, 3, 3] | sim_pos=[(68, 31), (61, 38), (54, 26), (53, 37), (82, 45)] | pending=6 | deliveries=[] | landed=[False, False, False, False, False] | depleted=[False, False, False, False, False] | phase=rescue | reward=0.50
2026-08-29 18:53:10,393 INFO px4med.coordinator: Episode 0 step 362/500 | actions=[3, 1, 1, 1, 3] | sim_pos=[(68, 31), (60, 39), (54, 26), (52, 39), (82, 45)] | pending=6 | deliveries=[] | landed=[False, False, False, False, False] | depleted=[False, False, False, False, False] | phase=rescue | reward=3.50
2026-08-29 18:53:13,265 INFO px4med.coordinator: Episode 0 step 363/500 | actions=[3, 1, 1, 1, 3] | sim_pos=[(69, 31), (60, 40), (54, 27), (52, 39), (83, 45)] | pending=6 | deliveries=[] | landed=[False, False, False, False, False] | depleted=[False, False, False, False, False] | phase=rescue | reward=6.50
2026-08-29 18:53:15,038 INFO px4med.coordinator: Episode 0 step 364/500 | actions=[3, 1, 1, 1, 3] | sim_pos=[(69, 31), (60, 40), (54, 27), (52, 40), (83, 45)] | pending=6 | deliveries=[] | landed=[False, False, False, False, False] | depleted=[False, False, False, False, False] | phase=rescue | reward=6.50
2026-08-29 18:53:16,392 INFO px4med.coordinator: Episode 0 step 365/500 | actions=[3, 1, 1, 1, 3] | sim_pos=[(70, 31), (60, 41), (54, 28), (52, 40), (84, 45)] | pending=6 | deliveries=[] | landed=[False, False, False, False, False] | depleted=[False, False, False, False, False] | phase=rescue | reward=6.50
2026-08-29 18:53:17,389 INFO px4med.coordinator: Episode 0 step 366/500 | actions=[3, 1, 1, 1, 3] | sim_pos=[(70, 31), (60, 41), (54, 28), (52, 41), (84, 45)] | pending=6 | deliveries=[] | landed=[False, False, False, False, False] | depleted=[False, False, False, False, False] | phase=rescue | reward=6.50
2026-08-29 18:53:18,397 INFO px4med.coordinator: Episode 0 step 367/500 | actions=[1, 1, 1, 1, 3] | sim_pos=[(70, 32), (60, 42), (54, 28), (52, 41), (85, 45)] | pending=6 | deliveries=[] | landed=[False, False, False, False, False] | depleted=[False, False, False, False, False] | phase=rescue | reward=6.50
2026-08-29 18:53:20,361 INFO px4med.coordinator: Episode 0 step 368/500 | actions=[3, 1, 1, 1, 3] | sim_pos=[(71, 31), (60, 42), (54, 29), (52, 42), (85, 45)] | pending=6 | deliveries=[] | landed=[False, False, False, False, False] | depleted=[False, False, False, False, False] | phase=rescue | reward=6.50
2026-08-29 18:53:22,393 INFO px4med.coordinator: Episode 0 step 369/500 | actions=[4, 1, 1, 1, 3] | sim_pos=[(70, 32), (60, 43), (54, 29), (52, 42), (86, 45)] | pending=6 | deliveries=[] | landed=[False, False, False, False, False] | depleted=[False, False, False, False, False] | phase=rescue | reward=5.00
2026-08-29 18:53:24,395 INFO px4med.coordinator: Episode 0 step 370/500 | actions=[3, 1, 1, 1, 3] | sim_pos=[(72, 31), (60, 43), (54, 30), (52, 43), (86, 45)] | pending=6 | deliveries=[] | landed=[False, False, False, False, False] | depleted=[False, False, False, False, False] | phase=rescue | reward=6.50
2026-08-29 18:53:27,270 INFO px4med.coordinator: Episode 0 step 371/500 | actions=[4, 1, 1, 1, 3] | sim_pos=[(71, 31), (60, 44), (54, 31), (52, 44), (87, 45)] | pending=6 | deliveries=[] | landed=[False, False, False, False, False] | depleted=[False, False, False, False, False] | phase=rescue | reward=5.00
2026-08-29 18:53:29,271 INFO px4med.coordinator: Episode 0 step 372/500 | actions=[3, 1, 1, 1, 3] | sim_pos=[(73, 31), (60, 44), (54, 31), (52, 44), (87, 45)] | pending=6 | deliveries=[] | landed=[False, False, False, False, False] | depleted=[False, False, False, False, False] | phase=rescue | reward=6.50
2026-08-29 18:53:31,590 INFO px4med.coordinator: Episode 0 step 373/500 | actions=[3, 1, 1, 1, 3] | sim_pos=[(73, 31), (60, 45), (54, 32), (52, 45), (88, 45)] | pending=6 | deliveries=[] | landed=[False, False, False, False, False] | depleted=[False, False, False, False, False] | phase=rescue | reward=6.50
2026-08-29 18:53:33,380 INFO px4med.coordinator: Episode 0 step 374/500 | actions=[3, 1, 3, 1, 3] | sim_pos=[(74, 31), (60, 45), (55, 31), (52, 45), (88, 45)] | pending=6 | deliveries=[] | landed=[False, False, False, False, False] | depleted=[False, False, False, False, False] | phase=rescue | reward=3.50
2026-08-29 18:53:35,396 INFO px4med.coordinator: Episode 0 step 375/500 | actions=[3, 1, 1, 1, 3] | sim_pos=[(74, 31), (60, 46), (54, 33), (52, 46), (89, 45)] | pending=6 | deliveries=[] | landed=[False, False, False, False, False] | depleted=[False, False, False, False, False] | phase=rescue | reward=6.50
2026-08-29 18:53:38,276 INFO px4med.coordinator: Episode 0 step 376/500 | actions=[1, 1, 3, 1, 3] | sim_pos=[(74, 32), (60, 47), (55, 32), (52, 47), (90, 45)] | pending=6 | deliveries=[] | landed=[False, False, False, False, False] | depleted=[False, False, False, False, False] | phase=rescue | reward=3.50
2026-08-29 18:53:40,403 INFO px4med.coordinator: Episode 0 step 377/500 | actions=[1, 1, 0, 1, 1] | sim_pos=[(74, 32), (60, 47), (54, 32), (52, 47), (89, 46)] | pending=6 | deliveries=[] | landed=[False, False, False, False, False] | depleted=[False, False, False, False, False] | phase=rescue | reward=0.00
2026-08-29 18:53:42,394 INFO px4med.coordinator: Episode 0 step 378/500 | actions=[2, 1, 3, 1, 1] | sim_pos=[(73, 32), (60, 48), (56, 32), (52, 48), (90, 46)] | pending=6 | deliveries=[] | landed=[False, False, False, False, False] | depleted=[False, False, False, False, False] | phase=rescue | reward=0.00
2026-08-29 18:53:45,038 INFO px4med.coordinator: Episode 0 step 379/500 | actions=[3, 3, 1, 3, 1] | sim_pos=[(74, 32), (61, 48), (55, 33), (53, 48), (90, 47)] | pending=5 | deliveries=[] | landed=[False, False, False, False, False] | depleted=[False, False, False, False, False] | phase=rescue | reward=-33.00
2026-08-29 18:53:47,365 INFO px4med.coordinator: Episode 0 step 380/500 | actions=[3, 3, 1, 3, 1] | sim_pos=[(74, 32), (61, 48), (56, 33), (53, 48), (90, 47)] | pending=5 | deliveries=[] | landed=[False, False, False, False, False] | depleted=[False, False, False, False, False] | phase=rescue | reward=-3.00
2026-08-29 18:53:49,271 INFO px4med.coordinator: Episode 0 step 381/500 | actions=[3, 3, 1, 3, 1] | sim_pos=[(75, 32), (62, 48), (55, 34), (54, 48), (90, 48)] | pending=5 | deliveries=[] | landed=[False, False, False, False, False] | depleted=[False, False, False, False, False] | phase=rescue | reward=-3.00
2026-08-29 18:53:51,395 INFO px4med.coordinator: Episode 0 step 382/500 | actions=[3, 3, 1, 3, 1] | sim_pos=[(75, 32), (62, 48), (56, 34), (54, 48), (90, 48)] | pending=5 | deliveries=[] | landed=[False, False, False, False, False] | depleted=[False, False, False, False, False] | phase=rescue | reward=-6.00
2026-08-29 18:53:52,398 INFO px4med.coordinator: Episode 0 step 383/500 | actions=[1, 1, 3, 3, 1] | sim_pos=[(75, 33), (62, 49), (56, 34), (55, 48), (90, 49)] | pending=5 | deliveries=[] | landed=[False, False, False, False, False] | depleted=[False, False, False, False, False] | phase=rescue | reward=-3.00
2026-08-29 18:53:54,279 INFO px4med.coordinator: Episode 0 step 384/500 | actions=[1, 3, 1, 3, 1] | sim_pos=[(75, 33), (63, 48), (56, 35), (55, 48), (90, 49)] | pending=5 | deliveries=[] | landed=[False, False, False, False, False] | depleted=[False, False, False, False, False] | phase=rescue | reward=-3.00
2026-08-29 18:53:56,406 INFO px4med.coordinator: Episode 0 step 385/500 | actions=[2, 3, 1, 1, 1] | sim_pos=[(74, 33), (63, 49), (56, 35), (55, 49), (90, 50)] | pending=5 | deliveries=[] | landed=[False, False, False, False, False] | depleted=[False, False, False, False, False] | phase=rescue | reward=-3.00
2026-08-29 18:53:58,369 INFO px4med.coordinator: Episode 0 step 386/500 | actions=[1, 1, 3, 1, 1] | sim_pos=[(75, 34), (63, 49), (57, 35), (55, 49), (90, 50)] | pending=5 | deliveries=[] | landed=[False, False, False, False, False] | depleted=[False, False, False, False, False] | phase=rescue | reward=-3.00
2026-08-29 18:54:00,394 INFO px4med.coordinator: Episode 0 step 387/500 | actions=[2, 1, 1, 1, 1] | sim_pos=[(73, 33), (63, 50), (56, 36), (55, 50), (90, 51)] | pending=5 | deliveries=[] | landed=[False, False, False, False, False] | depleted=[False, False, False, False, False] | phase=rescue | reward=0.00
2026-08-29 18:54:03,272 INFO px4med.coordinator: Episode 0 step 388/500 | actions=[1, 3, 3, 1, 1] | sim_pos=[(74, 34), (64, 50), (57, 36), (55, 51), (90, 52)] | pending=5 | deliveries=[] | landed=[False, False, False, False, False] | depleted=[False, False, False, False, False] | phase=rescue | reward=-6.00
2026-08-29 18:54:05,395 INFO px4med.coordinator: Episode 0 step 389/500 | actions=[2, 3, 1, 1, 1] | sim_pos=[(72, 33), (64, 50), (56, 37), (55, 51), (90, 52)] | pending=5 | deliveries=[] | landed=[False, False, False, False, False] | depleted=[False, False, False, False, False] | phase=rescue | reward=-3.00
2026-08-29 18:54:08,269 INFO px4med.coordinator: Episode 0 step 390/500 | actions=[3, 1, 1, 1, 1] | sim_pos=[(74, 33), (64, 51), (56, 38), (55, 52), (90, 53)] | pending=5 | deliveries=[] | landed=[False, False, False, False, False] | depleted=[False, False, False, False, False] | phase=rescue | reward=3.00
2026-08-29 18:54:10,404 INFO px4med.coordinator: Episode 0 step 391/500 | actions=[3, 1, 1, 1, 1] | sim_pos=[(74, 33), (64, 52), (56, 39), (55, 53), (90, 54)] | pending=5 | deliveries=[] | landed=[False, False, False, False, False] | depleted=[False, False, False, False, False] | phase=rescue | reward=3.00
2026-08-29 18:54:11,397 INFO px4med.coordinator: Episode 0 step 392/500 | actions=[1, 1, 1, 1, 1] | sim_pos=[(74, 34), (64, 52), (56, 39), (55, 53), (90, 54)] | pending=5 | deliveries=[] | landed=[False, False, False, False, False] | depleted=[False, False, False, False, False] | phase=rescue | reward=0.00
2026-08-29 18:54:13,367 INFO px4med.coordinator: Episode 0 step 393/500 | actions=[2, 3, 1, 1, 1] | sim_pos=[(73, 33), (65, 52), (56, 40), (55, 54), (90, 55)] | pending=5 | deliveries=[] | landed=[False, False, False, False, False] | depleted=[False, False, False, False, False] | phase=rescue | reward=-3.00
2026-08-29 18:54:15,400 INFO px4med.coordinator: Episode 0 step 394/500 | actions=[1, 3, 1, 1, 1] | sim_pos=[(74, 35), (65, 52), (56, 40), (55, 54), (90, 55)] | pending=5 | deliveries=[] | landed=[False, False, False, False, False] | depleted=[False, False, False, False, False] | phase=rescue | reward=-3.00
2026-08-29 18:54:18,041 INFO px4med.coordinator: Episode 0 step 395/500 | actions=[2, 3, 1, 1, 1] | sim_pos=[(73, 34), (66, 52), (56, 41), (55, 55), (90, 56)] | pending=5 | deliveries=[] | landed=[False, False, False, False, False] | depleted=[False, False, False, False, False] | phase=rescue | reward=-3.00
2026-08-29 18:54:20,371 INFO px4med.coordinator: Episode 0 step 396/500 | actions=[1, 3, 1, 1, 1] | sim_pos=[(74, 36), (66, 52), (56, 41), (55, 55), (90, 56)] | pending=5 | deliveries=[] | landed=[False, False, False, False, False] | depleted=[False, False, False, False, False] | phase=rescue | reward=-3.00
2026-08-29 18:54:23,047 INFO px4med.coordinator: Episode 0 step 397/500 | actions=[2, 3, 1, 1, 2] | sim_pos=[(73, 35), (67, 52), (56, 42), (55, 56), (89, 56)] | pending=5 | deliveries=[] | landed=[False, False, False, False, False] | depleted=[False, False, False, False, False] | phase=rescue | reward=-3.00
2026-08-29 18:54:25,367 INFO px4med.coordinator: Episode 0 step 398/500 | actions=[3, 3, 1, 1, 2] | sim_pos=[(75, 36), (67, 52), (56, 42), (55, 56), (89, 56)] | pending=5 | deliveries=[] | landed=[False, False, False, False, False] | depleted=[False, False, False, False, False] | phase=rescue | reward=0.00
2026-08-29 18:54:28,039 INFO px4med.coordinator: Episode 0 step 399/500 | actions=[3, 1, 4, 1, 1] | sim_pos=[(75, 36), (67, 53), (56, 42), (55, 57), (89, 57)] | pending=5 | deliveries=[] | landed=[False, False, False, False, False] | depleted=[False, False, False, False, False] | phase=rescue | reward=1.50
2026-08-29 18:54:29,396 INFO px4med.coordinator: Episode 0 step 400/500 | actions=[3, 1, 3, 1, 1] | sim_pos=[(76, 36), (67, 53), (57, 42), (55, 57), (89, 57)] | pending=6 | deliveries=[] | landed=[False, False, False, False, False] | depleted=[False, False, False, False, False] | phase=rescue | reward=-2.00
2026-08-29 18:54:30,400 INFO px4med.coordinator: Episode 0 step 401/500 | actions=[3, 3, 0, 1, 4] | sim_pos=[(76, 36), (68, 53), (56, 41), (55, 58), (89, 57)] | pending=6 | deliveries=[] | landed=[False, False, False, False, False] | depleted=[False, False, False, False, False] | phase=rescue | reward=-3.50
2026-08-29 18:54:32,399 INFO px4med.coordinator: Episode 0 step 402/500 | actions=[3, 3, 3, 1, 4] | sim_pos=[(77, 36), (68, 53), (58, 42), (55, 58), (89, 57)] | pending=6 | deliveries=[] | landed=[False, False, False, False, False] | depleted=[False, False, False, False, False] | phase=rescue | reward=-3.50
2026-08-29 18:54:35,278 INFO px4med.coordinator: Episode 0 step 403/500 | actions=[3, 3, 3, 1, 4] | sim_pos=[(78, 36), (69, 53), (58, 42), (55, 59), (89, 57)] | pending=6 | deliveries=[] | landed=[False, False, False, False, False] | depleted=[False, False, False, False, False] | phase=rescue | reward=-3.50
2026-08-29 18:54:36,579 INFO px4med.coordinator: Episode 0 step 404/500 | actions=[3, 3, 3, 4, 4] | sim_pos=[(78, 36), (69, 53), (59, 42), (55, 58), (89, 57)] | pending=6 | deliveries=[] | landed=[False, False, False, False, False] | depleted=[False, False, False, False, False] | phase=rescue | reward=-5.00
2026-08-29 18:54:38,035 INFO px4med.coordinator: Episode 0 step 405/500 | actions=[3, 3, 3, 2, 4] | sim_pos=[(79, 36), (70, 53), (59, 42), (54, 59), (89, 57)] | pending=6 | deliveries=[] | landed=[False, False, False, False, False] | depleted=[False, False, False, False, False] | phase=rescue | reward=-3.50
2026-08-29 18:54:40,368 INFO px4med.coordinator: Episode 0 step 406/500 | actions=[3, 3, 3, 3, 4] | sim_pos=[(79, 36), (70, 53), (60, 42), (56, 58), (89, 57)] | pending=6 | deliveries=[] | landed=[False, False, False, False, False] | depleted=[False, False, False, False, False] | phase=rescue | reward=-6.50
2026-08-29 18:54:43,043 INFO px4med.coordinator: Episode 0 step 407/500 | actions=[3, 3, 3, 3, 4] | sim_pos=[(80, 36), (71, 53), (61, 42), (56, 58), (89, 57)] | pending=6 | deliveries=[] | landed=[False, False, False, False, False] | depleted=[False, False, False, False, False] | phase=rescue | reward=-6.50
2026-08-29 18:54:44,398 INFO px4med.coordinator: Episode 0 step 408/500 | actions=[3, 3, 3, 3, 4] | sim_pos=[(80, 36), (71, 53), (61, 42), (57, 58), (89, 57)] | pending=6 | deliveries=[] | landed=[False, False, False, False, False] | depleted=[False, False, False, False, False] | phase=rescue | reward=-6.50
2026-08-29 18:54:45,395 INFO px4med.coordinator: Episode 0 step 409/500 | actions=[3, 3, 3, 3, 4] | sim_pos=[(81, 36), (72, 53), (62, 42), (57, 58), (89, 57)] | pending=6 | deliveries=[] | landed=[False, False, False, False, False] | depleted=[False, False, False, False, False] | phase=rescue | reward=-6.50
2026-08-29 18:54:46,395 INFO px4med.coordinator: Episode 0 step 410/500 | actions=[3, 3, 3, 3, 4] | sim_pos=[(81, 36), (72, 53), (62, 42), (58, 58), (89, 57)] | pending=6 | deliveries=[] | landed=[False, False, False, False, False] | depleted=[False, False, False, False, False] | phase=rescue | reward=-6.50
2026-08-29 18:54:47,395 INFO px4med.coordinator: Episode 0 step 411/500 | actions=[3, 2, 3, 3, 4] | sim_pos=[(82, 36), (71, 53), (63, 42), (58, 58), (89, 57)] | pending=6 | deliveries=[] | landed=[False, False, False, False, False] | depleted=[False, False, False, False, False] | phase=rescue | reward=-3.50
2026-08-29 18:54:48,392 INFO px4med.coordinator: Episode 0 step 412/500 | actions=[3, 2, 3, 3, 4] | sim_pos=[(82, 36), (71, 53), (63, 42), (59, 58), (89, 57)] | pending=6 | deliveries=[] | landed=[False, False, False, False, False] | depleted=[False, False, False, False, False] | phase=rescue | reward=-3.50
2026-08-29 18:54:49,392 INFO px4med.coordinator: Episode 0 step 413/500 | actions=[3, 2, 3, 3, 4] | sim_pos=[(83, 36), (70, 53), (64, 42), (59, 58), (89, 57)] | pending=6 | deliveries=[] | landed=[False, False, False, False, False] | depleted=[False, False, False, False, False] | phase=rescue | reward=-3.50
2026-08-29 18:54:51,039 INFO px4med.coordinator: Episode 0 step 414/500 | actions=[3, 2, 3, 1, 4] | sim_pos=[(83, 36), (70, 53), (64, 42), (59, 59), (89, 57)] | pending=6 | deliveries=[] | landed=[False, False, False, False, False] | depleted=[False, False, False, False, False] | phase=rescue | reward=-0.50
2026-08-29 18:54:52,392 INFO px4med.coordinator: Episode 0 step 415/500 | actions=[3, 3, 3, 1, 4] | sim_pos=[(84, 36), (71, 53), (65, 42), (59, 59), (89, 57)] | pending=6 | deliveries=[] | landed=[False, False, False, False, False] | depleted=[False, False, False, False, False] | phase=rescue | reward=-0.50
2026-08-29 18:54:54,368 INFO px4med.coordinator: Episode 0 step 416/500 | actions=[3, 3, 3, 3, 4] | sim_pos=[(84, 36), (71, 53), (65, 42), (60, 59), (89, 57)] | pending=6 | deliveries=[] | landed=[False, False, False, False, False] | depleted=[False, False, False, False, False] | phase=rescue | reward=-3.50
2026-08-29 18:54:55,396 INFO px4med.coordinator: Episode 0 step 417/500 | actions=[3, 3, 3, 3, 4] | sim_pos=[(85, 36), (72, 53), (66, 42), (60, 59), (89, 57)] | pending=6 | deliveries=[] | landed=[False, False, False, False, False] | depleted=[False, False, False, False, False] | phase=rescue | reward=-3.50
2026-08-29 18:54:56,406 INFO px4med.coordinator: Episode 0 step 418/500 | actions=[3, 3, 3, 1, 4] | sim_pos=[(85, 36), (72, 53), (66, 42), (60, 60), (89, 57)] | pending=6 | deliveries=[] | landed=[False, False, False, False, False] | depleted=[False, False, False, False, False] | phase=rescue | reward=-0.50
2026-08-29 18:54:57,408 INFO px4med.coordinator: Episode 0 step 419/500 | actions=[3, 2, 3, 1, 4] | sim_pos=[(86, 36), (71, 53), (67, 42), (60, 60), (89, 57)] | pending=5 | deliveries=[] | landed=[False, False, False, False, False] | depleted=[False, False, False, False, False] | phase=rescue | reward=-43.40
2026-08-29 18:54:59,270 INFO px4med.coordinator: Episode 0 step 420/500 | actions=[1, 2, 3, 3, 4] | sim_pos=[(85, 37), (71, 53), (67, 42), (61, 60), (89, 57)] | pending=5 | deliveries=[] | landed=[False, False, False, False, False] | depleted=[False, False, False, False, False] | phase=rescue | reward=-6.50
2026-08-29 18:55:01,408 INFO px4med.coordinator: Episode 0 step 421/500 | actions=[4, 2, 3, 3, 0] | sim_pos=[(86, 36), (70, 53), (68, 42), (61, 60), (89, 56)] | pending=5 | deliveries=[] | landed=[False, False, False, False, False] | depleted=[False, False, False, False, False] | phase=rescue | reward=-6.50
2026-08-29 18:55:03,391 INFO px4med.coordinator: Episode 0 step 422/500 | actions=[3, 2, 3, 3, 4] | sim_pos=[(86, 37), (70, 53), (68, 42), (62, 60), (89, 57)] | pending=5 | deliveries=[] | landed=[False, False, False, False, False] | depleted=[False, False, False, False, False] | phase=rescue | reward=-6.50
2026-08-29 18:55:04,395 INFO px4med.coordinator: Episode 0 step 423/500 | actions=[1, 3, 3, 3, 3] | sim_pos=[(86, 37), (71, 53), (69, 42), (62, 60), (90, 56)] | pending=5 | deliveries=[] | landed=[False, False, False, False, False] | depleted=[False, False, False, False, False] | phase=rescue | reward=-11.00
2026-08-29 18:55:06,393 INFO px4med.coordinator: Episode 0 step 424/500 | actions=[4, 3, 3, 3, 4] | sim_pos=[(86, 37), (71, 53), (69, 42), (63, 60), (89, 57)] | pending=5 | deliveries=[] | landed=[False, False, False, False, False] | depleted=[False, False, False, False, False] | phase=rescue | reward=-8.00
2026-08-29 18:55:08,392 INFO px4med.coordinator: Episode 0 step 425/500 | actions=[3, 3, 3, 3, 3] | sim_pos=[(87, 37), (72, 53), (70, 42), (63, 60), (91, 56)] | pending=5 | deliveries=[] | landed=[False, False, False, False, False] | depleted=[False, False, False, False, False] | phase=rescue | reward=-11.00
2026-08-29 18:55:11,271 INFO px4med.coordinator: Episode 0 step 426/500 | actions=[1, 2, 3, 1, 3] | sim_pos=[(87, 38), (71, 53), (71, 42), (63, 61), (91, 56)] | pending=5 | deliveries=[] | landed=[False, False, False, False, False] | depleted=[False, False, False, False, False] | phase=rescue | reward=-2.00
2026-08-29 18:55:13,048 INFO px4med.coordinator: Episode 0 step 427/500 | actions=[1, 2, 3, 1, 3] | sim_pos=[(87, 38), (71, 53), (71, 42), (63, 61), (92, 56)] | pending=5 | deliveries=[] | landed=[False, False, False, False, False] | depleted=[False, False, False, False, False] | phase=rescue | reward=-2.00
2026-08-29 18:55:14,393 INFO px4med.coordinator: Episode 0 step 428/500 | actions=[1, 2, 1, 1, 3] | sim_pos=[(87, 39), (70, 53), (71, 43), (63, 62), (92, 56)] | pending=5 | deliveries=[] | landed=[False, False, False, False, False] | depleted=[False, False, False, False, False] | phase=rescue | reward=-5.00
2026-08-29 18:55:16,271 INFO px4med.coordinator: Episode 0 step 429/500 | actions=[1, 2, 1, 1, 3] | sim_pos=[(87, 39), (70, 53), (71, 43), (63, 62), (93, 56)] | pending=5 | deliveries=[] | landed=[False, False, False, False, False] | depleted=[False, False, False, False, False] | phase=rescue | reward=-5.00
2026-08-29 18:55:17,394 INFO px4med.coordinator: Episode 0 step 430/500 | actions=[1, 3, 1, 1, 3] | sim_pos=[(87, 40), (71, 53), (71, 44), (63, 63), (93, 56)] | pending=5 | deliveries=[] | landed=[False, False, False, False, False] | depleted=[False, False, False, False, False] | phase=rescue | reward=-5.00
2026-08-29 18:55:19,366 INFO px4med.coordinator: Episode 0 step 431/500 | actions=[1, 3, 1, 1, 1] | sim_pos=[(87, 40), (71, 53), (71, 44), (63, 63), (93, 57)] | pending=5 | deliveries=[] | landed=[False, False, False, False, False] | depleted=[False, False, False, False, False] | phase=rescue | reward=-2.00
2026-08-29 18:55:20,395 INFO px4med.coordinator: Episode 0 step 432/500 | actions=[1, 3, 1, 3, 1] | sim_pos=[(87, 41), (72, 53), (71, 45), (64, 63), (93, 57)] | pending=5 | deliveries=[] | landed=[False, False, False, False, False] | depleted=[False, False, False, False, False] | phase=rescue | reward=-5.00
2026-08-29 18:55:22,037 INFO px4med.coordinator: Episode 0 step 433/500 | actions=[1, 3, 1, 3, 1] | sim_pos=[(87, 41), (72, 53), (71, 45), (64, 63), (93, 58)] | pending=5 | deliveries=[] | landed=[False, False, False, False, False] | depleted=[False, False, False, False, False] | phase=rescue | reward=-5.00
2026-08-29 18:55:23,394 INFO px4med.coordinator: Episode 0 step 434/500 | actions=[4, 2, 2, 3, 1] | sim_pos=[(87, 41), (71, 53), (70, 45), (65, 63), (93, 58)] | pending=5 | deliveries=[] | landed=[False, False, False, False, False] | depleted=[False, False, False, False, False] | phase=rescue | reward=-6.30
2026-08-29 18:55:25,553 INFO px4med.coordinator: Episode 0 step 435/500 | actions=[3, 2, 0, 1, 3] | sim_pos=[(88, 41), (71, 53), (71, 44), (64, 64), (94, 58)] | pending=5 | deliveries=[] | landed=[False, False, False, False, False] | depleted=[False, False, False, False, False] | phase=rescue | reward=-8.00
2026-08-29 18:55:27,395 INFO px4med.coordinator: Episode 0 step 436/500 | actions=[3, 3, 3, 1, 3] | sim_pos=[(88, 41), (72, 53), (71, 45), (65, 64), (94, 58)] | pending=5 | deliveries=[] | landed=[False, False, False, False, False] | depleted=[False, False, False, False, False] | phase=rescue | reward=-11.00
2026-08-29 18:55:29,374 INFO px4med.coordinator: Episode 0 step 437/500 | actions=[3, 3, 3, 1, 3] | sim_pos=[(89, 41), (72, 53), (72, 44), (64, 65), (95, 58)] | pending=5 | deliveries=[] | landed=[False, False, False, False, False] | depleted=[False, False, False, False, False] | phase=rescue | reward=-11.00
2026-08-29 18:55:31,391 INFO px4med.coordinator: Episode 0 step 438/500 | actions=[3, 1, 3, 1, 3] | sim_pos=[(89, 41), (72, 54), (72, 45), (65, 65), (95, 58)] | pending=5 | deliveries=[] | landed=[False, False, False, False, False] | depleted=[False, False, False, False, False] | phase=rescue | reward=-8.00
2026-08-29 18:55:33,275 INFO px4med.coordinator: Episode 0 step 439/500 | actions=[3, 2, 2, 1, 1] | sim_pos=[(90, 41), (71, 53), (71, 44), (64, 66), (95, 59)] | pending=5 | deliveries=[] | landed=[False, False, False, False, False] | depleted=[False, False, False, False, False] | phase=rescue | reward=-2.00
2026-08-29 18:55:35,392 INFO px4med.coordinator: Episode 0 step 440/500 | actions=[3, 3, 2, 1, 1] | sim_pos=[(90, 41), (73, 54), (71, 45), (65, 66), (95, 59)] | pending=5 | deliveries=[] | landed=[False, False, False, False, False] | depleted=[False, False, False, False, False] | phase=rescue | reward=-5.00
2026-08-29 18:55:38,039 INFO px4med.coordinator: Episode 0 step 441/500 | actions=[3, 3, 0, 1, 3] | sim_pos=[(91, 41), (73, 54), (71, 44), (65, 67), (96, 59)] | pending=5 | deliveries=[] | landed=[False, False, False, False, False] | depleted=[False, False, False, False, False] | phase=rescue | reward=-11.00
2026-08-29 18:55:39,400 INFO px4med.coordinator: Episode 0 step 442/500 | actions=[3, 3, 3, 1, 1] | sim_pos=[(91, 41), (74, 54), (72, 45), (65, 67), (95, 60)] | pending=5 | deliveries=[] | landed=[False, False, False, False, False] | depleted=[False, False, False, False, False] | phase=rescue | reward=-8.00
2026-08-29 18:55:41,395 INFO px4med.coordinator: Episode 0 step 443/500 | actions=[3, 3, 3, 1, 1] | sim_pos=[(92, 41), (74, 54), (72, 44), (65, 68), (96, 60)] | pending=5 | deliveries=[] | landed=[False, False, False, False, False] | depleted=[False, False, False, False, False] | phase=rescue | reward=-8.00
2026-08-29 18:55:43,051 INFO px4med.coordinator: Episode 0 step 444/500 | actions=[3, 3, 2, 1, 1] | sim_pos=[(92, 41), (75, 54), (71, 45), (65, 68), (95, 61)] | pending=5 | deliveries=[] | landed=[False, False, False, False, False] | depleted=[False, False, False, False, False] | phase=rescue | reward=-5.00
2026-08-29 18:55:45,364 INFO px4med.coordinator: Episode 0 step 445/500 | actions=[3, 3, 2, 1, 1] | sim_pos=[(93, 41), (75, 54), (71, 44), (65, 69), (96, 61)] | pending=5 | deliveries=[] | landed=[False, False, False, False, False] | depleted=[False, False, False, False, False] | phase=rescue | reward=-5.00
2026-08-29 18:55:46,400 INFO px4med.coordinator: Episode 0 step 446/500 | actions=[3, 3, 0, 1, 1] | sim_pos=[(93, 41), (76, 54), (71, 44), (65, 69), (95, 62)] | pending=5 | deliveries=[] | landed=[False, False, False, False, False] | depleted=[False, False, False, False, False] | phase=rescue | reward=-8.00
2026-08-29 18:55:48,400 INFO px4med.coordinator: Episode 0 step 447/500 | actions=[1, 3, 3, 3, 1] | sim_pos=[(93, 42), (76, 54), (72, 44), (66, 69), (96, 62)] | pending=5 | deliveries=[] | landed=[False, False, False, False, False] | depleted=[False, False, False, False, False] | phase=rescue | reward=-8.00
2026-08-29 18:55:50,374 INFO px4med.coordinator: Episode 0 step 448/500 | actions=[1, 3, 0, 1, 2] | sim_pos=[(93, 42), (77, 54), (71, 43), (65, 70), (94, 62)] | pending=5 | deliveries=[] | landed=[False, False, False, False, False] | depleted=[False, False, False, False, False] | phase=rescue | reward=-8.00
2026-08-29 18:55:52,403 INFO px4med.coordinator: Episode 0 step 449/500 | actions=[1, 3, 3, 1, 2] | sim_pos=[(93, 43), (78, 54), (72, 43), (65, 71), (94, 62)] | pending=5 | deliveries=[] | landed=[False, False, False, False, False] | depleted=[False, False, False, False, False] | phase=rescue | reward=-5.00
2026-08-29 18:55:54,279 INFO px4med.coordinator: Episode 0 step 450/500 | actions=[1, 3, 3, 1, 2] | sim_pos=[(93, 43), (78, 54), (72, 43), (65, 71), (93, 62)] | pending=5 | deliveries=[] | landed=[False, False, False, False, False] | depleted=[False, False, False, False, False] | phase=rescue | reward=-5.00
2026-08-29 18:55:55,399 INFO px4med.coordinator: Episode 0 step 451/500 | actions=[1, 2, 2, 3, 2] | sim_pos=[(93, 44), (77, 54), (71, 43), (66, 71), (93, 62)] | pending=5 | deliveries=[] | landed=[False, False, False, False, False] | depleted=[False, False, False, False, False] | phase=rescue | reward=-5.00
2026-08-29 18:55:57,371 INFO px4med.coordinator: Episode 0 step 452/500 | actions=[1, 2, 2, 3, 1] | sim_pos=[(93, 44), (77, 54), (71, 43), (66, 71), (93, 63)] | pending=5 | deliveries=[] | landed=[False, False, False, False, False] | depleted=[False, False, False, False, False] | phase=rescue | reward=-5.00
2026-08-29 18:55:59,289 INFO px4med.coordinator: Episode 0 step 453/500 | actions=[1, 2, 0, 3, 1] | sim_pos=[(93, 45), (76, 54), (71, 42), (67, 71), (93, 63)] | pending=5 | deliveries=[] | landed=[False, False, False, False, False] | depleted=[False, False, False, False, False] | phase=rescue | reward=-2.00
2026-08-29 18:56:01,043 INFO px4med.coordinator: Episode 0 step 454/500 | actions=[1, 2, 3, 3, 1] | sim_pos=[(93, 45), (76, 54), (72, 43), (67, 71), (93, 64)] | pending=5 | deliveries=[] | landed=[False, False, False, False, False] | depleted=[False, False, False, False, False] | phase=rescue | reward=-5.00
2026-08-29 18:56:03,377 INFO px4med.coordinator: Episode 0 step 455/500 | actions=[1, 2, 2, 3, 1] | sim_pos=[(93, 46), (75, 54), (70, 42), (68, 71), (93, 64)] | pending=5 | deliveries=[] | landed=[False, False, False, False, False] | depleted=[False, False, False, False, False] | phase=rescue | reward=-8.00
2026-08-29 18:56:06,045 INFO px4med.coordinator: Episode 0 step 456/500 | actions=[1, 2, 2, 3, 1] | sim_pos=[(93, 47), (74, 54), (70, 42), (69, 71), (93, 65)] | pending=5 | deliveries=[] | landed=[False, False, False, False, False] | depleted=[False, False, False, False, False] | phase=rescue | reward=-8.00
2026-08-29 18:56:07,403 INFO px4med.coordinator: Episode 0 step 457/500 | actions=[1, 2, 0, 3, 1] | sim_pos=[(93, 47), (74, 54), (70, 41), (69, 71), (93, 65)] | pending=5 | deliveries=[] | landed=[False, False, False, False, False] | depleted=[False, False, False, False, False] | phase=rescue | reward=-5.00
2026-08-29 18:56:09,284 INFO px4med.coordinator: Episode 0 step 458/500 | actions=[1, 2, 0, 3, 1] | sim_pos=[(93, 48), (73, 54), (70, 41), (70, 71), (93, 66)] | pending=5 | deliveries=[] | landed=[False, False, False, False, False] | depleted=[False, False, False, False, False] | phase=rescue | reward=-5.00
2026-08-29 18:56:10,399 INFO px4med.coordinator: Episode 0 step 459/500 | actions=[1, 2, 2, 3, 1] | sim_pos=[(93, 48), (73, 54), (69, 41), (70, 71), (93, 66)] | pending=4 | deliveries=[] | landed=[False, False, False, False, False] | depleted=[False, False, False, False, False] | phase=rescue | reward=-38.00
2026-08-29 18:56:12,282 INFO px4med.coordinator: Episode 0 step 460/500 | actions=[1, 3, 1, 3, 1] | sim_pos=[(93, 49), (74, 54), (70, 42), (71, 71), (93, 67)] | pending=4 | deliveries=[] | landed=[False, False, False, False, False] | depleted=[False, False, False, False, False] | phase=rescue | reward=-11.00
2026-08-29 18:56:14,408 INFO px4med.coordinator: Episode 0 step 461/500 | actions=[1, 3, 2, 3, 1] | sim_pos=[(93, 49), (74, 54), (68, 41), (71, 71), (93, 67)] | pending=4 | deliveries=[] | landed=[False, False, False, False, False] | depleted=[False, False, False, False, False] | phase=rescue | reward=-8.00
2026-08-29 18:56:17,284 INFO px4med.coordinator: Episode 0 step 462/500 | actions=[1, 3, 0, 3, 1] | sim_pos=[(93, 50), (75, 54), (69, 40), (72, 71), (93, 68)] | pending=4 | deliveries=[] | landed=[False, False, False, False, False] | depleted=[False, False, False, False, False] | phase=rescue | reward=-8.00
2026-08-29 18:56:19,404 INFO px4med.coordinator: Episode 0 step 463/500 | actions=[1, 3, 0, 3, 1] | sim_pos=[(93, 50), (75, 54), (68, 40), (72, 71), (93, 68)] | pending=4 | deliveries=[] | landed=[False, False, False, False, False] | depleted=[False, False, False, False, False] | phase=rescue | reward=-11.00
2026-08-29 18:56:20,400 INFO px4med.coordinator: Episode 0 step 464/500 | actions=[1, 3, 1, 3, 1] | sim_pos=[(93, 51), (76, 54), (69, 41), (73, 71), (93, 69)] | pending=4 | deliveries=[] | landed=[False, False, False, False, False] | depleted=[False, False, False, False, False] | phase=rescue | reward=-11.00
2026-08-29 18:56:22,400 INFO px4med.coordinator: Episode 0 step 465/500 | actions=[1, 3, 1, 3, 1] | sim_pos=[(93, 51), (76, 54), (68, 41), (73, 71), (93, 69)] | pending=4 | deliveries=[] | landed=[False, False, False, False, False] | depleted=[False, False, False, False, False] | phase=rescue | reward=-8.00
2026-08-29 18:56:23,591 INFO px4med.coordinator: Episode 0 step 466/500 | actions=[1, 3, 1, 1, 1] | sim_pos=[(93, 52), (77, 54), (69, 42), (73, 72), (93, 70)] | pending=4 | deliveries=[] | landed=[False, False, False, False, False] | depleted=[False, False, False, False, False] | phase=rescue | reward=-8.00
2026-08-29 18:56:25,400 INFO px4med.coordinator: Episode 0 step 467/500 | actions=[1, 3, 3, 1, 1] | sim_pos=[(93, 52), (77, 54), (69, 41), (73, 72), (93, 70)] | pending=4 | deliveries=[] | landed=[False, False, False, False, False] | depleted=[False, False, False, False, False] | phase=rescue | reward=-11.00
2026-08-29 18:56:26,405 INFO px4med.coordinator: Episode 0 step 468/500 | actions=[1, 3, 3, 3, 4] | sim_pos=[(93, 53), (78, 54), (70, 42), (74, 72), (93, 70)] | pending=4 | deliveries=[] | landed=[False, False, False, False, False] | depleted=[False, False, False, False, False] | phase=rescue | reward=-9.50
2026-08-29 18:56:28,399 INFO px4med.coordinator: Episode 0 step 469/500 | actions=[1, 3, 3, 3, 1] | sim_pos=[(93, 53), (78, 54), (70, 41), (74, 72), (93, 71)] | pending=4 | deliveries=[] | landed=[False, False, False, False, False] | depleted=[False, False, False, False, False] | phase=rescue | reward=-8.00
2026-08-29 18:56:29,406 INFO px4med.coordinator: Episode 0 step 470/500 | actions=[1, 3, 3, 3, 4] | sim_pos=[(93, 54), (79, 54), (71, 42), (75, 72), (93, 70)] | pending=4 | deliveries=[] | landed=[False, False, False, False, False] | depleted=[False, False, False, False, False] | phase=rescue | reward=-6.50
2026-08-29 18:56:31,407 INFO px4med.coordinator: Episode 0 step 471/500 | actions=[1, 3, 3, 3, 1] | sim_pos=[(93, 54), (79, 54), (71, 41), (75, 72), (93, 72)] | pending=4 | deliveries=[] | landed=[False, False, False, False, False] | depleted=[False, False, False, False, False] | phase=rescue | reward=-8.00
2026-08-29 18:56:33,401 INFO px4med.coordinator: Episode 0 step 472/500 | actions=[4, 3, 3, 3, 4] | sim_pos=[(93, 54), (80, 54), (72, 41), (76, 72), (93, 71)] | pending=4 | deliveries=[] | landed=[False, False, False, False, False] | depleted=[False, False, False, False, False] | phase=rescue | reward=-5.00
2026-08-29 18:56:35,040 INFO px4med.coordinator: Episode 0 step 473/500 | actions=[3, 4, 3, 3, 1] | sim_pos=[(94, 54), (79, 54), (72, 41), (76, 72), (93, 73)] | pending=4 | deliveries=[] | landed=[False, False, False, False, False] | depleted=[False, False, False, False, False] | phase=rescue | reward=-6.50
2026-08-29 18:56:38,277 INFO px4med.coordinator: Episode 0 step 474/500 | actions=[1, 3, 1, 3, 4] | sim_pos=[(94, 55), (80, 54), (72, 42), (77, 72), (93, 72)] | pending=4 | deliveries=[] | landed=[False, False, False, False, False] | depleted=[False, False, False, False, False] | phase=rescue | reward=-6.50
2026-08-29 18:56:40,283 INFO px4med.coordinator: Episode 0 step 475/500 | actions=[3, 3, 1, 3, 1] | sim_pos=[(95, 54), (80, 54), (72, 42), (77, 72), (93, 74)] | pending=4 | deliveries=[] | landed=[False, False, False, False, False] | depleted=[False, False, False, False, False] | phase=rescue | reward=-11.00
2026-08-29 18:56:42,419 INFO px4med.coordinator: Episode 0 step 476/500 | actions=[1, 3, 1, 3, 4] | sim_pos=[(95, 55), (81, 54), (72, 43), (78, 72), (93, 73)] | pending=4 | deliveries=[] | landed=[False, False, False, False, False] | depleted=[False, False, False, False, False] | phase=rescue | reward=-6.50
2026-08-29 18:56:43,413 INFO px4med.coordinator: Episode 0 step 477/500 | actions=[1, 3, 1, 3, 1] | sim_pos=[(95, 55), (81, 54), (72, 43), (78, 72), (93, 75)] | pending=4 | deliveries=[] | landed=[False, False, False, False, False] | depleted=[False, False, True, False, False] | phase=rescue | reward=-56.00
2026-08-29 18:56:43,427 WARNING mavsdk_server: Received ack for not-existing command: 176! Ignoring... (mavlink_command_sender.cpp:304)
2026-08-29 18:56:43,444 INFO px4med.drone: Drone 2: landing commanded
2026-08-29 18:57:02,036 INFO px4med.drone: Drone 2: on the ground
2026-08-29 18:57:03,383 INFO px4med.coordinator: Episode 0 step 478/500 | actions=[4, 4, 4, 3, 4] | sim_pos=[(95, 55), (81, 54), (72, 43), (79, 72), (93, 75)] | pending=4 | deliveries=[] | landed=[False, False, False, False, False] | depleted=[False, False, True, False, False] | phase=rescue | reward=-4.50
2026-08-29 18:57:04,406 INFO px4med.coordinator: Episode 0 step 479/500 | actions=[4, 4, 4, 3, 4] | sim_pos=[(95, 55), (81, 54), (72, 43), (79, 72), (93, 75)] | pending=4 | deliveries=[] | landed=[False, False, False, False, False] | depleted=[False, False, True, False, False] | phase=rescue | reward=-4.50
2026-08-29 18:57:05,416 INFO px4med.coordinator: Episode 0 step 480/500 | actions=[4, 4, 4, 3, 4] | sim_pos=[(95, 55), (81, 54), (72, 43), (80, 72), (93, 75)] | pending=4 | deliveries=[] | landed=[False, False, False, False, False] | depleted=[False, False, True, False, False] | phase=rescue | reward=-4.50
2026-08-29 18:57:06,405 INFO px4med.coordinator: Episode 0 step 481/500 | actions=[4, 4, 4, 3, 4] | sim_pos=[(95, 55), (81, 54), (72, 43), (80, 72), (93, 75)] | pending=4 | deliveries=[] | landed=[False, False, False, False, False] | depleted=[False, False, True, False, False] | phase=rescue | reward=-4.50
2026-08-29 18:57:07,410 INFO px4med.coordinator: Episode 0 step 482/500 | actions=[4, 4, 4, 3, 4] | sim_pos=[(95, 55), (81, 54), (72, 43), (81, 72), (93, 75)] | pending=4 | deliveries=[] | landed=[False, False, False, False, False] | depleted=[False, False, True, False, False] | phase=rescue | reward=-4.50
2026-08-29 18:57:08,407 INFO px4med.coordinator: Episode 0 step 483/500 | actions=[4, 4, 4, 3, 4] | sim_pos=[(95, 55), (81, 54), (72, 43), (81, 72), (93, 75)] | pending=4 | deliveries=[] | landed=[False, False, False, False, False] | depleted=[False, False, True, False, False] | phase=rescue | reward=-4.50
2026-08-29 18:57:09,404 INFO px4med.coordinator: Episode 0 step 484/500 | actions=[4, 4, 4, 3, 4] | sim_pos=[(95, 55), (81, 54), (72, 43), (82, 72), (93, 75)] | pending=4 | deliveries=[] | landed=[False, False, False, False, False] | depleted=[False, False, True, False, False] | phase=rescue | reward=-4.50
2026-08-29 18:57:10,404 INFO px4med.coordinator: Episode 0 step 485/500 | actions=[4, 4, 4, 3, 4] | sim_pos=[(95, 55), (81, 54), (72, 43), (82, 72), (93, 75)] | pending=4 | deliveries=[] | landed=[False, False, False, False, False] | depleted=[False, False, True, False, False] | phase=rescue | reward=-4.50
2026-08-29 18:57:11,405 INFO px4med.coordinator: Episode 0 step 486/500 | actions=[4, 4, 4, 4, 4] | sim_pos=[(95, 55), (81, 54), (72, 43), (82, 72), (93, 75)] | pending=4 | deliveries=[] | landed=[False, False, False, False, False] | depleted=[False, False, True, False, False] | phase=rescue | reward=-3.00
2026-08-29 18:57:12,406 INFO px4med.coordinator: Episode 0 step 487/500 | actions=[4, 4, 4, 4, 4] | sim_pos=[(95, 55), (81, 54), (72, 43), (82, 72), (93, 75)] | pending=4 | deliveries=[] | landed=[False, False, False, False, False] | depleted=[False, False, True, False, False] | phase=rescue | reward=-3.00
2026-08-29 18:57:13,406 INFO px4med.coordinator: Episode 0 step 488/500 | actions=[4, 4, 4, 4, 4] | sim_pos=[(95, 55), (81, 54), (72, 43), (82, 72), (93, 75)] | pending=4 | deliveries=[] | landed=[False, False, False, False, False] | depleted=[False, False, True, False, False] | phase=rescue | reward=-3.00
2026-08-29 18:57:14,414 INFO px4med.coordinator: Episode 0 step 489/500 | actions=[4, 4, 4, 4, 4] | sim_pos=[(95, 55), (81, 54), (72, 43), (82, 72), (93, 75)] | pending=4 | deliveries=[] | landed=[False, False, False, False, False] | depleted=[False, False, True, False, False] | phase=rescue | reward=-3.00
2026-08-29 18:57:15,407 INFO px4med.coordinator: Episode 0 step 490/500 | actions=[4, 4, 4, 4, 4] | sim_pos=[(95, 55), (81, 54), (72, 43), (82, 72), (93, 75)] | pending=4 | deliveries=[] | landed=[False, False, False, False, False] | depleted=[False, False, True, False, False] | phase=rescue | reward=-3.00
2026-08-29 18:57:16,407 INFO px4med.coordinator: Episode 0 step 491/500 | actions=[4, 4, 4, 4, 4] | sim_pos=[(95, 55), (81, 54), (72, 43), (82, 72), (93, 75)] | pending=4 | deliveries=[] | landed=[False, False, False, False, False] | depleted=[False, False, True, False, False] | phase=rescue | reward=-3.00
2026-08-29 18:57:17,403 INFO px4med.coordinator: Episode 0 step 492/500 | actions=[4, 4, 4, 4, 4] | sim_pos=[(95, 55), (81, 54), (72, 43), (82, 72), (93, 75)] | pending=4 | deliveries=[] | landed=[False, False, False, False, False] | depleted=[False, False, True, False, False] | phase=rescue | reward=-3.00
2026-08-29 18:57:18,415 INFO px4med.coordinator: Episode 0 step 493/500 | actions=[4, 4, 4, 4, 4] | sim_pos=[(95, 55), (81, 54), (72, 43), (82, 72), (93, 75)] | pending=4 | deliveries=[] | landed=[False, False, False, False, False] | depleted=[False, False, True, False, False] | phase=rescue | reward=-3.00
2026-08-29 18:57:19,410 INFO px4med.coordinator: Episode 0 step 494/500 | actions=[4, 4, 4, 4, 4] | sim_pos=[(95, 55), (81, 54), (72, 43), (82, 72), (93, 75)] | pending=4 | deliveries=[] | landed=[False, False, False, False, False] | depleted=[False, False, True, False, False] | phase=rescue | reward=-3.00
2026-08-29 18:57:20,410 INFO px4med.coordinator: Episode 0 step 495/500 | actions=[4, 4, 4, 4, 4] | sim_pos=[(95, 55), (81, 54), (72, 43), (82, 72), (93, 75)] | pending=4 | deliveries=[] | landed=[False, False, False, False, False] | depleted=[False, False, True, False, False] | phase=rescue | reward=-3.00
2026-08-29 18:57:21,407 INFO px4med.coordinator: Episode 0 step 496/500 | actions=[4, 4, 4, 4, 4] | sim_pos=[(95, 55), (81, 54), (72, 43), (82, 72), (93, 75)] | pending=4 | deliveries=[] | landed=[False, False, False, False, False] | depleted=[False, False, True, False, False] | phase=rescue | reward=-3.00
2026-08-29 18:57:22,561 INFO px4med.coordinator: Episode 0 step 497/500 | actions=[4, 3, 4, 3, 1] | sim_pos=[(95, 55), (82, 54), (72, 43), (83, 72), (93, 76)] | pending=4 | deliveries=[] | landed=[False, False, False, False, False] | depleted=[False, False, True, False, False] | phase=rescue | reward=-7.50
2026-08-29 18:57:24,379 INFO px4med.coordinator: Episode 0 step 498/500 | actions=[4, 3, 4, 1, 1] | sim_pos=[(95, 55), (82, 54), (72, 43), (82, 73), (93, 76)] | pending=4 | deliveries=[] | landed=[False, False, False, False, False] | depleted=[False, False, True, False, False] | phase=rescue | reward=-7.50
2026-08-29 18:57:26,406 INFO px4med.coordinator: Episode 0 step 499/500 | actions=[3, 4, 4, 1, 4] | sim_pos=[(96, 55), (82, 54), (72, 43), (83, 73), (93, 76)] | pending=3 | deliveries=[] | landed=[False, False, False, False, False] | depleted=[False, False, True, False, False] | phase=rescue | reward=-36.00
2026-08-29 18:57:28,283 INFO px4med.coordinator: Episode 0 step 500/500 | actions=[4, 3, 4, 1, 4] | sim_pos=[(95, 55), (83, 54), (72, 43), (82, 74), (93, 76)] | pending=3 | deliveries=[] | landed=[False, False, False, False, False] | depleted=[True, True, True, True, True] | phase=rescue | reward=-201.00
2026-08-29 18:57:28,295 WARNING mavsdk_server: Received ack for not-existing command: 176! Ignoring... (mavlink_command_sender.cpp:304)
2026-08-29 18:57:28,299 WARNING mavsdk_server: Received ack for not-existing command: 176! Ignoring... (mavlink_command_sender.cpp:304)
2026-08-29 18:57:28,299 WARNING mavsdk_server: Received ack for not-existing command: 176! Ignoring... (mavlink_command_sender.cpp:304)
2026-08-29 18:57:28,311 WARNING mavsdk_server: Received ack for not-existing command: 176! Ignoring... (mavlink_command_sender.cpp:304)
2026-08-29 18:57:28,312 INFO px4med.drone: Drone 3: landing commanded
2026-08-29 18:57:28,619 INFO px4med.drone: Drone 4: landing commanded
2026-08-29 18:57:28,619 INFO px4med.drone: Drone 1: landing commanded
2026-08-29 18:57:28,620 INFO px4med.drone: Drone 0: landing commanded
2026-08-29 18:57:47,348 INFO px4med.drone: Drone 3: on the ground
2026-08-29 18:57:47,364 INFO px4med.drone: Drone 0: on the ground
2026-08-29 18:57:48,268 INFO px4med.drone: Drone 4: on the ground
2026-08-29 18:57:48,392 INFO px4med.drone: Drone 1: on the ground
2026-08-29 18:57:48,408 INFO px4med.drone: Drone 0: landing commanded
2026-08-29 18:57:48,412 INFO px4med.drone: Drone 3: landing commanded
2026-08-29 18:57:48,416 INFO px4med.drone: Drone 2: landing commanded
2026-08-29 18:57:48,417 INFO px4med.drone: Drone 4: landing commanded
2026-08-29 18:57:48,417 INFO px4med.drone: Drone 1: landing commanded
2026-08-29 18:57:49,036 INFO px4med.drone: Drone 2: on the ground
2026-08-29 18:57:49,268 INFO px4med.drone: Drone 4: on the ground
2026-08-29 18:57:49,348 INFO px4med.drone: Drone 3: on the ground
2026-08-29 18:57:49,364 INFO px4med.drone: Drone 0: on the ground
2026-08-29 18:57:49,392 INFO px4med.drone: Drone 1: on the ground
2026-08-29 18:57:50,392 INFO px4med.coordinator: Episode 0 complete: {'episode': 0, 'steps': 500, 'patients_delivered': 1, 'patients_died': 26, 'patients_spawned': 30, 'all_landed': False, 'drones_landed': 0, 'drones_depleted': 5, 'battery_remaining': [41.0, 11.0, 69.0, 39.0, 14.0], 'simulated_battery_remaining': [0.0, 0.0, 0.0, 0.0, 0.0], 'total_reward': -183449.20000000054, 'triage_efficiency': 0.03488372093023256, 'wind_entries': [0, 0, 2, 0, 0], 'low_signal_entries': [0, 6, 0, 21, 1], 'obstacle_collisions': 21, 'agent_collisions': 74, 'wrong_land_attempts': 0}
2026-08-29 18:57:50,393 INFO px4med.main: Episode 0 result: delivered=1/30 died=26 eff=0.03 reward=-183449.20 steps=500
2026-08-29 18:57:50,393 INFO px4med.main: ═══ Episode 2 / 2 ═══
2026-08-29 18:57:50,464 INFO px4med.drone: Drone 3: armed (attempt 1)
2026-08-29 18:57:50,464 INFO px4med.drone: Drone 0: armed (attempt 1)
2026-08-29 18:57:50,464 INFO px4med.drone: Drone 1: armed (attempt 1)
2026-08-29 18:57:50,468 INFO px4med.drone: Drone 4: armed (attempt 1)
2026-08-29 18:57:50,468 WARNING px4med.drone: Drone 2: arm attempt 1 denied (Command Denied), retrying ...
2026-08-29 18:57:52,496 WARNING px4med.drone: Drone 2: arm attempt 2 denied (Command Denied), retrying ...
2026-08-29 18:57:54,524 WARNING px4med.drone: Drone 2: arm attempt 3 denied (Command Denied), retrying ...
2026-08-29 18:57:56,552 WARNING px4med.drone: Drone 2: arm attempt 4 denied (Command Denied), retrying ...
2026-08-29 18:57:58,580 WARNING px4med.drone: Drone 2: arm attempt 5 denied (Command Denied), retrying ...
2026-08-29 18:58:00,608 WARNING px4med.drone: Drone 2: arm attempt 6 denied (Command Denied), retrying ...
2026-08-29 18:58:02,636 WARNING px4med.drone: Drone 2: arm attempt 7 denied (Command Denied), retrying ...
2026-08-29 18:58:04,676 WARNING px4med.drone: Drone 2: arm attempt 8 denied (Command Denied), retrying ...
2026-08-29 18:58:06,704 WARNING px4med.drone: Drone 2: arm attempt 9 denied (Command Denied), retrying ...
2026-08-29 18:58:08,736 WARNING px4med.drone: Drone 2: arm attempt 10 denied (Command Denied), retrying ...
2026-08-29 18:58:10,764 WARNING px4med.drone: Drone 2: arm attempt 11 denied (Command Denied), retrying ...
2026-08-29 18:58:12,792 WARNING px4med.drone: Drone 2: arm attempt 12 denied (Command Denied), retrying ...
2026-08-29 18:58:14,820 WARNING px4med.drone: Drone 2: arm attempt 13 denied (Command Denied), retrying ...
2026-08-29 18:58:16,848 WARNING px4med.drone: Drone 2: arm attempt 14 denied (Command Denied), retrying ...
2026-08-29 18:58:18,876 WARNING px4med.drone: Drone 2: arm attempt 15 denied (Command Denied), retrying ...
2026-08-29 18:58:20,904 WARNING px4med.drone: Drone 2: arm attempt 16 denied (Command Denied), retrying ...
2026-08-29 18:58:22,932 WARNING px4med.drone: Drone 2: arm attempt 17 denied (Command Denied), retrying ...
2026-08-29 18:58:24,960 WARNING px4med.drone: Drone 2: arm attempt 18 denied (Command Denied), retrying ...
2026-08-29 18:58:26,988 WARNING px4med.drone: Drone 2: arm attempt 19 denied (Command Denied), retrying ...
2026-08-29 18:58:29,016 WARNING px4med.drone: Drone 2: arm attempt 20 denied (Command Denied), retrying ...
2026-08-29 18:58:31,044 WARNING px4med.drone: Drone 2: arm attempt 21 denied (Command Denied), retrying ...
2026-08-29 18:58:33,072 WARNING px4med.drone: Drone 2: arm attempt 22 denied (Command Denied), retrying ...
2026-08-29 18:58:35,100 WARNING px4med.drone: Drone 2: arm attempt 23 denied (Command Denied), retrying ...
2026-08-29 18:58:37,128 WARNING px4med.drone: Drone 2: arm attempt 24 denied (Command Denied), retrying ...
2026-08-29 18:58:39,156 WARNING px4med.drone: Drone 2: arm attempt 25 denied (Command Denied), retrying ...
2026-08-29 18:58:41,184 WARNING px4med.drone: Drone 2: arm attempt 26 denied (Command Denied), retrying ...
2026-08-29 18:58:43,212 WARNING px4med.drone: Drone 2: arm attempt 27 denied (Command Denied), retrying ...
2026-08-29 18:58:45,240 WARNING px4med.drone: Drone 2: arm attempt 28 denied (Command Denied), retrying ...
2026-08-29 18:58:47,268 WARNING px4med.drone: Drone 2: arm attempt 29 denied (Command Denied), retrying ...
2026-08-29 18:58:49,308 WARNING px4med.drone: Drone 2: arm attempt 30 denied (Command Denied), retrying ...
2026-08-29 18:58:51,336 WARNING px4med.drone: Drone 2: arm attempt 31 denied (Command Denied), retrying ...
2026-08-29 18:58:53,364 WARNING px4med.drone: Drone 2: arm attempt 32 denied (Command Denied), retrying ...
2026-08-29 18:58:55,392 WARNING px4med.drone: Drone 2: arm attempt 33 denied (Command Denied), retrying ...
2026-08-29 18:58:57,432 WARNING px4med.drone: Drone 2: arm attempt 34 denied (Command Denied), retrying ...
2026-08-29 18:58:59,460 WARNING px4med.drone: Drone 2: arm attempt 35 denied (Command Denied), retrying ...
2026-08-29 18:59:01,488 WARNING px4med.drone: Drone 2: arm attempt 36 denied (Command Denied), retrying ...
2026-08-29 18:59:03,516 WARNING px4med.drone: Drone 2: arm attempt 37 denied (Command Denied), retrying ...
2026-08-29 18:59:05,544 WARNING px4med.drone: Drone 2: arm attempt 38 denied (Command Denied), retrying ...
2026-08-29 18:59:07,572 WARNING px4med.drone: Drone 2: arm attempt 39 denied (Command Denied), retrying ...
2026-08-29 18:59:09,612 WARNING px4med.drone: Drone 2: arm attempt 40 denied (Command Denied), retrying ...
2026-08-29 18:59:11,640 WARNING px4med.drone: Drone 2: arm attempt 41 denied (Command Denied), retrying ...
2026-08-29 18:59:13,680 WARNING px4med.drone: Drone 2: arm attempt 42 denied (Command Denied), retrying ...
2026-08-29 18:59:15,708 WARNING px4med.drone: Drone 2: arm attempt 43 denied (Command Denied), retrying ...
2026-08-29 18:59:17,736 WARNING px4med.drone: Drone 2: arm attempt 44 denied (Command Denied), retrying ...
2026-08-29 18:59:19,764 WARNING px4med.drone: Drone 2: arm attempt 45 denied (Command Denied), retrying ...
2026-08-29 18:59:21,792 ERROR px4med.main: Fatal error — attempting graceful shutdown
Traceback (most recent call last):
  File "/home/zack/px4-med/src/px4med/main.py", line 235, in _async_main
  File "/home/zack/px4-med/src/px4med/coordinator.py", line 63, in run_episode
    await asyncio.gather(*(d.arm() for d in self.drones))
  File "/home/zack/px4-med/src/px4med/drone.py", line 224, in arm
    await self._system.action.arm()
  File "/home/zack/.cache/pypoetry/virtualenvs/px4med-_RTg89yz-py3.14/lib/python3.14/site-packages/mavsdk/action.py", line 359, in arm
    raise ActionError(result, "arm()")
mavsdk.action.ActionError: COMMAND_DENIED: 'Command Denied'; origin: arm(); params: ()
2026-08-29 18:59:21,808 INFO px4med.drone: Drone 0: landing commanded
2026-08-29 18:59:22,364 INFO px4med.drone: Drone 0: on the ground
2026-08-29 18:59:22,388 INFO px4med.drone: Drone 1: landing commanded
2026-08-29 18:59:22,392 INFO px4med.drone: Drone 1: on the ground
2026-08-29 18:59:22,416 INFO px4med.drone: Drone 2: landing commanded
2026-08-29 18:59:23,036 INFO px4med.drone: Drone 2: on the ground
2026-08-29 18:59:23,052 INFO px4med.drone: Drone 3: landing commanded
2026-08-29 18:59:23,348 INFO px4med.drone: Drone 3: on the ground
2026-08-29 18:59:23,372 INFO px4med.drone: Drone 4: landing commanded
2026-08-29 18:59:24,268 INFO px4med.drone: Drone 4: on the ground
2026-08-29 18:59:24,268 INFO px4med.main: Metrics flushed.
2026-08-29 18:59:24,268 INFO px4med.main: Stopping Docker container ...
2026-08-29 18:59:34,981 INFO px4med.docker_manager: Stopped container 3ece5813ab87
2026-08-29 18:59:34,981 INFO px4med.docker_manager: Cleaned PX4 instance logs under /mnt/data/px4-med-runs/logs
