2026-08-29 21:17:09,303 WARNING px4med.main: Config file not found: config/experiment.yaml — using defaults
2026-08-29 21:17:09,368 INFO px4med.main: Starting PX4 SITL container ...
2026-08-29 21:17:09,368 INFO px4med.docker_manager: Starting PX4 SITL container (image=zackmurry/dronevalkit-sim:latest, battery=5000mAh 4S 4.20->3.50V) ...
2026-08-29 21:17:10,832 INFO px4med.docker_manager: Container started: ae46d47d1540
2026-08-29 21:17:10,833 INFO px4med.main: Waiting for all drones to be ready ...
2026-08-29 21:17:26,873 INFO px4med.docker_manager: Drone 0 ready on port 14540 (attempt 5)
2026-08-29 21:17:26,925 INFO px4med.docker_manager: Drone 1 ready on port 14541 (attempt 5)
2026-08-29 21:17:29,005 INFO px4med.docker_manager: Drone 2 ready on port 14542 (attempt 5)
2026-08-29 21:17:30,377 INFO px4med.docker_manager: Drone 3 ready on port 14543 (attempt 5)
2026-08-29 21:17:33,878 INFO px4med.docker_manager: Drone 4 ready on port 14544 (attempt 7)
2026-08-29 21:17:34,313 INFO px4med.docker_manager: PX4 SITL ready on udpin://0.0.0.0:14540, udpin://0.0.0.0:14541, udpin://0.0.0.0:14542, udpin://0.0.0.0:14543, udpin://0.0.0.0:14544
2026-08-29 21:17:34,314 INFO px4med.main: SITL healthy.
2026-08-29 21:17:34,345 INFO px4med.boot: Settling 120s before first MAVSDK contact ...
2026-08-29 21:19:34,444 INFO px4med.boot: Convergence gate: probing drone 0 ...
2026-08-29 21:19:55,271 INFO px4med.boot: Convergence gate: drone 0 converged.
2026-08-29 21:19:55,271 INFO px4med.boot: Convergence gate: probing drone 1 ...
2026-08-29 21:20:15,590 INFO px4med.boot: Convergence gate: drone 1 converged.
2026-08-29 21:20:15,590 INFO px4med.boot: Convergence gate: probing drone 2 ...
2026-08-29 21:20:36,357 INFO px4med.boot: Convergence gate: drone 2 converged.
2026-08-29 21:20:36,357 INFO px4med.boot: Convergence gate: probing drone 3 ...
2026-08-29 21:20:57,435 INFO px4med.boot: Convergence gate: drone 3 converged.
2026-08-29 21:20:57,435 INFO px4med.boot: Convergence gate: probing drone 4 ...
2026-08-29 21:21:18,485 INFO px4med.boot: Convergence gate: drone 4 converged.
2026-08-29 21:21:18,485 INFO px4med.main: Connecting to 5 drone(s) ...
2026-08-29 21:21:18,588 INFO mavsdk_server: MAVSDK version: v3.15.0 (mavsdk_impl.cpp:33)
2026-08-29 21:21:18,617 INFO mavsdk_server: Waiting to discover system on udpin://0.0.0.0:14540... (connection_initiator.h:20)
2026-08-29 21:21:18,621 INFO mavsdk_server: New system on: 127.0.0.1:14580 (system ID: 1) (udp_connection.cpp:263)
2026-08-29 21:21:19,221 INFO mavsdk_server: System discovered (connection_initiator.h:62)
2026-08-29 21:21:19,224 INFO mavsdk_server: Server started (grpc_server.cpp:177)
2026-08-29 21:21:19,224 INFO mavsdk_server: Server set to listen on 0.0.0.0:50051 (grpc_server.cpp:178)
2026-08-29 21:21:38,586 INFO px4med.drone: Drone 0: MAVSDK connected (udpin://0.0.0.0:14540, grpc=50051)
2026-08-29 21:21:39,221 INFO px4med.drone: Drone 0: local position + home position ready
2026-08-29 21:21:39,233 INFO mavsdk_server: MAVSDK version: v3.15.0 (mavsdk_impl.cpp:33)
2026-08-29 21:21:39,247 INFO mavsdk_server: Waiting to discover system on udpin://0.0.0.0:14541... (connection_initiator.h:20)
2026-08-29 21:21:39,249 INFO mavsdk_server: New system on: 127.0.0.1:14581 (system ID: 2) (udp_connection.cpp:263)
2026-08-29 21:21:39,541 INFO mavsdk_server: System discovered (connection_initiator.h:62)
2026-08-29 21:21:39,544 INFO mavsdk_server: Server started (grpc_server.cpp:177)
2026-08-29 21:21:39,544 INFO mavsdk_server: Server set to listen on 0.0.0.0:50052 (grpc_server.cpp:178)
2026-08-29 21:21:59,227 INFO px4med.drone: Drone 1: MAVSDK connected (udpin://0.0.0.0:14541, grpc=50052)
2026-08-29 21:21:59,541 INFO px4med.drone: Drone 1: local position + home position ready
2026-08-29 21:21:59,547 INFO mavsdk_server: MAVSDK version: v3.15.0 (mavsdk_impl.cpp:33)
2026-08-29 21:21:59,561 INFO mavsdk_server: Waiting to discover system on udpin://0.0.0.0:14542... (connection_initiator.h:20)
2026-08-29 21:21:59,565 INFO mavsdk_server: New system on: 127.0.0.1:14582 (system ID: 3) (udp_connection.cpp:263)
2026-08-29 21:22:00,309 INFO mavsdk_server: System discovered (connection_initiator.h:62)
2026-08-29 21:22:00,311 INFO mavsdk_server: Server started (grpc_server.cpp:177)
2026-08-29 21:22:00,311 INFO mavsdk_server: Server set to listen on 0.0.0.0:50053 (grpc_server.cpp:178)
2026-08-29 21:22:19,546 INFO px4med.drone: Drone 2: MAVSDK connected (udpin://0.0.0.0:14542, grpc=50053)
2026-08-29 21:22:20,309 INFO px4med.drone: Drone 2: local position + home position ready
2026-08-29 21:22:20,316 INFO mavsdk_server: MAVSDK version: v3.15.0 (mavsdk_impl.cpp:33)
2026-08-29 21:22:20,330 INFO mavsdk_server: Waiting to discover system on udpin://0.0.0.0:14543... (connection_initiator.h:20)
2026-08-29 21:22:20,333 INFO mavsdk_server: New system on: 127.0.0.1:14583 (system ID: 4) (udp_connection.cpp:263)
2026-08-29 21:22:20,373 INFO mavsdk_server: System discovered (connection_initiator.h:62)
2026-08-29 21:22:20,376 INFO mavsdk_server: Server started (grpc_server.cpp:177)
2026-08-29 21:22:20,376 INFO mavsdk_server: Server set to listen on 0.0.0.0:50054 (grpc_server.cpp:178)
2026-08-29 21:22:40,315 INFO px4med.drone: Drone 3: MAVSDK connected (udpin://0.0.0.0:14543, grpc=50054)
2026-08-29 21:22:41,373 INFO px4med.drone: Drone 3: local position + home position ready
2026-08-29 21:22:41,383 INFO mavsdk_server: MAVSDK version: v3.15.0 (mavsdk_impl.cpp:33)
2026-08-29 21:22:41,396 INFO mavsdk_server: Waiting to discover system on udpin://0.0.0.0:14544... (connection_initiator.h:20)
2026-08-29 21:22:41,397 INFO mavsdk_server: New system on: 127.0.0.1:14584 (system ID: 5) (udp_connection.cpp:263)
2026-08-29 21:22:41,437 INFO mavsdk_server: System discovered (connection_initiator.h:62)
2026-08-29 21:22:41,440 INFO mavsdk_server: Server started (grpc_server.cpp:177)
2026-08-29 21:22:41,440 INFO mavsdk_server: Server set to listen on 0.0.0.0:50055 (grpc_server.cpp:178)
2026-08-29 21:23:01,379 INFO px4med.drone: Drone 4: MAVSDK connected (udpin://0.0.0.0:14544, grpc=50055)
2026-08-29 21:23:02,437 INFO px4med.drone: Drone 4: local position + home position ready
2026-08-29 21:23:02,437 INFO px4med.main: All drones connected.
2026-08-29 21:23:02,437 INFO px4med.main: Applying PX4 battery drain rate 180.00 ...
2026-08-29 21:23:02,441 INFO px4med.drone: Drone 0: param SDLOG_MODE=-1
2026-08-29 21:23:02,451 INFO px4med.drone: Drone 0: param COM_LOW_BAT_ACT=0
2026-08-29 21:23:02,461 INFO px4med.drone: Drone 0: param COM_ARM_BAT_MIN=0.00
2026-08-29 21:23:02,473 INFO px4med.drone: Drone 0: param COM_ARM_WO_GPS=2
2026-08-29 21:23:02,481 INFO px4med.drone: Drone 0: param CBRK_SUPPLY_CHK=894281
2026-08-29 21:23:02,493 INFO px4med.drone: Drone 0: param SIM_BAT_MIN_PCT=10.00
2026-08-29 21:23:02,501 INFO px4med.drone: Drone 0: param SIM_BAT_DRAIN=180.00
2026-08-29 21:23:02,513 INFO px4med.drone: Drone 0: verified param SIM_BAT_DRAIN=180.00
2026-08-29 21:23:02,513 INFO px4med.drone: Drone 0: battery profile drain_rate=180.00 sim_bat_min_pct=10.00
2026-08-29 21:23:02,521 INFO px4med.drone: Drone 1: param SDLOG_MODE=-1
2026-08-29 21:23:02,529 INFO px4med.drone: Drone 1: param COM_LOW_BAT_ACT=0
2026-08-29 21:23:02,541 INFO px4med.drone: Drone 1: param COM_ARM_BAT_MIN=0.00
2026-08-29 21:23:02,549 INFO px4med.drone: Drone 1: param COM_ARM_WO_GPS=2
2026-08-29 21:23:02,561 INFO px4med.drone: Drone 1: param CBRK_SUPPLY_CHK=894281
2026-08-29 21:23:02,569 INFO px4med.drone: Drone 1: param SIM_BAT_MIN_PCT=10.00
2026-08-29 21:23:02,581 INFO px4med.drone: Drone 1: param SIM_BAT_DRAIN=180.00
2026-08-29 21:23:02,590 INFO px4med.drone: Drone 1: verified param SIM_BAT_DRAIN=180.00
2026-08-29 21:23:02,590 INFO px4med.drone: Drone 1: battery profile drain_rate=180.00 sim_bat_min_pct=10.00
2026-08-29 21:23:02,603 INFO px4med.drone: Drone 2: param SDLOG_MODE=-1
2026-08-29 21:23:02,609 INFO px4med.drone: Drone 2: param COM_LOW_BAT_ACT=0
2026-08-29 21:23:02,620 INFO px4med.drone: Drone 2: param COM_ARM_BAT_MIN=0.00
2026-08-29 21:23:02,630 INFO px4med.drone: Drone 2: param COM_ARM_WO_GPS=2
2026-08-29 21:23:02,641 INFO px4med.drone: Drone 2: param CBRK_SUPPLY_CHK=894281
2026-08-29 21:23:02,653 INFO px4med.drone: Drone 2: param SIM_BAT_MIN_PCT=10.00
2026-08-29 21:23:02,661 INFO px4med.drone: Drone 2: param SIM_BAT_DRAIN=180.00
2026-08-29 21:23:02,673 INFO px4med.drone: Drone 2: verified param SIM_BAT_DRAIN=180.00
2026-08-29 21:23:02,673 INFO px4med.drone: Drone 2: battery profile drain_rate=180.00 sim_bat_min_pct=10.00
2026-08-29 21:23:02,677 INFO px4med.drone: Drone 3: param SDLOG_MODE=-1
2026-08-29 21:23:02,690 INFO px4med.drone: Drone 3: param COM_LOW_BAT_ACT=0
2026-08-29 21:23:02,697 INFO px4med.drone: Drone 3: param COM_ARM_BAT_MIN=0.00
2026-08-29 21:23:02,708 INFO px4med.drone: Drone 3: param COM_ARM_WO_GPS=2
2026-08-29 21:23:02,718 INFO px4med.drone: Drone 3: param CBRK_SUPPLY_CHK=894281
2026-08-29 21:23:02,729 INFO px4med.drone: Drone 3: param SIM_BAT_MIN_PCT=10.00
2026-08-29 21:23:02,745 INFO px4med.drone: Drone 3: param SIM_BAT_DRAIN=180.00
2026-08-29 21:23:02,749 INFO px4med.drone: Drone 3: verified param SIM_BAT_DRAIN=180.00
2026-08-29 21:23:02,749 INFO px4med.drone: Drone 3: battery profile drain_rate=180.00 sim_bat_min_pct=10.00
2026-08-29 21:23:02,757 INFO px4med.drone: Drone 4: param SDLOG_MODE=-1
2026-08-29 21:23:02,768 INFO px4med.drone: Drone 4: param COM_LOW_BAT_ACT=0
2026-08-29 21:23:02,777 INFO px4med.drone: Drone 4: param COM_ARM_BAT_MIN=0.00
2026-08-29 21:23:02,791 INFO px4med.drone: Drone 4: param COM_ARM_WO_GPS=2
2026-08-29 21:23:02,797 INFO px4med.drone: Drone 4: param CBRK_SUPPLY_CHK=894281
2026-08-29 21:23:02,811 INFO px4med.drone: Drone 4: param SIM_BAT_MIN_PCT=10.00
2026-08-29 21:23:02,817 INFO px4med.drone: Drone 4: param SIM_BAT_DRAIN=180.00
2026-08-29 21:23:02,831 INFO px4med.drone: Drone 4: verified param SIM_BAT_DRAIN=180.00
2026-08-29 21:23:02,832 INFO px4med.drone: Drone 4: battery profile drain_rate=180.00 sim_bat_min_pct=10.00
2026-08-29 21:23:02,832 INFO px4med.main: Applying PX4 speed factor 3.00 ...
2026-08-29 21:23:02,841 INFO px4med.drone: Drone 0: param MPC_XY_CRUISE=15.00
2026-08-29 21:23:02,845 INFO px4med.drone: Drone 0: param MPC_XY_VEL_MAX=36.00
2026-08-29 21:23:02,861 INFO px4med.drone: Drone 0: param MPC_Z_VEL_MAX_UP=9.00
2026-08-29 21:23:02,865 INFO px4med.drone: Drone 0: param MPC_Z_VEL_MAX_DN=4.50
2026-08-29 21:23:02,865 INFO px4med.drone: Drone 0: speed profile factor=3.00 xy_cruise=15.00 xy_max=36.00 z_up=9.00 z_down=4.50
2026-08-29 21:23:02,873 INFO px4med.drone: Drone 1: param MPC_XY_CRUISE=15.00
2026-08-29 21:23:02,890 INFO px4med.drone: Drone 1: param MPC_XY_VEL_MAX=36.00
2026-08-29 21:23:02,897 INFO px4med.drone: Drone 1: param MPC_Z_VEL_MAX_UP=9.00
2026-08-29 21:23:02,905 INFO px4med.drone: Drone 1: param MPC_Z_VEL_MAX_DN=4.50
2026-08-29 21:23:02,906 INFO px4med.drone: Drone 1: speed profile factor=3.00 xy_cruise=15.00 xy_max=36.00 z_up=9.00 z_down=4.50
2026-08-29 21:23:02,914 INFO px4med.drone: Drone 2: param MPC_XY_CRUISE=15.00
2026-08-29 21:23:02,924 INFO px4med.drone: Drone 2: param MPC_XY_VEL_MAX=36.00
2026-08-29 21:23:02,933 INFO px4med.drone: Drone 2: param MPC_Z_VEL_MAX_UP=9.00
2026-08-29 21:23:02,943 INFO px4med.drone: Drone 2: param MPC_Z_VEL_MAX_DN=4.50
2026-08-29 21:23:02,944 INFO px4med.drone: Drone 2: speed profile factor=3.00 xy_cruise=15.00 xy_max=36.00 z_up=9.00 z_down=4.50
2026-08-29 21:23:02,949 INFO px4med.drone: Drone 3: param MPC_XY_CRUISE=15.00
2026-08-29 21:23:02,966 INFO px4med.drone: Drone 3: param MPC_XY_VEL_MAX=36.00
2026-08-29 21:23:02,973 INFO px4med.drone: Drone 3: param MPC_Z_VEL_MAX_UP=9.00
2026-08-29 21:23:02,986 INFO px4med.drone: Drone 3: param MPC_Z_VEL_MAX_DN=4.50
2026-08-29 21:23:02,986 INFO px4med.drone: Drone 3: speed profile factor=3.00 xy_cruise=15.00 xy_max=36.00 z_up=9.00 z_down=4.50
2026-08-29 21:23:02,997 INFO px4med.drone: Drone 4: param MPC_XY_CRUISE=15.00
2026-08-29 21:23:03,011 INFO px4med.drone: Drone 4: param MPC_XY_VEL_MAX=36.00
2026-08-29 21:23:03,017 INFO px4med.drone: Drone 4: param MPC_Z_VEL_MAX_UP=9.00
2026-08-29 21:23:03,032 INFO px4med.drone: Drone 4: param MPC_Z_VEL_MAX_DN=4.50
2026-08-29 21:23:03,032 INFO px4med.drone: Drone 4: speed profile factor=3.00 xy_cruise=15.00 xy_max=36.00 z_up=9.00 z_down=4.50
WARNING: All log messages before absl::InitializeLog() is called are written to STDERR
I0000 00:00:1788063784.430439 2725575 fork_posix.cc:71] Other threads are currently calling into gRPC, skipping fork() handlers
I0000 00:00:1788063784.471623 2725575 fork_posix.cc:71] Other threads are currently calling into gRPC, skipping fork() handlers
2026-08-29 21:23:04,588 INFO px4med.main: Policy loaded from models/ctde_agent_marl_FGCS.pth (device=cpu)
<frozen importlib._bootstrap>:491: RuntimeWarning: Your system is avx2 capable but pygame was not built with support for it. The performance of some of your blits could be adversely affected. Consider enabling compile time detection with environment variables like PYGAME_DETECT_AVX2=1 if you are compiling without cross compilation.
pygame 2.6.1 (SDL 2.32.70, Python 3.14.5)
Hello from the pygame community. https://www.pygame.org/contribute.html
2026-08-29 21:23:04,896 INFO px4med.main: Run ID: 20260829_212304 — logs → logs
2026-08-29 21:23:04,896 INFO px4med.main: ═══ Episode 1 / 1 ═══
2026-08-29 21:23:05,434 INFO px4med.drone: Drone 2: armed (attempt 1)
2026-08-29 21:23:05,434 INFO px4med.drone: Drone 0: armed (attempt 1)
2026-08-29 21:23:05,435 INFO px4med.drone: Drone 3: armed (attempt 1)
2026-08-29 21:23:05,438 INFO px4med.drone: Drone 1: armed (attempt 1)
2026-08-29 21:23:05,442 INFO px4med.drone: Drone 4: armed (attempt 1)
2026-08-29 21:23:07,027 INFO px4med.drone: Drone 2: airborne at 20.0 m AGL
2026-08-29 21:23:07,138 INFO px4med.drone: Drone 0: airborne at 20.0 m AGL
2026-08-29 21:23:07,158 INFO px4med.drone: Drone 1: airborne at 20.0 m AGL
2026-08-29 21:23:07,190 INFO px4med.drone: Drone 3: airborne at 20.0 m AGL
2026-08-29 21:23:07,254 INFO px4med.drone: Drone 4: airborne at 20.0 m AGL
2026-08-29 21:23:07,255 INFO px4med.coordinator: Repositioning drones to training start positions: [(93, 38), (82, 40), (10, 42), (4, 84), (5, 69)]
2026-08-29 21:23:08,042 INFO px4med.drone: Drone 2: offboard mode started
2026-08-29 21:23:08,050 WARNING mavsdk_server: Received ack for not-existing command: 176! Ignoring... (mavlink_command_sender.cpp:304)
2026-08-29 21:23:08,154 INFO px4med.drone: Drone 0: offboard mode started
2026-08-29 21:23:08,158 WARNING mavsdk_server: Received ack for not-existing command: 176! Ignoring... (mavlink_command_sender.cpp:304)
2026-08-29 21:23:08,178 INFO px4med.drone: Drone 1: offboard mode started
2026-08-29 21:23:08,186 WARNING mavsdk_server: Received ack for not-existing command: 176! Ignoring... (mavlink_command_sender.cpp:304)
2026-08-29 21:23:08,205 WARNING mavsdk_server: Received ack for not-existing command: 176! Ignoring... (mavlink_command_sender.cpp:304)
2026-08-29 21:23:08,206 INFO px4med.drone: Drone 3: offboard mode started
2026-08-29 21:23:08,270 INFO px4med.drone: Drone 4: offboard mode started
2026-08-29 21:23:08,274 WARNING mavsdk_server: Received ack for not-existing command: 176! Ignoring... (mavlink_command_sender.cpp:304)
2026-08-29 21:23:24,255 INFO px4med.coordinator: Drones settled near start grids: [(94, 38), (82, 40), (10, 41), (4, 84), (5, 69)]
2026-08-29 21:23:25,358 INFO px4med.coordinator: Episode 0 step 1/800 | actions=[0, 1, 3, 1, 3] | sim_pos=[(94, 37), (82, 41), (11, 41), (4, 85), (6, 69)] | pending=20 | deliveries=[] | landed=[False, False, False, False, False] | depleted=[False, False, False, False, False] | phase=rescue | reward=1.44
2026-08-29 21:23:27,267 INFO px4med.coordinator: Episode 0 step 2/800 | actions=[0, 1, 4, 1, 3] | sim_pos=[(94, 37), (82, 41), (10, 41), (4, 85), (6, 69)] | pending=20 | deliveries=[] | landed=[False, False, False, False, False] | depleted=[False, False, False, False, False] | phase=rescue | reward=-0.06
2026-08-29 21:23:28,270 INFO px4med.coordinator: Episode 0 step 3/800 | actions=[0, 1, 3, 3, 2] | sim_pos=[(94, 36), (82, 42), (12, 41), (5, 85), (5, 69)] | pending=20 | deliveries=[] | landed=[False, False, False, False, False] | depleted=[False, False, False, False, False] | phase=rescue | reward=0.44
2026-08-29 21:23:30,272 INFO px4med.coordinator: Episode 0 step 4/800 | actions=[0, 1, 4, 1, 0] | sim_pos=[(94, 35), (82, 43), (11, 41), (5, 86), (5, 68)] | pending=20 | deliveries=[] | landed=[False, False, False, False, False] | depleted=[False, False, False, False, False] | phase=rescue | reward=-1.06
2026-08-29 21:23:32,178 INFO px4med.coordinator: Episode 0 step 5/800 | actions=[0, 1, 3, 1, 3] | sim_pos=[(94, 35), (82, 43), (13, 41), (5, 86), (6, 69)] | pending=20 | deliveries=[] | landed=[False, False, False, False, False] | depleted=[False, False, False, False, False] | phase=rescue | reward=1.44
2026-08-29 21:23:34,270 INFO px4med.coordinator: Episode 0 step 6/800 | actions=[0, 2, 2, 1, 2] | sim_pos=[(94, 34), (81, 43), (11, 41), (5, 87), (5, 69)] | pending=20 | deliveries=[] | landed=[False, False, False, False, False] | depleted=[False, False, False, False, False] | phase=rescue | reward=0.44
2026-08-29 21:23:36,267 INFO px4med.coordinator: Episode 0 step 7/800 | actions=[0, 1, 2, 1, 3] | sim_pos=[(94, 33), (81, 44), (11, 41), (5, 88), (6, 69)] | pending=20 | deliveries=[] | landed=[False, False, False, False, False] | depleted=[False, False, False, False, False] | phase=rescue | reward=1.43
2026-08-29 21:23:38,153 INFO px4med.coordinator: Episode 0 step 8/800 | actions=[0, 1, 4, 1, 3] | sim_pos=[(94, 33), (81, 44), (11, 41), (5, 88), (6, 69)] | pending=20 | deliveries=[] | landed=[False, False, False, False, False] | depleted=[False, False, False, False, False] | phase=rescue | reward=0.93
2026-08-29 21:23:39,268 INFO px4med.coordinator: Episode 0 step 9/800 | actions=[0, 1, 3, 1, 2] | sim_pos=[(94, 32), (81, 45), (12, 41), (5, 89), (5, 69)] | pending=20 | deliveries=[] | landed=[False, False, False, False, False] | depleted=[False, False, False, False, False] | phase=rescue | reward=1.43
2026-08-29 21:23:41,173 INFO px4med.coordinator: Episode 0 step 10/800 | actions=[0, 1, 2, 1, 2] | sim_pos=[(94, 32), (81, 45), (10, 41), (5, 89), (5, 69)] | pending=20 | deliveries=[] | landed=[False, False, False, False, False] | depleted=[False, False, False, False, False] | phase=rescue | reward=0.43
2026-08-29 21:23:43,267 INFO px4med.coordinator: Episode 0 step 11/800 | actions=[2, 1, 2, 1, 3] | sim_pos=[(93, 32), (81, 46), (10, 41), (5, 90), (6, 69)] | pending=20 | deliveries=[] | landed=[False, False, False, False, False] | depleted=[False, False, False, False, False] | phase=rescue | reward=1.43
2026-08-29 21:23:45,150 INFO px4med.coordinator: Episode 0 step 12/800 | actions=[0, 1, 2, 1, 3] | sim_pos=[(94, 31), (81, 46), (9, 41), (5, 90), (6, 69)] | pending=20 | deliveries=[] | landed=[False, False, False, False, False] | depleted=[False, False, False, False, False] | phase=rescue | reward=1.43
2026-08-29 21:23:47,268 INFO px4med.coordinator: Episode 0 step 13/800 | actions=[2, 1, 2, 1, 2] | sim_pos=[(92, 32), (81, 47), (9, 41), (5, 91), (5, 69)] | pending=20 | deliveries=[] | landed=[False, False, False, False, False] | depleted=[False, False, False, False, False] | phase=rescue | reward=0.43
2026-08-29 21:23:49,268 INFO px4med.coordinator: Episode 0 step 14/800 | actions=[0, 1, 4, 1, 3] | sim_pos=[(93, 31), (81, 48), (9, 41), (5, 92), (6, 69)] | pending=20 | deliveries=[] | landed=[False, False, False, False, False] | depleted=[False, False, False, False, False] | phase=rescue | reward=0.93
2026-08-29 21:23:51,281 INFO px4med.coordinator: Episode 0 step 15/800 | actions=[2, 1, 3, 1, 3] | sim_pos=[(91, 32), (81, 48), (10, 41), (5, 92), (6, 69)] | pending=20 | deliveries=[] | landed=[False, False, False, False, False] | depleted=[False, False, False, False, False] | phase=rescue | reward=2.43
2026-08-29 21:23:53,290 INFO px4med.coordinator: Episode 0 step 16/800 | actions=[2, 1, 2, 3, 2] | sim_pos=[(91, 32), (81, 49), (9, 41), (6, 92), (5, 69)] | pending=19 | deliveries=[6] | landed=[False, False, False, False, False] | depleted=[False, False, False, False, False] | phase=rescue | reward=20.14
2026-08-29 21:23:54,272 INFO px4med.coordinator: Episode 0 step 17/800 | actions=[0, 1, 2, 0, 2] | sim_pos=[(91, 31), (81, 49), (9, 41), (5, 91), (5, 69)] | pending=19 | deliveries=[] | landed=[False, False, False, False, False] | depleted=[False, False, False, False, False] | phase=rescue | reward=0.43
2026-08-29 21:23:56,267 INFO px4med.coordinator: Episode 0 step 18/800 | actions=[0, 1, 2, 0, 3] | sim_pos=[(91, 31), (81, 50), (8, 41), (6, 91), (6, 69)] | pending=19 | deliveries=[] | landed=[False, False, False, False, False] | depleted=[False, False, False, False, False] | phase=rescue | reward=0.43
2026-08-29 21:23:58,172 INFO px4med.coordinator: Episode 0 step 19/800 | actions=[0, 1, 2, 3, 3] | sim_pos=[(91, 30), (81, 50), (8, 41), (6, 91), (6, 69)] | pending=19 | deliveries=[] | landed=[False, False, False, False, False] | depleted=[False, False, False, False, False] | phase=rescue | reward=0.43
2026-08-29 21:23:59,280 INFO px4med.coordinator: Episode 0 step 20/800 | actions=[0, 1, 2, 0, 2] | sim_pos=[(91, 30), (81, 51), (7, 41), (6, 90), (5, 69)] | pending=19 | deliveries=[] | landed=[False, False, False, False, False] | depleted=[False, False, False, False, False] | phase=rescue | reward=-0.57
2026-08-29 21:24:01,169 INFO px4med.coordinator: Episode 0 step 21/800 | actions=[0, 1, 2, 3, 2] | sim_pos=[(91, 29), (81, 51), (7, 41), (7, 91), (5, 69)] | pending=19 | deliveries=[] | landed=[False, False, False, False, False] | depleted=[False, False, False, False, False] | phase=rescue | reward=-0.57
2026-08-29 21:24:03,271 INFO px4med.coordinator: Episode 0 step 22/800 | actions=[0, 1, 3, 0, 2] | sim_pos=[(91, 29), (81, 52), (8, 41), (6, 89), (4, 69)] | pending=19 | deliveries=[] | landed=[False, False, False, False, False] | depleted=[False, False, False, False, False] | phase=rescue | reward=0.42
2026-08-29 21:24:05,271 INFO px4med.coordinator: Episode 0 step 23/800 | actions=[0, 3, 2, 3, 1] | sim_pos=[(91, 28), (82, 52), (7, 41), (7, 90), (4, 70)] | pending=19 | deliveries=[] | landed=[False, False, False, False, False] | depleted=[False, False, False, False, False] | phase=rescue | reward=0.42
2026-08-29 21:24:07,267 INFO px4med.coordinator: Episode 0 step 24/800 | actions=[0, 0, 2, 0, 3] | sim_pos=[(91, 28), (81, 51), (7, 41), (6, 88), (5, 69)] | pending=19 | deliveries=[] | landed=[False, False, False, False, False] | depleted=[False, False, False, False, False] | phase=rescue | reward=1.42
2026-08-29 21:24:09,270 INFO px4med.coordinator: Episode 0 step 25/800 | actions=[0, 3, 3, 3, 3] | sim_pos=[(91, 27), (82, 51), (8, 41), (7, 89), (6, 69)] | pending=29 | deliveries=[] | landed=[False, False, False, False, False] | depleted=[False, False, False, False, False] | phase=rescue | reward=1.42
2026-08-29 21:24:11,268 INFO px4med.coordinator: Episode 0 step 26/800 | actions=[2, 3, 3, 1, 3] | sim_pos=[(90, 28), (82, 51), (8, 41), (6, 89), (6, 69)] | pending=29 | deliveries=[] | landed=[False, False, False, False, False] | depleted=[False, False, False, False, False] | phase=rescue | reward=1.42
2026-08-29 21:24:13,268 INFO px4med.coordinator: Episode 0 step 27/800 | actions=[2, 1, 1, 3, 2] | sim_pos=[(90, 27), (82, 52), (8, 42), (8, 89), (5, 69)] | pending=29 | deliveries=[] | landed=[False, False, False, False, False] | depleted=[False, False, False, False, False] | phase=rescue | reward=1.42
2026-08-29 21:24:15,271 INFO px4med.coordinator: Episode 0 step 28/800 | actions=[2, 3, 4, 3, 3] | sim_pos=[(89, 27), (83, 52), (8, 42), (8, 89), (6, 69)] | pending=29 | deliveries=[] | landed=[False, False, False, False, False] | depleted=[False, False, False, False, False] | phase=rescue | reward=0.92
2026-08-29 21:24:16,274 INFO px4med.coordinator: Episode 0 step 29/800 | actions=[2, 1, 3, 0, 3] | sim_pos=[(89, 27), (82, 53), (9, 42), (8, 88), (6, 69)] | pending=29 | deliveries=[] | landed=[False, False, False, False, False] | depleted=[False, False, False, False, False] | phase=rescue | reward=2.42
2026-08-29 21:24:18,268 INFO px4med.coordinator: Episode 0 step 30/800 | actions=[2, 1, 2, 3, 2] | sim_pos=[(88, 27), (83, 53), (7, 42), (9, 89), (5, 69)] | pending=29 | deliveries=[] | landed=[False, False, False, False, False] | depleted=[False, False, False, False, False] | phase=rescue | reward=0.42
2026-08-29 21:24:20,269 INFO px4med.coordinator: Episode 0 step 31/800 | actions=[0, 1, 1, 0, 3] | sim_pos=[(88, 26), (83, 54), (8, 43), (9, 88), (6, 69)] | pending=29 | deliveries=[] | landed=[False, False, False, False, False] | depleted=[False, False, False, False, False] | phase=rescue | reward=2.42
2026-08-29 21:24:22,267 INFO px4med.coordinator: Episode 0 step 32/800 | actions=[2, 1, 2, 3, 3] | sim_pos=[(87, 27), (83, 54), (6, 42), (10, 89), (6, 69)] | pending=29 | deliveries=[] | landed=[False, False, False, False, False] | depleted=[False, False, False, False, False] | phase=rescue | reward=0.41
2026-08-29 21:24:24,281 INFO px4med.coordinator: Episode 0 step 33/800 | actions=[0, 1, 2, 0, 2] | sim_pos=[(87, 26), (83, 55), (6, 42), (10, 88), (5, 69)] | pending=29 | deliveries=[] | landed=[False, False, False, False, False] | depleted=[False, False, False, False, False] | phase=rescue | reward=0.41
2026-08-29 21:24:25,268 INFO px4med.coordinator: Episode 0 step 34/800 | actions=[2, 1, 3, 0, 2] | sim_pos=[(86, 27), (83, 55), (7, 42), (10, 88), (5, 69)] | pending=29 | deliveries=[] | landed=[False, False, False, False, False] | depleted=[False, False, False, False, False] | phase=rescue | reward=1.41
2026-08-29 21:24:27,280 INFO px4med.coordinator: Episode 0 step 35/800 | actions=[2, 1, 3, 3, 3] | sim_pos=[(86, 26), (83, 56), (7, 42), (11, 88), (6, 69)] | pending=29 | deliveries=[] | landed=[False, False, False, False, False] | depleted=[False, False, False, False, False] | phase=rescue | reward=2.41
2026-08-29 21:24:29,173 INFO px4med.coordinator: Episode 0 step 36/800 | actions=[2, 1, 2, 3, 3] | sim_pos=[(85, 27), (83, 56), (6, 42), (11, 88), (6, 69)] | pending=29 | deliveries=[] | landed=[False, False, False, False, False] | depleted=[False, False, False, False, False] | phase=rescue | reward=1.41
2026-08-29 21:24:31,268 INFO px4med.coordinator: Episode 0 step 37/800 | actions=[2, 1, 2, 3, 2] | sim_pos=[(85, 26), (83, 57), (6, 42), (12, 88), (5, 69)] | pending=28 | deliveries=[26] | landed=[False, False, False, False, False] | depleted=[False, False, False, False, False] | phase=rescue | reward=50.26
2026-08-29 21:24:32,268 INFO px4med.coordinator: Episode 0 step 38/800 | actions=[2, 2, 3, 3, 2] | sim_pos=[(84, 27), (82, 56), (7, 42), (12, 88), (5, 69)] | pending=28 | deliveries=[] | landed=[False, False, False, False, False] | depleted=[False, False, False, False, False] | phase=rescue | reward=1.41
2026-08-29 21:24:34,270 INFO px4med.coordinator: Episode 0 step 39/800 | actions=[2, 2, 3, 0, 1] | sim_pos=[(84, 26), (82, 57), (7, 42), (12, 87), (5, 70)] | pending=28 | deliveries=[] | landed=[False, False, False, False, False] | depleted=[False, False, False, False, False] | phase=rescue | reward=1.41
2026-08-29 21:24:35,266 INFO px4med.coordinator: Episode 0 step 40/800 | actions=[0, 2, 2, 0, 3] | sim_pos=[(84, 26), (81, 56), (6, 42), (12, 87), (6, 69)] | pending=28 | deliveries=[] | landed=[False, False, False, False, False] | depleted=[False, False, False, False, False] | phase=rescue | reward=0.41
2026-08-29 21:24:37,271 INFO px4med.coordinator: Episode 0 step 41/800 | actions=[0, 2, 2, 3, 3] | sim_pos=[(84, 25), (81, 57), (6, 42), (13, 87), (6, 70)] | pending=27 | deliveries=[9] | landed=[False, False, False, False, False] | depleted=[False, False, False, False, False] | phase=rescue | reward=31.97
2026-08-29 21:24:38,268 INFO px4med.coordinator: Episode 0 step 42/800 | actions=[2, 2, 3, 1, 2] | sim_pos=[(83, 26), (80, 56), (7, 42), (12, 88), (5, 69)] | pending=27 | deliveries=[] | landed=[False, False, False, False, False] | depleted=[False, False, False, False, False] | phase=rescue | reward=1.41
2026-08-29 21:24:40,274 INFO px4med.coordinator: Episode 0 step 43/800 | actions=[0, 2, 3, 3, 0] | sim_pos=[(84, 24), (80, 57), (7, 42), (14, 87), (6, 69)] | pending=27 | deliveries=[] | landed=[False, False, False, False, False] | depleted=[False, False, False, False, False] | phase=rescue | reward=1.41
2026-08-29 21:24:42,280 INFO px4med.coordinator: Episode 0 step 44/800 | actions=[0, 2, 2, 3, 2] | sim_pos=[(84, 24), (79, 57), (6, 42), (14, 87), (5, 69)] | pending=27 | deliveries=[] | landed=[False, False, False, False, False] | depleted=[False, False, False, False, False] | phase=rescue | reward=0.40
2026-08-29 21:24:43,280 INFO px4med.coordinator: Episode 0 step 45/800 | actions=[0, 2, 2, 3, 2] | sim_pos=[(84, 23), (79, 57), (6, 42), (15, 87), (5, 69)] | pending=27 | deliveries=[] | landed=[False, False, False, False, False] | depleted=[False, False, False, False, False] | phase=rescue | reward=0.40
2026-08-29 21:24:44,276 INFO px4med.coordinator: Episode 0 step 46/800 | actions=[0, 2, 3, 3, 2] | sim_pos=[(84, 23), (78, 57), (7, 42), (15, 87), (5, 69)] | pending=27 | deliveries=[] | landed=[False, False, False, False, False] | depleted=[False, False, False, False, False] | phase=rescue | reward=1.40
2026-08-29 21:24:45,273 INFO px4med.coordinator: Episode 0 step 47/800 | actions=[0, 2, 3, 1, 1] | sim_pos=[(84, 22), (78, 57), (7, 42), (15, 88), (5, 70)] | pending=27 | deliveries=[] | landed=[False, False, False, False, False] | depleted=[False, False, False, False, False] | phase=rescue | reward=2.40
2026-08-29 21:24:46,274 INFO px4med.coordinator: Episode 0 step 48/800 | actions=[0, 2, 2, 1, 3] | sim_pos=[(84, 22), (77, 57), (6, 42), (15, 88), (6, 69)] | pending=37 | deliveries=[] | landed=[False, False, False, False, False] | depleted=[False, False, False, False, False] | phase=rescue | reward=1.40
2026-08-29 21:24:48,279 INFO px4med.coordinator: Episode 0 step 49/800 | actions=[3, 2, 3, 3, 3] | sim_pos=[(85, 22), (77, 57), (8, 42), (16, 88), (6, 70)] | pending=37 | deliveries=[] | landed=[False, False, False, False, False] | depleted=[False, False, False, False, False] | phase=rescue | reward=2.40
2026-08-29 21:24:50,275 INFO px4med.coordinator: Episode 0 step 50/800 | actions=[3, 1, 3, 3, 0] | sim_pos=[(86, 22), (77, 58), (8, 42), (17, 88), (6, 69)] | pending=37 | deliveries=[] | landed=[False, False, False, False, False] | depleted=[False, False, False, False, False] | phase=rescue | reward=1.40
2026-08-29 21:24:51,283 INFO px4med.coordinator: Episode 0 step 51/800 | actions=[3, 1, 3, 3, 0] | sim_pos=[(86, 22), (77, 58), (9, 42), (17, 88), (6, 69)] | pending=37 | deliveries=[] | landed=[False, False, False, False, False] | depleted=[False, False, False, False, False] | phase=rescue | reward=1.40
2026-08-29 21:24:52,275 INFO px4med.coordinator: Episode 0 step 52/800 | actions=[3, 1, 3, 3, 0] | sim_pos=[(87, 22), (77, 59), (9, 42), (18, 88), (6, 69)] | pending=37 | deliveries=[] | landed=[False, False, False, False, False] | depleted=[False, False, False, False, False] | phase=rescue | reward=1.40
2026-08-29 21:24:53,285 INFO px4med.coordinator: Episode 0 step 53/800 | actions=[3, 1, 2, 3, 2] | sim_pos=[(87, 22), (77, 59), (8, 42), (18, 88), (5, 69)] | pending=37 | deliveries=[] | landed=[False, False, False, False, False] | depleted=[False, False, False, False, False] | phase=rescue | reward=0.39
2026-08-29 21:24:54,278 INFO px4med.coordinator: Episode 0 step 54/800 | actions=[0, 1, 3, 3, 2] | sim_pos=[(87, 21), (77, 60), (10, 42), (19, 88), (5, 69)] | pending=37 | deliveries=[] | landed=[False, False, False, False, False] | depleted=[False, False, False, False, False] | phase=rescue | reward=1.39
2026-08-29 21:24:56,276 INFO px4med.coordinator: Episode 0 step 55/800 | actions=[3, 1, 3, 3, 3] | sim_pos=[(88, 21), (77, 61), (10, 42), (20, 88), (6, 69)] | pending=36 | deliveries=[2] | landed=[False, False, False, False, False] | depleted=[False, False, False, False, False] | phase=rescue | reward=19.14
2026-08-29 21:24:58,183 INFO px4med.coordinator: Episode 0 step 56/800 | actions=[0, 1, 3, 3, 3] | sim_pos=[(87, 20), (77, 61), (11, 42), (20, 88), (6, 69)] | pending=36 | deliveries=[] | landed=[False, False, False, False, False] | depleted=[False, False, False, False, False] | phase=rescue | reward=2.39
2026-08-29 21:25:00,276 INFO px4med.coordinator: Episode 0 step 57/800 | actions=[2, 2, 3, 3, 1] | sim_pos=[(87, 21), (76, 61), (11, 42), (21, 88), (6, 70)] | pending=34 | deliveries=[24, 25] | landed=[False, False, False, False, False] | depleted=[False, False, False, False, False] | phase=rescue | reward=39.17
2026-08-29 21:25:02,180 INFO px4med.coordinator: Episode 0 step 58/800 | actions=[2, 2, 2, 2, 1] | sim_pos=[(86, 20), (76, 61), (10, 42), (19, 88), (6, 70)] | pending=34 | deliveries=[] | landed=[False, False, False, False, False] | depleted=[False, False, False, False, False] | phase=rescue | reward=1.39
2026-08-29 21:25:04,274 INFO px4med.coordinator: Episode 0 step 59/800 | actions=[2, 2, 3, 2, 2] | sim_pos=[(85, 20), (75, 61), (11, 42), (19, 88), (5, 70)] | pending=34 | deliveries=[] | landed=[False, False, False, False, False] | depleted=[False, False, False, False, False] | phase=rescue | reward=1.39
2026-08-29 21:25:06,188 INFO px4med.coordinator: Episode 0 step 60/800 | actions=[2, 2, 2, 2, 0] | sim_pos=[(85, 20), (75, 61), (9, 42), (18, 88), (6, 69)] | pending=34 | deliveries=[] | landed=[False, False, False, False, False] | depleted=[False, False, False, False, False] | phase=rescue | reward=0.39
2026-08-29 21:25:08,277 INFO px4med.coordinator: Episode 0 step 61/800 | actions=[2, 1, 1, 2, 2] | sim_pos=[(84, 20), (75, 62), (10, 43), (17, 88), (5, 69)] | pending=34 | deliveries=[] | landed=[False, False, False, False, False] | depleted=[False, False, False, False, False] | phase=rescue | reward=1.39
2026-08-29 21:25:10,283 INFO px4med.coordinator: Episode 0 step 62/800 | actions=[2, 1, 2, 0, 2] | sim_pos=[(84, 20), (75, 62), (8, 42), (17, 87), (5, 69)] | pending=34 | deliveries=[] | landed=[False, False, False, False, False] | depleted=[False, False, False, False, False] | phase=rescue | reward=0.38
2026-08-29 21:25:12,275 INFO px4med.coordinator: Episode 0 step 63/800 | actions=[2, 2, 1, 0, 0] | sim_pos=[(83, 20), (74, 62), (9, 43), (17, 86), (5, 68)] | pending=34 | deliveries=[] | landed=[False, False, False, False, False] | depleted=[False, False, False, False, False] | phase=rescue | reward=1.38
2026-08-29 21:25:14,282 INFO px4med.coordinator: Episode 0 step 64/800 | actions=[2, 2, 2, 0, 3] | sim_pos=[(83, 20), (74, 62), (7, 42), (17, 86), (6, 69)] | pending=34 | deliveries=[] | landed=[False, False, False, False, False] | depleted=[False, False, False, False, False] | phase=rescue | reward=1.38
2026-08-29 21:25:16,273 INFO px4med.coordinator: Episode 0 step 65/800 | actions=[2, 1, 3, 0, 1] | sim_pos=[(82, 20), (74, 63), (9, 42), (17, 85), (6, 70)] | pending=34 | deliveries=[] | landed=[False, False, False, False, False] | depleted=[False, False, False, False, False] | phase=rescue | reward=2.38
2026-08-29 21:25:18,278 INFO px4med.coordinator: Episode 0 step 66/800 | actions=[2, 2, 2, 0, 2] | sim_pos=[(81, 20), (73, 63), (7, 42), (17, 84), (5, 70)] | pending=34 | deliveries=[] | landed=[False, False, False, False, False] | depleted=[False, False, False, False, False] | phase=rescue | reward=-0.62
2026-08-29 21:25:20,275 INFO px4med.coordinator: Episode 0 step 67/800 | actions=[0, 2, 3, 0, 0] | sim_pos=[(81, 19), (72, 63), (9, 42), (17, 83), (5, 69)] | pending=34 | deliveries=[] | landed=[False, False, False, False, False] | depleted=[False, False, False, False, False] | phase=rescue | reward=1.38
2026-08-29 21:25:22,297 INFO px4med.coordinator: Episode 0 step 68/800 | actions=[0, 2, 2, 2, 3] | sim_pos=[(81, 18), (71, 63), (7, 42), (16, 83), (6, 69)] | pending=34 | deliveries=[] | landed=[False, False, False, False, False] | depleted=[False, False, False, False, False] | phase=rescue | reward=1.38
2026-08-29 21:25:24,282 INFO px4med.coordinator: Episode 0 step 69/800 | actions=[0, 2, 3, 0, 3] | sim_pos=[(81, 17), (70, 63), (9, 42), (16, 82), (7, 69)] | pending=34 | deliveries=[] | landed=[False, False, False, False, False] | depleted=[False, False, False, False, False] | phase=rescue | reward=-27.38
2026-08-29 21:25:26,281 INFO px4med.coordinator: Episode 0 step 70/800 | actions=[0, 1, 2, 0, 0] | sim_pos=[(81, 16), (70, 64), (7, 42), (16, 81), (7, 68)] | pending=32 | deliveries=[33, 32] | landed=[False, False, False, False, False] | depleted=[False, False, False, False, False] | phase=rescue | reward=17.70
2026-08-29 21:25:28,286 INFO px4med.coordinator: Episode 0 step 71/800 | actions=[2, 2, 1, 0, 0] | sim_pos=[(80, 16), (69, 64), (8, 43), (16, 80), (7, 68)] | pending=32 | deliveries=[] | landed=[False, False, False, False, False] | depleted=[False, False, False, False, False] | phase=rescue | reward=-5.13
2026-08-29 21:25:30,285 INFO px4med.coordinator: Episode 0 step 72/800 | actions=[2, 2, 2, 0, 0] | sim_pos=[(80, 16), (69, 64), (6, 42), (16, 80), (7, 68)] | pending=32 | deliveries=[] | landed=[False, False, False, False, False] | depleted=[False, False, False, False, False] | phase=rescue | reward=-6.13
2026-08-29 21:25:32,294 INFO px4med.coordinator: Episode 0 step 73/800 | actions=[2, 1, 2, 0, 0] | sim_pos=[(79, 16), (69, 65), (6, 42), (16, 79), (7, 68)] | pending=32 | deliveries=[] | landed=[False, False, False, False, False] | depleted=[False, False, False, False, False] | phase=rescue | reward=-7.13
2026-08-29 21:25:33,279 INFO px4med.coordinator: Episode 0 step 74/800 | actions=[2, 1, 3, 0, 0] | sim_pos=[(79, 16), (69, 65), (7, 42), (16, 79), (7, 68)] | pending=32 | deliveries=[] | landed=[False, False, False, False, False] | depleted=[False, False, False, False, False] | phase=rescue | reward=-6.13
2026-08-29 21:25:35,219 INFO px4med.coordinator: Episode 0 step 75/800 | actions=[2, 2, 1, 3, 0] | sim_pos=[(78, 16), (68, 65), (6, 43), (17, 79), (7, 67)] | pending=42 | deliveries=[] | landed=[False, False, False, False, False] | depleted=[False, False, False, False, False] | phase=rescue | reward=-5.63
2026-08-29 21:25:37,278 INFO px4med.coordinator: Episode 0 step 76/800 | actions=[2, 2, 2, 3, 0] | sim_pos=[(78, 16), (68, 65), (6, 42), (17, 79), (7, 67)] | pending=42 | deliveries=[] | landed=[False, False, False, False, False] | depleted=[False, False, False, False, False] | phase=rescue | reward=-5.63
2026-08-29 21:25:38,281 INFO px4med.coordinator: Episode 0 step 77/800 | actions=[2, 2, 2, 3, 0] | sim_pos=[(77, 16), (67, 65), (5, 43), (18, 79), (7, 67)] | pending=42 | deliveries=[] | landed=[False, False, False, False, False] | depleted=[False, False, False, False, False] | phase=rescue | reward=-6.14
2026-08-29 21:25:40,282 INFO px4med.coordinator: Episode 0 step 78/800 | actions=[2, 2, 3, 3, 0] | sim_pos=[(77, 16), (67, 65), (7, 42), (18, 79), (7, 67)] | pending=42 | deliveries=[] | landed=[False, False, False, False, False] | depleted=[False, False, False, False, False] | phase=rescue | reward=-7.14
2026-08-29 21:25:42,279 INFO px4med.coordinator: Episode 0 step 79/800 | actions=[2, 0, 4, 0, 0] | sim_pos=[(76, 16), (67, 64), (6, 42), (18, 78), (7, 67)] | pending=41 | deliveries=[7] | landed=[False, False, False, False, False] | depleted=[False, False, False, False, False] | phase=rescue | reward=18.46
2026-08-29 21:25:43,281 INFO px4med.coordinator: Episode 0 step 80/800 | actions=[2, 2, 0, 0, 0] | sim_pos=[(76, 16), (66, 65), (7, 41), (18, 78), (7, 66)] | pending=41 | deliveries=[] | landed=[False, False, False, False, False] | depleted=[False, False, False, False, False] | phase=rescue | reward=0.36
2026-08-29 21:25:45,282 INFO px4med.coordinator: Episode 0 step 81/800 | actions=[2, 1, 2, 3, 0] | sim_pos=[(75, 16), (67, 65), (5, 42), (19, 78), (7, 67)] | pending=41 | deliveries=[] | landed=[False, False, False, False, False] | depleted=[False, False, False, False, False] | phase=rescue | reward=-5.14
2026-08-29 21:25:47,282 INFO px4med.coordinator: Episode 0 step 82/800 | actions=[2, 1, 3, 3, 0] | sim_pos=[(74, 16), (67, 66), (7, 42), (20, 78), (7, 67)] | pending=41 | deliveries=[] | landed=[False, False, False, False, False] | depleted=[False, False, False, False, False] | phase=rescue | reward=-6.14
2026-08-29 21:25:49,282 INFO px4med.coordinator: Episode 0 step 83/800 | actions=[2, 2, 4, 3, 0] | sim_pos=[(73, 16), (66, 66), (6, 42), (21, 78), (7, 66)] | pending=41 | deliveries=[] | landed=[False, False, False, False, False] | depleted=[False, False, False, False, False] | phase=rescue | reward=-0.14
2026-08-29 21:25:51,182 INFO px4med.coordinator: Episode 0 step 84/800 | actions=[2, 2, 2, 0, 0] | sim_pos=[(73, 16), (66, 66), (6, 42), (20, 77), (7, 66)] | pending=41 | deliveries=[] | landed=[False, False, False, False, False] | depleted=[False, False, False, False, False] | phase=rescue | reward=1.36
2026-08-29 21:25:53,282 INFO px4med.coordinator: Episode 0 step 85/800 | actions=[2, 2, 3, 0, 0] | sim_pos=[(72, 16), (65, 66), (7, 42), (21, 77), (7, 65)] | pending=41 | deliveries=[] | landed=[False, False, False, False, False] | depleted=[False, False, False, False, False] | phase=rescue | reward=1.36
2026-08-29 21:25:55,183 INFO px4med.coordinator: Episode 0 step 86/800 | actions=[2, 2, 4, 3, 0] | sim_pos=[(72, 16), (65, 66), (6, 42), (21, 77), (7, 65)] | pending=41 | deliveries=[] | landed=[False, False, False, False, False] | depleted=[False, False, False, False, False] | phase=rescue | reward=0.85
2026-08-29 21:25:56,280 INFO px4med.coordinator: Episode 0 step 87/800 | actions=[2, 2, 0, 3, 0] | sim_pos=[(71, 16), (64, 66), (7, 41), (22, 77), (7, 64)] | pending=41 | deliveries=[] | landed=[False, False, False, False, False] | depleted=[False, False, False, False, False] | phase=rescue | reward=1.35
2026-08-29 21:25:58,287 INFO px4med.coordinator: Episode 0 step 88/800 | actions=[2, 2, 3, 3, 0] | sim_pos=[(71, 16), (64, 66), (7, 42), (22, 77), (7, 64)] | pending=41 | deliveries=[] | landed=[False, False, False, False, False] | depleted=[False, False, False, False, False] | phase=rescue | reward=1.35
2026-08-29 21:25:59,292 INFO px4med.coordinator: Episode 0 step 89/800 | actions=[2, 2, 0, 3, 0] | sim_pos=[(70, 16), (63, 66), (7, 40), (23, 77), (7, 63)] | pending=40 | deliveries=[1] | landed=[False, False, False, False, False] | depleted=[False, False, False, False, False] | phase=rescue | reward=25.09
2026-08-29 21:26:01,282 INFO px4med.coordinator: Episode 0 step 90/800 | actions=[2, 2, 0, 3, 0] | sim_pos=[(69, 16), (62, 66), (7, 40), (24, 77), (7, 62)] | pending=40 | deliveries=[] | landed=[False, False, False, False, False] | depleted=[False, False, False, False, False] | phase=rescue | reward=1.35
2026-08-29 21:26:03,166 INFO px4med.coordinator: Episode 0 step 91/800 | actions=[2, 2, 0, 3, 0] | sim_pos=[(69, 16), (62, 66), (7, 39), (24, 77), (7, 62)] | pending=40 | deliveries=[] | landed=[False, False, False, False, False] | depleted=[False, False, False, False, False] | phase=rescue | reward=1.35
2026-08-29 21:26:04,286 INFO px4med.coordinator: Episode 0 step 92/800 | actions=[2, 2, 0, 3, 0] | sim_pos=[(68, 16), (61, 66), (7, 39), (25, 77), (7, 61)] | pending=40 | deliveries=[] | landed=[False, False, False, False, False] | depleted=[False, False, False, False, False] | phase=rescue | reward=1.35
2026-08-29 21:26:05,280 INFO px4med.coordinator: Episode 0 step 93/800 | actions=[2, 2, 0, 3, 0] | sim_pos=[(68, 16), (61, 66), (7, 38), (25, 77), (7, 61)] | pending=40 | deliveries=[] | landed=[False, False, False, False, False] | depleted=[False, False, False, False, False] | phase=rescue | reward=1.35
2026-08-29 21:26:06,282 INFO px4med.coordinator: Episode 0 step 94/800 | actions=[2, 2, 0, 3, 3] | sim_pos=[(67, 16), (60, 66), (7, 38), (26, 77), (8, 61)] | pending=40 | deliveries=[] | landed=[False, False, False, False, False] | depleted=[False, False, False, False, False] | phase=rescue | reward=1.35
2026-08-29 21:26:08,166 INFO px4med.coordinator: Episode 0 step 95/800 | actions=[2, 2, 0, 3, 3] | sim_pos=[(67, 16), (60, 66), (7, 37), (26, 77), (8, 61)] | pending=40 | deliveries=[] | landed=[False, False, False, False, False] | depleted=[False, False, False, False, False] | phase=rescue | reward=2.34
2026-08-29 21:26:09,282 INFO px4med.coordinator: Episode 0 step 96/800 | actions=[2, 2, 0, 3, 3] | sim_pos=[(66, 16), (59, 66), (7, 37), (27, 77), (9, 61)] | pending=40 | deliveries=[] | landed=[False, False, False, False, False] | depleted=[False, False, False, False, False] | phase=rescue | reward=2.34
2026-08-29 21:26:10,287 INFO px4med.coordinator: Episode 0 step 97/800 | actions=[2, 2, 2, 3, 3] | sim_pos=[(66, 16), (59, 66), (6, 37), (27, 77), (9, 61)] | pending=40 | deliveries=[] | landed=[False, False, False, False, False] | depleted=[False, False, False, False, False] | phase=rescue | reward=2.34
2026-08-29 21:26:11,282 INFO px4med.coordinator: Episode 0 step 98/800 | actions=[1, 2, 2, 3, 3] | sim_pos=[(66, 17), (58, 66), (6, 37), (28, 77), (10, 61)] | pending=39 | deliveries=[34] | landed=[False, False, False, False, False] | depleted=[False, False, False, False, False] | phase=rescue | reward=19.38
2026-08-29 21:26:12,287 INFO px4med.coordinator: Episode 0 step 99/800 | actions=[0, 2, 0, 3, 3] | sim_pos=[(66, 15), (58, 66), (6, 36), (28, 77), (10, 61)] | pending=39 | deliveries=[] | landed=[False, False, False, False, False] | depleted=[False, False, False, False, False] | phase=rescue | reward=2.34
2026-08-29 21:26:14,279 INFO px4med.coordinator: Episode 0 step 100/800 | actions=[0, 2, 0, 1, 3] | sim_pos=[(66, 15), (57, 66), (6, 35), (28, 78), (11, 61)] | pending=38 | deliveries=[3] | landed=[False, False, False, False, False] | depleted=[False, False, False, False, False] | phase=rescue | reward=33.27
2026-08-29 21:26:16,163 INFO px4med.coordinator: Episode 0 step 101/800 | actions=[0, 1, 0, 1, 3] | sim_pos=[(66, 14), (58, 67), (6, 35), (28, 78), (11, 61)] | pending=38 | deliveries=[] | landed=[False, False, False, False, False] | depleted=[False, False, False, False, False] | phase=rescue | reward=2.34
2026-08-29 21:26:18,287 INFO px4med.coordinator: Episode 0 step 102/800 | actions=[2, 3, 0, 1, 3] | sim_pos=[(65, 15), (58, 66), (6, 34), (28, 79), (12, 61)] | pending=38 | deliveries=[] | landed=[False, False, False, False, False] | depleted=[False, False, False, False, False] | phase=rescue | reward=1.34
2026-08-29 21:26:20,283 INFO px4med.coordinator: Episode 0 step 103/800 | actions=[0, 1, 0, 1, 3] | sim_pos=[(66, 13), (58, 68), (6, 34), (28, 79), (12, 61)] | pending=38 | deliveries=[] | landed=[False, False, False, False, False] | depleted=[False, False, False, False, False] | phase=rescue | reward=2.34
2026-08-29 21:26:23,168 INFO px4med.coordinator: Episode 0 step 104/800 | actions=[2, 1, 0, 1, 3] | sim_pos=[(64, 14), (58, 68), (6, 33), (28, 80), (13, 61)] | pending=38 | deliveries=[] | landed=[False, False, False, False, False] | depleted=[False, False, False, False, False] | phase=rescue | reward=2.34
2026-08-29 21:26:25,284 INFO px4med.coordinator: Episode 0 step 105/800 | actions=[0, 3, 0, 1, 3] | sim_pos=[(65, 13), (59, 68), (6, 32), (28, 81), (14, 61)] | pending=37 | deliveries=[4] | landed=[False, False, False, False, False] | depleted=[False, False, False, False, False] | phase=rescue | reward=23.98
2026-08-29 21:26:27,295 INFO px4med.coordinator: Episode 0 step 106/800 | actions=[0, 3, 2, 0, 3] | sim_pos=[(64, 12), (59, 68), (5, 32), (28, 80), (15, 61)] | pending=36 | deliveries=[39] | landed=[False, False, False, False, False] | depleted=[False, False, False, False, False] | phase=rescue | reward=29.26
2026-08-29 21:26:29,278 INFO px4med.coordinator: Episode 0 step 107/800 | actions=[2, 1, 2, 0, 0] | sim_pos=[(64, 13), (59, 69), (5, 32), (28, 80), (14, 60)] | pending=36 | deliveries=[] | landed=[False, False, False, False, False] | depleted=[False, False, False, False, False] | phase=rescue | reward=1.34
2026-08-29 21:26:31,281 INFO px4med.coordinator: Episode 0 step 108/800 | actions=[0, 1, 0, 3, 0] | sim_pos=[(64, 11), (59, 69), (5, 31), (29, 80), (15, 60)] | pending=36 | deliveries=[] | landed=[False, False, False, False, False] | depleted=[False, False, False, False, False] | phase=rescue | reward=1.34
2026-08-29 21:26:33,281 INFO px4med.coordinator: Episode 0 step 109/800 | actions=[0, 3, 0, 3, 0] | sim_pos=[(64, 11), (60, 69), (5, 30), (30, 80), (15, 59)] | pending=36 | deliveries=[] | landed=[False, False, False, False, False] | depleted=[False, False, False, False, False] | phase=rescue | reward=1.34
2026-08-29 21:26:34,278 INFO px4med.coordinator: Episode 0 step 110/800 | actions=[2, 3, 0, 3, 0] | sim_pos=[(63, 11), (60, 69), (5, 30), (30, 80), (15, 59)] | pending=36 | deliveries=[] | landed=[False, False, False, False, False] | depleted=[False, False, False, False, False] | phase=rescue | reward=1.34
2026-08-29 21:26:35,280 INFO px4med.coordinator: Episode 0 step 111/800 | actions=[2, 3, 0, 3, 0] | sim_pos=[(63, 11), (60, 69), (5, 29), (31, 80), (15, 58)] | pending=36 | deliveries=[] | landed=[False, False, False, False, False] | depleted=[False, False, False, False, False] | phase=rescue | reward=1.34
2026-08-29 21:26:36,281 INFO px4med.coordinator: Episode 0 step 112/800 | actions=[2, 1, 0, 3, 0] | sim_pos=[(62, 11), (60, 70), (5, 29), (31, 80), (15, 58)] | pending=36 | deliveries=[] | landed=[False, False, False, False, False] | depleted=[False, False, False, False, False] | phase=rescue | reward=1.33
2026-08-29 21:26:38,186 INFO px4med.coordinator: Episode 0 step 113/800 | actions=[2, 1, 0, 0, 3] | sim_pos=[(62, 11), (60, 70), (5, 28), (31, 79), (16, 58)] | pending=36 | deliveries=[] | landed=[False, False, False, False, False] | depleted=[False, False, False, False, False] | phase=rescue | reward=2.33
2026-08-29 21:26:39,283 INFO px4med.coordinator: Episode 0 step 114/800 | actions=[2, 1, 0, 0, 3] | sim_pos=[(61, 11), (60, 71), (5, 28), (31, 79), (16, 58)] | pending=36 | deliveries=[] | landed=[False, False, False, False, False] | depleted=[False, False, False, False, False] | phase=rescue | reward=2.33
2026-08-29 21:26:40,283 INFO px4med.coordinator: Episode 0 step 115/800 | actions=[2, 1, 0, 0, 3] | sim_pos=[(61, 11), (60, 71), (5, 27), (31, 78), (17, 58)] | pending=36 | deliveries=[] | landed=[False, False, False, False, False] | depleted=[False, False, False, False, False] | phase=rescue | reward=2.33
2026-08-29 21:26:41,280 INFO px4med.coordinator: Episode 0 step 116/800 | actions=[0, 1, 0, 0, 3] | sim_pos=[(61, 10), (60, 72), (5, 27), (31, 78), (17, 58)] | pending=36 | deliveries=[] | landed=[False, False, False, False, False] | depleted=[False, False, False, False, False] | phase=rescue | reward=2.33
2026-08-29 21:26:43,167 INFO px4med.coordinator: Episode 0 step 117/800 | actions=[0, 1, 0, 0, 0] | sim_pos=[(61, 10), (60, 72), (5, 26), (31, 77), (17, 57)] | pending=36 | deliveries=[] | landed=[False, False, False, False, False] | depleted=[False, False, False, False, False] | phase=rescue | reward=2.33
2026-08-29 21:26:44,294 INFO px4med.coordinator: Episode 0 step 118/800 | actions=[0, 1, 0, 0, 0] | sim_pos=[(61, 9), (60, 73), (5, 26), (31, 77), (17, 57)] | pending=36 | deliveries=[] | landed=[False, False, False, False, False] | depleted=[False, False, False, False, False] | phase=rescue | reward=2.33
2026-08-29 21:26:45,281 INFO px4med.coordinator: Episode 0 step 119/800 | actions=[0, 1, 0, 0, 0] | sim_pos=[(61, 9), (60, 73), (5, 25), (31, 76), (17, 56)] | pending=36 | deliveries=[] | landed=[False, False, False, False, False] | depleted=[False, False, False, False, False] | phase=rescue | reward=2.32
2026-08-29 21:26:46,281 INFO px4med.coordinator: Episode 0 step 120/800 | actions=[0, 1, 0, 0, 0] | sim_pos=[(61, 8), (60, 74), (5, 25), (31, 76), (17, 56)] | pending=35 | deliveries=[35] | landed=[False, False, False, False, False] | depleted=[False, False, False, False, False] | phase=rescue | reward=38.73
2026-08-29 21:26:48,164 INFO px4med.coordinator: Episode 0 step 121/800 | actions=[3, 1, 2, 0, 0] | sim_pos=[(62, 9), (60, 74), (4, 25), (31, 75), (17, 55)] | pending=34 | deliveries=[8] | landed=[False, False, False, False, False] | depleted=[False, False, False, False, False] | phase=rescue | reward=13.64
2026-08-29 21:26:50,280 INFO px4med.coordinator: Episode 0 step 122/800 | actions=[3, 1, 2, 0, 3] | sim_pos=[(62, 8), (60, 75), (4, 25), (31, 75), (18, 56)] | pending=34 | deliveries=[] | landed=[False, False, False, False, False] | depleted=[False, False, False, False, False] | phase=rescue | reward=1.33
2026-08-29 21:26:52,291 INFO px4med.coordinator: Episode 0 step 123/800 | actions=[3, 1, 0, 0, 3] | sim_pos=[(63, 9), (60, 75), (4, 24), (31, 74), (18, 55)] | pending=34 | deliveries=[] | landed=[False, False, False, False, False] | depleted=[False, False, False, False, False] | phase=rescue | reward=1.33
2026-08-29 21:26:54,282 INFO px4med.coordinator: Episode 0 step 124/800 | actions=[3, 3, 0, 0, 3] | sim_pos=[(63, 8), (61, 75), (4, 24), (31, 74), (19, 56)] | pending=34 | deliveries=[] | landed=[False, False, False, False, False] | depleted=[False, False, False, False, False] | phase=rescue | reward=1.32
2026-08-29 21:26:56,281 INFO px4med.coordinator: Episode 0 step 125/800 | actions=[3, 3, 0, 0, 0] | sim_pos=[(64, 9), (61, 75), (4, 23), (31, 73), (18, 54)] | pending=34 | deliveries=[] | landed=[False, False, False, False, False] | depleted=[False, False, False, False, False] | phase=rescue | reward=1.32
2026-08-29 21:26:58,281 INFO px4med.coordinator: Episode 0 step 126/800 | actions=[3, 1, 0, 3, 0] | sim_pos=[(65, 9), (61, 76), (4, 22), (32, 73), (18, 54)] | pending=34 | deliveries=[] | landed=[False, False, False, False, False] | depleted=[False, False, False, False, False] | phase=rescue | reward=0.32
2026-08-29 21:27:00,182 INFO px4med.coordinator: Episode 0 step 127/800 | actions=[3, 1, 0, 3, 3] | sim_pos=[(65, 9), (61, 76), (4, 22), (32, 73), (19, 54)] | pending=34 | deliveries=[] | landed=[False, False, False, False, False] | depleted=[False, False, False, False, False] | phase=rescue | reward=0.32
2026-08-29 21:27:02,279 INFO px4med.coordinator: Episode 0 step 128/800 | actions=[3, 3, 0, 0, 3] | sim_pos=[(66, 9), (62, 76), (4, 21), (32, 72), (19, 54)] | pending=34 | deliveries=[] | landed=[False, False, False, False, False] | depleted=[False, False, False, False, False] | phase=rescue | reward=1.32
2026-08-29 21:27:03,282 INFO px4med.coordinator: Episode 0 step 129/800 | actions=[3, 0, 0, 0, 3] | sim_pos=[(66, 9), (61, 75), (4, 21), (32, 72), (20, 54)] | pending=34 | deliveries=[] | landed=[False, False, False, False, False] | depleted=[False, False, False, False, False] | phase=rescue | reward=1.32
2026-08-29 21:27:05,278 INFO px4med.coordinator: Episode 0 step 130/800 | actions=[3, 3, 0, 0, 3] | sim_pos=[(67, 9), (63, 76), (4, 20), (32, 71), (20, 54)] | pending=34 | deliveries=[] | landed=[False, False, False, False, False] | depleted=[False, False, False, False, False] | phase=rescue | reward=2.32
2026-08-29 21:27:07,283 INFO px4med.coordinator: Episode 0 step 131/800 | actions=[3, 3, 0, 3, 3] | sim_pos=[(68, 9), (63, 76), (4, 19), (33, 71), (21, 54)] | pending=34 | deliveries=[] | landed=[False, False, False, False, False] | depleted=[False, False, False, False, False] | phase=rescue | reward=2.32
2026-08-29 21:27:08,281 INFO px4med.coordinator: Episode 0 step 132/800 | actions=[3, 0, 0, 3, 3] | sim_pos=[(68, 9), (63, 75), (4, 19), (33, 71), (21, 54)] | pending=33 | deliveries=[43] | landed=[False, False, False, False, False] | depleted=[False, False, False, False, False] | phase=rescue | reward=30.38
2026-08-29 21:27:09,291 INFO px4med.coordinator: Episode 0 step 133/800 | actions=[3, 1, 2, 3, 3] | sim_pos=[(69, 9), (63, 77), (3, 19), (34, 71), (22, 54)] | pending=33 | deliveries=[] | landed=[False, False, False, False, False] | depleted=[False, False, False, False, False] | phase=rescue | reward=1.32
2026-08-29 21:27:11,283 INFO px4med.coordinator: Episode 0 step 134/800 | actions=[3, 1, 2, 3, 3] | sim_pos=[(70, 9), (63, 77), (2, 19), (35, 71), (23, 54)] | pending=32 | deliveries=[48] | landed=[False, False, False, False, False] | depleted=[False, False, False, False, False] | phase=rescue | reward=17.70
2026-08-29 21:27:12,294 INFO px4med.coordinator: Episode 0 step 135/800 | actions=[3, 1, 0, 3, 3] | sim_pos=[(70, 9), (63, 78), (3, 18), (35, 71), (23, 54)] | pending=32 | deliveries=[] | landed=[False, False, False, False, False] | depleted=[False, False, False, False, False] | phase=rescue | reward=1.31
2026-08-29 21:27:14,281 INFO px4med.coordinator: Episode 0 step 136/800 | actions=[3, 1, 3, 3, 3] | sim_pos=[(71, 9), (63, 78), (3, 19), (36, 71), (24, 54)] | pending=32 | deliveries=[] | landed=[False, False, False, False, False] | depleted=[False, False, False, False, False] | phase=rescue | reward=1.31
2026-08-29 21:27:16,216 INFO px4med.coordinator: Episode 0 step 137/800 | actions=[3, 1, 3, 3, 3] | sim_pos=[(71, 9), (63, 79), (4, 18), (36, 71), (24, 54)] | pending=32 | deliveries=[] | landed=[False, False, False, False, False] | depleted=[False, False, False, False, False] | phase=rescue | reward=2.31
2026-08-29 21:27:18,279 INFO px4med.coordinator: Episode 0 step 138/800 | actions=[3, 1, 3, 3, 3] | sim_pos=[(72, 9), (63, 79), (4, 19), (37, 71), (25, 54)] | pending=31 | deliveries=[40] | landed=[False, False, False, False, False] | depleted=[False, False, False, False, False] | phase=rescue | reward=40.62
2026-08-29 21:27:19,280 INFO px4med.coordinator: Episode 0 step 139/800 | actions=[3, 1, 0, 3, 3] | sim_pos=[(72, 9), (63, 80), (4, 17), (37, 71), (25, 54)] | pending=31 | deliveries=[] | landed=[False, False, False, False, False] | depleted=[False, False, False, False, False] | phase=rescue | reward=2.31
2026-08-29 21:27:21,284 INFO px4med.coordinator: Episode 0 step 140/800 | actions=[3, 1, 0, 3, 0] | sim_pos=[(73, 9), (63, 81), (4, 17), (38, 71), (25, 53)] | pending=30 | deliveries=[5] | landed=[False, False, False, False, False] | depleted=[False, False, False, False, False] | phase=rescue | reward=19.64
2026-08-29 21:27:22,283 INFO px4med.coordinator: Episode 0 step 141/800 | actions=[3, 1, 3, 3, 3] | sim_pos=[(73, 9), (63, 81), (5, 17), (38, 71), (26, 54)] | pending=30 | deliveries=[] | landed=[False, False, False, False, False] | depleted=[False, False, False, False, False] | phase=rescue | reward=2.32
2026-08-29 21:27:24,284 INFO px4med.coordinator: Episode 0 step 142/800 | actions=[0, 1, 3, 3, 3] | sim_pos=[(73, 8), (63, 82), (5, 17), (39, 71), (26, 53)] | pending=30 | deliveries=[] | landed=[False, False, False, False, False] | depleted=[False, False, False, False, False] | phase=rescue | reward=2.32
2026-08-29 21:27:25,289 INFO px4med.coordinator: Episode 0 step 143/800 | actions=[0, 1, 3, 3, 1] | sim_pos=[(73, 8), (63, 82), (6, 17), (39, 71), (26, 55)] | pending=30 | deliveries=[] | landed=[False, False, False, False, False] | depleted=[False, False, False, False, False] | phase=rescue | reward=2.32
2026-08-29 21:27:27,281 INFO px4med.coordinator: Episode 0 step 144/800 | actions=[3, 1, 3, 0, 1] | sim_pos=[(74, 8), (63, 83), (7, 17), (39, 70), (26, 55)] | pending=30 | deliveries=[] | landed=[False, False, False, False, False] | depleted=[False, False, False, False, False] | phase=rescue | reward=2.31
2026-08-29 21:27:29,183 INFO px4med.coordinator: Episode 0 step 145/800 | actions=[3, 1, 3, 0, 3] | sim_pos=[(74, 8), (63, 83), (7, 17), (39, 70), (27, 55)] | pending=30 | deliveries=[] | landed=[False, False, False, False, False] | depleted=[False, False, False, False, False] | phase=rescue | reward=2.31
2026-08-29 21:27:30,278 INFO px4med.coordinator: Episode 0 step 146/800 | actions=[0, 1, 3, 0, 3] | sim_pos=[(74, 7), (63, 84), (8, 17), (39, 69), (27, 55)] | pending=30 | deliveries=[] | landed=[False, False, False, False, False] | depleted=[False, False, False, False, False] | phase=rescue | reward=2.31
2026-08-29 21:27:31,282 INFO px4med.coordinator: Episode 0 step 147/800 | actions=[3, 1, 3, 3, 1] | sim_pos=[(75, 8), (63, 84), (8, 17), (40, 70), (27, 56)] | pending=30 | deliveries=[] | landed=[False, False, False, False, False] | depleted=[False, False, False, False, False] | phase=rescue | reward=2.31
2026-08-29 21:27:33,279 INFO px4med.coordinator: Episode 0 step 148/800 | actions=[0, 1, 3, 0, 1] | sim_pos=[(74, 6), (63, 85), (9, 17), (39, 68), (27, 56)] | pending=30 | deliveries=[] | landed=[False, False, False, False, False] | depleted=[False, False, False, False, False] | phase=rescue | reward=2.31
2026-08-29 21:27:35,279 INFO px4med.coordinator: Episode 0 step 149/800 | actions=[3, 1, 3, 0, 1] | sim_pos=[(75, 7), (63, 86), (10, 17), (39, 68), (27, 57)] | pending=30 | deliveries=[] | landed=[False, False, False, False, False] | depleted=[False, False, False, False, False] | phase=rescue | reward=2.31
2026-08-29 21:27:37,282 INFO px4med.coordinator: Episode 0 step 150/800 | actions=[3, 1, 3, 3, 1] | sim_pos=[(75, 6), (63, 86), (10, 17), (40, 68), (27, 57)] | pending=30 | deliveries=[] | landed=[False, False, False, False, False] | depleted=[False, False, False, False, False] | phase=rescue | reward=2.31
2026-08-29 21:27:39,279 INFO px4med.coordinator: Episode 0 step 151/800 | actions=[0, 1, 3, 3, 1] | sim_pos=[(75, 6), (63, 87), (11, 17), (40, 68), (27, 58)] | pending=30 | deliveries=[] | landed=[False, False, False, False, False] | depleted=[False, False, False, False, False] | phase=rescue | reward=2.31
2026-08-29 21:27:40,283 INFO px4med.coordinator: Episode 0 step 152/800 | actions=[3, 1, 3, 0, 1] | sim_pos=[(76, 6), (63, 87), (11, 17), (40, 67), (27, 58)] | pending=30 | deliveries=[] | landed=[False, False, False, False, False] | depleted=[False, False, False, False, False] | phase=rescue | reward=2.31
2026-08-29 21:27:41,281 INFO px4med.coordinator: Episode 0 step 153/800 | actions=[3, 1, 3, 0, 1] | sim_pos=[(76, 6), (63, 88), (12, 17), (40, 67), (27, 59)] | pending=30 | deliveries=[] | landed=[False, False, False, False, False] | depleted=[False, False, False, False, False] | phase=rescue | reward=2.30
2026-08-29 21:27:42,281 INFO px4med.coordinator: Episode 0 step 154/800 | actions=[3, 1, 3, 0, 1] | sim_pos=[(77, 6), (63, 88), (12, 17), (40, 66), (27, 59)] | pending=30 | deliveries=[] | landed=[False, False, False, False, False] | depleted=[False, False, False, False, False] | phase=rescue | reward=2.30
2026-08-29 21:27:43,283 INFO px4med.coordinator: Episode 0 step 155/800 | actions=[3, 1, 3, 0, 1] | sim_pos=[(77, 6), (63, 89), (13, 17), (40, 66), (27, 60)] | pending=29 | deliveries=[15] | landed=[False, False, False, False, False] | depleted=[False, False, False, False, False] | phase=rescue | reward=12.61
2026-08-29 21:27:44,279 INFO px4med.coordinator: Episode 0 step 156/800 | actions=[1, 1, 3, 0, 2] | sim_pos=[(77, 7), (63, 89), (13, 17), (40, 65), (26, 59)] | pending=29 | deliveries=[] | landed=[False, False, False, False, False] | depleted=[False, False, False, False, False] | phase=rescue | reward=1.30
2026-08-29 21:27:46,290 INFO px4med.coordinator: Episode 0 step 157/800 | actions=[1, 3, 0, 3, 2] | sim_pos=[(77, 7), (64, 89), (13, 16), (41, 66), (26, 60)] | pending=28 | deliveries=[22] | landed=[False, False, False, False, False] | depleted=[False, False, False, False, False] | phase=rescue | reward=19.46
2026-08-29 21:27:48,281 INFO px4med.coordinator: Episode 0 step 158/800 | actions=[3, 3, 0, 0, 2] | sim_pos=[(78, 7), (64, 89), (13, 16), (40, 64), (25, 59)] | pending=28 | deliveries=[] | landed=[False, False, False, False, False] | depleted=[False, False, False, False, False] | phase=rescue | reward=2.31
2026-08-29 21:27:50,282 INFO px4med.coordinator: Episode 0 step 159/800 | actions=[3, 1, 0, 0, 2] | sim_pos=[(79, 7), (64, 90), (13, 15), (40, 64), (24, 59)] | pending=28 | deliveries=[] | landed=[False, False, False, False, False] | depleted=[False, False, False, False, False] | phase=rescue | reward=2.31
2026-08-29 21:27:52,192 INFO px4med.coordinator: Episode 0 step 160/800 | actions=[3, 1, 0, 0, 2] | sim_pos=[(79, 7), (64, 90), (13, 15), (40, 63), (24, 59)] | pending=28 | deliveries=[] | landed=[False, False, False, False, False] | depleted=[False, False, False, False, False] | phase=rescue | reward=2.31
2026-08-29 21:27:53,282 INFO px4med.coordinator: Episode 0 step 161/800 | actions=[0, 1, 0, 0, 1] | sim_pos=[(79, 6), (64, 91), (13, 14), (40, 63), (24, 60)] | pending=28 | deliveries=[] | landed=[False, False, False, False, False] | depleted=[False, False, False, False, False] | phase=rescue | reward=2.31
2026-08-29 21:27:54,283 INFO px4med.coordinator: Episode 0 step 162/800 | actions=[0, 1, 0, 0, 1] | sim_pos=[(79, 6), (64, 91), (13, 14), (40, 62), (24, 60)] | pending=28 | deliveries=[] | landed=[False, False, False, False, False] | depleted=[False, False, False, False, False] | phase=rescue | reward=1.30
2026-08-29 21:27:55,287 INFO px4med.coordinator: Episode 0 step 163/800 | actions=[3, 1, 0, 0, 1] | sim_pos=[(80, 6), (64, 92), (13, 13), (40, 62), (24, 61)] | pending=28 | deliveries=[] | landed=[False, False, False, False, False] | depleted=[False, False, False, False, False] | phase=rescue | reward=1.30
2026-08-29 21:27:56,300 INFO px4med.coordinator: Episode 0 step 164/800 | actions=[3, 1, 0, 3, 1] | sim_pos=[(80, 6), (64, 92), (13, 13), (41, 62), (24, 61)] | pending=28 | deliveries=[] | landed=[False, False, False, False, False] | depleted=[False, False, False, False, False] | phase=rescue | reward=2.30
2026-08-29 21:27:57,294 INFO px4med.coordinator: Episode 0 step 165/800 | actions=[3, 1, 0, 3, 2] | sim_pos=[(81, 6), (64, 93), (13, 12), (41, 62), (23, 61)] | pending=28 | deliveries=[] | landed=[False, False, False, False, False] | depleted=[False, False, False, False, False] | phase=rescue | reward=2.30
2026-08-29 21:27:59,199 INFO px4med.coordinator: Episode 0 step 166/800 | actions=[3, 1, 0, 3, 2] | sim_pos=[(81, 6), (64, 93), (13, 12), (42, 62), (23, 61)] | pending=28 | deliveries=[] | landed=[False, False, False, False, False] | depleted=[False, False, False, False, False] | phase=rescue | reward=2.30
2026-08-29 21:28:00,304 INFO px4med.coordinator: Episode 0 step 167/800 | actions=[3, 3, 3, 3, 2] | sim_pos=[(82, 6), (65, 93), (14, 12), (42, 62), (22, 61)] | pending=27 | deliveries=[46] | landed=[False, False, False, False, False] | depleted=[False, False, False, False, False] | phase=rescue | reward=34.62
2026-08-29 21:28:01,302 INFO px4med.coordinator: Episode 0 step 168/800 | actions=[1, 3, 3, 1, 2] | sim_pos=[(81, 7), (65, 93), (14, 12), (42, 63), (22, 61)] | pending=27 | deliveries=[] | landed=[False, False, False, False, False] | depleted=[False, False, False, False, False] | phase=rescue | reward=2.30
2026-08-29 21:28:03,295 INFO px4med.coordinator: Episode 0 step 169/800 | actions=[1, 1, 3, 3, 2] | sim_pos=[(82, 7), (65, 94), (15, 12), (43, 62), (21, 61)] | pending=27 | deliveries=[] | landed=[False, False, False, False, False] | depleted=[False, False, False, False, False] | phase=rescue | reward=2.30
2026-08-29 21:28:05,305 INFO px4med.coordinator: Episode 0 step 170/800 | actions=[1, 1, 3, 3, 2] | sim_pos=[(81, 8), (65, 94), (15, 12), (43, 63), (21, 61)] | pending=27 | deliveries=[] | landed=[False, False, False, False, False] | depleted=[False, False, False, False, False] | phase=rescue | reward=2.30
2026-08-29 21:28:07,293 INFO px4med.coordinator: Episode 0 step 171/800 | actions=[2, 1, 0, 1, 2] | sim_pos=[(81, 7), (65, 95), (15, 11), (43, 63), (20, 61)] | pending=27 | deliveries=[] | landed=[False, False, False, False, False] | depleted=[False, False, False, False, False] | phase=rescue | reward=2.30
2026-08-29 21:28:08,296 INFO px4med.coordinator: Episode 0 step 172/800 | actions=[1, 1, 0, 3, 2] | sim_pos=[(81, 9), (65, 95), (15, 11), (44, 63), (20, 61)] | pending=27 | deliveries=[] | landed=[False, False, False, False, False] | depleted=[False, False, False, False, False] | phase=rescue | reward=2.30
2026-08-29 21:28:10,298 INFO px4med.coordinator: Episode 0 step 173/800 | actions=[1, 1, 0, 3, 2] | sim_pos=[(81, 9), (65, 96), (15, 10), (45, 63), (19, 61)] | pending=26 | deliveries=[18] | landed=[False, False, False, False, False] | depleted=[False, False, False, False, False] | phase=rescue | reward=11.62
2026-08-29 21:28:11,295 INFO px4med.coordinator: Episode 0 step 174/800 | actions=[1, 1, 0, 0, 2] | sim_pos=[(81, 10), (65, 96), (15, 10), (44, 62), (19, 61)] | pending=26 | deliveries=[] | landed=[False, False, False, False, False] | depleted=[False, False, False, False, False] | phase=rescue | reward=1.30
2026-08-29 21:28:13,304 INFO px4med.coordinator: Episode 0 step 175/800 | actions=[1, 1, 0, 0, 2] | sim_pos=[(81, 10), (65, 97), (15, 9), (45, 62), (18, 61)] | pending=26 | deliveries=[] | landed=[False, False, False, False, False] | depleted=[False, False, False, False, False] | phase=rescue | reward=1.30
2026-08-29 21:28:14,292 INFO px4med.coordinator: Episode 0 step 176/800 | actions=[1, 1, 0, 0, 2] | sim_pos=[(81, 11), (65, 97), (15, 9), (44, 61), (18, 61)] | pending=26 | deliveries=[] | landed=[False, False, False, False, False] | depleted=[False, False, False, False, False] | phase=rescue | reward=2.30
2026-08-29 21:28:16,302 INFO px4med.coordinator: Episode 0 step 177/800 | actions=[1, 1, 0, 0, 2] | sim_pos=[(81, 11), (65, 98), (15, 8), (45, 61), (17, 61)] | pending=26 | deliveries=[] | landed=[False, False, False, False, False] | depleted=[False, False, False, False, False] | phase=rescue | reward=1.30
2026-08-29 21:28:17,295 INFO px4med.coordinator: Episode 0 step 178/800 | actions=[1, 1, 0, 0, 2] | sim_pos=[(81, 12), (65, 98), (15, 8), (44, 60), (17, 61)] | pending=26 | deliveries=[] | landed=[False, False, False, False, False] | depleted=[False, False, False, False, False] | phase=rescue | reward=2.30
2026-08-29 21:28:19,301 INFO px4med.coordinator: Episode 0 step 179/800 | actions=[1, 3, 0, 0, 2] | sim_pos=[(81, 12), (66, 98), (15, 7), (45, 60), (16, 61)] | pending=25 | deliveries=[21] | landed=[False, False, False, False, False] | depleted=[False, False, False, False, False] | phase=rescue | reward=11.60
2026-08-29 21:28:20,294 INFO px4med.coordinator: Episode 0 step 180/800 | actions=[1, 0, 0, 0, 2] | sim_pos=[(81, 13), (65, 97), (15, 7), (44, 59), (16, 61)] | pending=25 | deliveries=[] | landed=[False, False, False, False, False] | depleted=[False, False, False, False, False] | phase=rescue | reward=1.30
2026-08-29 21:28:22,293 INFO px4med.coordinator: Episode 0 step 181/800 | actions=[1, 2, 0, 0, 2] | sim_pos=[(81, 13), (65, 98), (15, 6), (45, 59), (15, 61)] | pending=25 | deliveries=[] | landed=[False, False, False, False, False] | depleted=[False, False, False, False, False] | phase=rescue | reward=1.30
2026-08-29 21:28:24,302 INFO px4med.coordinator: Episode 0 step 182/800 | actions=[1, 2, 0, 0, 2] | sim_pos=[(81, 14), (64, 97), (15, 6), (44, 58), (15, 61)] | pending=25 | deliveries=[] | landed=[False, False, False, False, False] | depleted=[False, False, False, False, False] | phase=rescue | reward=1.30
2026-08-29 21:28:26,295 INFO px4med.coordinator: Episode 0 step 183/800 | actions=[1, 2, 0, 0, 1] | sim_pos=[(81, 14), (64, 98), (15, 5), (45, 58), (15, 62)] | pending=24 | deliveries=[28] | landed=[False, False, False, False, False] | depleted=[False, False, False, False, False] | phase=rescue | reward=11.38
2026-08-29 21:28:28,298 INFO px4med.coordinator: Episode 0 step 184/800 | actions=[1, 2, 3, 0, 1] | sim_pos=[(81, 15), (63, 97), (16, 6), (44, 57), (15, 62)] | pending=24 | deliveries=[] | landed=[False, False, False, False, False] | depleted=[False, False, False, False, False] | phase=rescue | reward=2.30
2026-08-29 21:28:30,298 INFO px4med.coordinator: Episode 0 step 185/800 | actions=[1, 2, 3, 0, 1] | sim_pos=[(81, 15), (63, 98), (16, 5), (45, 57), (15, 63)] | pending=24 | deliveries=[] | landed=[False, False, False, False, False] | depleted=[False, False, False, False, False] | phase=rescue | reward=2.30
2026-08-29 21:28:31,300 INFO px4med.coordinator: Episode 0 step 186/800 | actions=[1, 2, 3, 0, 1] | sim_pos=[(81, 16), (62, 97), (17, 6), (44, 56), (15, 63)] | pending=24 | deliveries=[] | landed=[False, False, False, False, False] | depleted=[False, False, False, False, False] | phase=rescue | reward=2.30
2026-08-29 21:28:33,294 INFO px4med.coordinator: Episode 0 step 187/800 | actions=[1, 2, 3, 3, 1] | sim_pos=[(81, 16), (62, 98), (17, 5), (46, 57), (15, 64)] | pending=24 | deliveries=[] | landed=[False, False, False, False, False] | depleted=[False, False, False, False, False] | phase=rescue | reward=1.30
2026-08-29 21:28:35,313 INFO px4med.coordinator: Episode 0 step 188/800 | actions=[1, 2, 3, 3, 1] | sim_pos=[(81, 17), (61, 98), (18, 5), (46, 57), (15, 65)] | pending=24 | deliveries=[] | landed=[False, False, False, False, False] | depleted=[False, False, False, False, False] | phase=rescue | reward=1.30
2026-08-29 21:28:36,307 INFO px4med.coordinator: Episode 0 step 189/800 | actions=[1, 2, 3, 0, 1] | sim_pos=[(81, 17), (61, 98), (18, 5), (46, 56), (15, 65)] | pending=24 | deliveries=[] | landed=[False, False, False, False, False] | depleted=[False, False, False, False, False] | phase=rescue | reward=2.29
2026-08-29 21:28:38,178 INFO px4med.coordinator: Episode 0 step 190/800 | actions=[1, 2, 0, 0, 1] | sim_pos=[(81, 18), (60, 98), (18, 4), (46, 56), (15, 66)] | pending=24 | deliveries=[] | landed=[False, False, False, False, False] | depleted=[False, False, False, False, False] | phase=rescue | reward=2.29
2026-08-29 21:28:39,294 INFO px4med.coordinator: Episode 0 step 191/800 | actions=[1, 2, 0, 0, 1] | sim_pos=[(81, 18), (60, 98), (18, 4), (46, 55), (15, 66)] | pending=24 | deliveries=[] | landed=[False, False, False, False, False] | depleted=[False, False, False, False, False] | phase=rescue | reward=2.29
2026-08-29 21:28:40,297 INFO px4med.coordinator: Episode 0 step 192/800 | actions=[1, 2, 0, 0, 1] | sim_pos=[(81, 19), (59, 98), (18, 3), (46, 55), (15, 67)] | pending=24 | deliveries=[] | landed=[False, False, False, False, False] | depleted=[False, False, False, False, False] | phase=rescue | reward=2.29
2026-08-29 21:28:41,297 INFO px4med.coordinator: Episode 0 step 193/800 | actions=[1, 2, 0, 0, 1] | sim_pos=[(81, 19), (59, 98), (18, 3), (46, 54), (15, 67)] | pending=24 | deliveries=[] | landed=[False, False, False, False, False] | depleted=[False, False, False, False, False] | phase=rescue | reward=2.29
2026-08-29 21:28:42,298 INFO px4med.coordinator: Episode 0 step 194/800 | actions=[1, 2, 3, 0, 1] | sim_pos=[(81, 20), (58, 98), (19, 3), (46, 54), (15, 68)] | pending=24 | deliveries=[] | landed=[False, False, False, False, False] | depleted=[False, False, False, False, False] | phase=rescue | reward=2.29
2026-08-29 21:28:44,198 INFO px4med.coordinator: Episode 0 step 195/800 | actions=[1, 2, 3, 0, 1] | sim_pos=[(81, 20), (58, 98), (19, 3), (46, 53), (15, 68)] | pending=24 | deliveries=[] | landed=[False, False, False, False, False] | depleted=[False, False, False, False, False] | phase=rescue | reward=2.29
2026-08-29 21:28:45,297 INFO px4med.coordinator: Episode 0 step 196/800 | actions=[1, 2, 3, 0, 1] | sim_pos=[(81, 21), (57, 98), (20, 3), (46, 53), (15, 69)] | pending=24 | deliveries=[] | landed=[False, False, False, False, False] | depleted=[False, False, False, False, False] | phase=rescue | reward=2.29
2026-08-29 21:28:46,293 INFO px4med.coordinator: Episode 0 step 197/800 | actions=[1, 2, 3, 0, 1] | sim_pos=[(81, 21), (57, 98), (20, 3), (46, 52), (15, 69)] | pending=24 | deliveries=[] | landed=[False, False, False, False, False] | depleted=[False, False, False, False, False] | phase=rescue | reward=2.29
2026-08-29 21:28:47,296 INFO px4med.coordinator: Episode 0 step 198/800 | actions=[2, 2, 3, 0, 1] | sim_pos=[(80, 21), (56, 98), (21, 3), (46, 52), (15, 70)] | pending=24 | deliveries=[] | landed=[False, False, False, False, False] | depleted=[False, False, False, False, False] | phase=rescue | reward=2.29
2026-08-29 21:28:48,295 INFO px4med.coordinator: Episode 0 step 199/800 | actions=[2, 2, 3, 0, 1] | sim_pos=[(80, 21), (56, 98), (21, 3), (46, 51), (15, 70)] | pending=24 | deliveries=[] | landed=[False, False, False, False, False] | depleted=[False, False, False, False, False] | phase=rescue | reward=2.29
2026-08-29 21:28:49,305 INFO px4med.coordinator: Episode 0 step 200/800 | actions=[2, 2, 3, 0, 1] | sim_pos=[(79, 21), (55, 98), (22, 3), (46, 51), (15, 71)] | pending=24 | deliveries=[] | landed=[False, False, False, False, False] | depleted=[False, False, False, False, False] | phase=rescue | reward=2.28
2026-08-29 21:28:51,179 INFO px4med.coordinator: Episode 0 step 201/800 | actions=[2, 2, 3, 0, 1] | sim_pos=[(79, 21), (55, 98), (22, 3), (46, 50), (15, 71)] | pending=24 | deliveries=[] | landed=[False, False, False, False, False] | depleted=[False, False, False, False, False] | phase=rescue | reward=2.28
2026-08-29 21:28:52,302 INFO px4med.coordinator: Episode 0 step 202/800 | actions=[2, 2, 3, 0, 3] | sim_pos=[(78, 21), (54, 98), (23, 3), (46, 50), (16, 71)] | pending=24 | deliveries=[] | landed=[False, False, False, False, False] | depleted=[False, False, False, False, False] | phase=rescue | reward=2.28
2026-08-29 21:28:54,318 INFO px4med.coordinator: Episode 0 step 203/800 | actions=[1, 2, 3, 0, 3] | sim_pos=[(79, 22), (54, 98), (23, 3), (46, 49), (16, 71)] | pending=24 | deliveries=[] | landed=[False, False, False, False, False] | depleted=[False, False, False, False, False] | phase=rescue | reward=2.28
2026-08-29 21:28:56,299 INFO px4med.coordinator: Episode 0 step 204/800 | actions=[1, 2, 3, 0, 3] | sim_pos=[(78, 22), (53, 98), (24, 3), (46, 49), (17, 71)] | pending=23 | deliveries=[31] | landed=[False, False, False, False, False] | depleted=[False, False, False, False, False] | phase=rescue | reward=22.86
2026-08-29 21:28:57,309 INFO px4med.coordinator: Episode 0 step 205/800 | actions=[1, 2, 3, 0, 1] | sim_pos=[(79, 23), (53, 98), (24, 3), (46, 48), (16, 72)] | pending=23 | deliveries=[] | landed=[False, False, False, False, False] | depleted=[False, False, False, False, False] | phase=rescue | reward=1.29
2026-08-29 21:28:59,303 INFO px4med.coordinator: Episode 0 step 206/800 | actions=[1, 2, 0, 0, 1] | sim_pos=[(78, 23), (52, 98), (24, 2), (46, 48), (17, 72)] | pending=23 | deliveries=[] | landed=[False, False, False, False, False] | depleted=[False, False, False, False, False] | phase=rescue | reward=1.29
2026-08-29 21:29:00,293 INFO px4med.coordinator: Episode 0 step 207/800 | actions=[1, 2, 3, 0, 1] | sim_pos=[(79, 24), (52, 98), (25, 3), (46, 47), (16, 73)] | pending=23 | deliveries=[] | landed=[False, False, False, False, False] | depleted=[False, False, False, False, False] | phase=rescue | reward=1.29
2026-08-29 21:29:02,294 INFO px4med.coordinator: Episode 0 step 208/800 | actions=[1, 0, 3, 0, 1] | sim_pos=[(78, 24), (52, 97), (25, 2), (46, 47), (17, 73)] | pending=23 | deliveries=[] | landed=[False, False, False, False, False] | depleted=[False, False, False, False, False] | phase=rescue | reward=2.29
2026-08-29 21:29:03,304 INFO px4med.coordinator: Episode 0 step 209/800 | actions=[1, 0, 3, 2, 1] | sim_pos=[(79, 25), (52, 97), (26, 3), (45, 47), (16, 74)] | pending=23 | deliveries=[] | landed=[False, False, False, False, False] | depleted=[False, False, False, False, False] | phase=rescue | reward=2.29
2026-08-29 21:29:05,293 INFO px4med.coordinator: Episode 0 step 210/800 | actions=[1, 0, 3, 2, 1] | sim_pos=[(78, 25), (52, 96), (26, 2), (45, 47), (17, 74)] | pending=23 | deliveries=[] | landed=[False, False, False, False, False] | depleted=[False, False, False, False, False] | phase=rescue | reward=2.29
2026-08-29 21:29:06,295 INFO px4med.coordinator: Episode 0 step 211/800 | actions=[1, 0, 0, 2, 2] | sim_pos=[(79, 26), (52, 96), (26, 2), (44, 47), (15, 74)] | pending=23 | deliveries=[] | landed=[False, False, False, False, False] | depleted=[False, False, False, False, False] | phase=rescue | reward=1.29
2026-08-29 21:29:08,297 INFO px4med.coordinator: Episode 0 step 212/800 | actions=[1, 0, 3, 2, 2] | sim_pos=[(79, 27), (52, 95), (27, 2), (43, 47), (15, 74)] | pending=23 | deliveries=[] | landed=[False, False, False, False, False] | depleted=[False, False, False, False, False] | phase=rescue | reward=1.28
2026-08-29 21:29:09,294 INFO px4med.coordinator: Episode 0 step 213/800 | actions=[1, 0, 3, 2, 2] | sim_pos=[(79, 27), (52, 95), (27, 2), (43, 47), (14, 74)] | pending=23 | deliveries=[] | landed=[False, False, False, False, False] | depleted=[False, False, False, False, False] | phase=rescue | reward=1.28
2026-08-29 21:29:10,294 INFO px4med.coordinator: Episode 0 step 214/800 | actions=[1, 3, 3, 0, 2] | sim_pos=[(79, 28), (53, 95), (27, 2), (43, 46), (14, 74)] | pending=22 | deliveries=[14] | landed=[False, False, False, False, False] | depleted=[False, False, False, False, False] | phase=rescue | reward=10.83
2026-08-29 21:29:12,200 INFO px4med.coordinator: Episode 0 step 215/800 | actions=[1, 0, 0, 0, 1] | sim_pos=[(79, 28), (52, 94), (27, 1), (43, 46), (14, 75)] | pending=21 | deliveries=[13] | landed=[False, False, False, False, False] | depleted=[False, False, False, False, False] | phase=rescue | reward=11.75
2026-08-29 21:29:14,293 INFO px4med.coordinator: Episode 0 step 216/800 | actions=[2, 0, 3, 0, 1] | sim_pos=[(78, 28), (53, 94), (28, 1), (43, 45), (14, 75)] | pending=20 | deliveries=[23] | landed=[False, False, False, False, False] | depleted=[False, False, False, False, False] | phase=rescue | reward=11.98
2026-08-29 21:29:16,208 INFO px4med.coordinator: Episode 0 step 217/800 | actions=[2, 3, 3, 0, 1] | sim_pos=[(78, 28), (53, 94), (28, 1), (43, 45), (14, 76)] | pending=20 | deliveries=[] | landed=[False, False, False, False, False] | depleted=[False, False, False, False, False] | phase=rescue | reward=2.31
2026-08-29 21:29:17,294 INFO px4med.coordinator: Episode 0 step 218/800 | actions=[2, 0, 3, 0, 1] | sim_pos=[(77, 28), (53, 93), (29, 1), (43, 44), (14, 76)] | pending=19 | deliveries=[20] | landed=[False, False, False, False, False] | depleted=[False, False, False, False, False] | phase=rescue | reward=7.55
2026-08-29 21:29:18,298 INFO px4med.coordinator: Episode 0 step 219/800 | actions=[2, 0, 3, 3, 1] | sim_pos=[(77, 28), (53, 93), (29, 1), (44, 45), (14, 77)] | pending=19 | deliveries=[] | landed=[False, False, False, False, False] | depleted=[False, False, False, False, False] | phase=rescue | reward=0.31
2026-08-29 21:29:20,297 INFO px4med.coordinator: Episode 0 step 220/800 | actions=[2, 0, 3, 1, 1] | sim_pos=[(76, 28), (53, 92), (30, 1), (43, 45), (14, 77)] | pending=12 | deliveries=[] | landed=[False, False, False, False, False] | depleted=[False, False, False, False, False] | phase=rescue | reward=-232.14
2026-08-29 21:29:22,233 INFO px4med.coordinator: Episode 0 step 221/800 | actions=[2, 0, 3, 3, 1] | sim_pos=[(76, 28), (53, 92), (30, 1), (45, 45), (14, 78)] | pending=12 | deliveries=[] | landed=[False, False, False, False, False] | depleted=[False, False, False, False, False] | phase=rescue | reward=2.36
2026-08-29 21:29:24,294 INFO px4med.coordinator: Episode 0 step 222/800 | actions=[2, 0, 3, 3, 3] | sim_pos=[(75, 28), (53, 91), (31, 1), (45, 45), (15, 78)] | pending=12 | deliveries=[] | landed=[False, False, False, False, False] | depleted=[False, False, False, False, False] | phase=rescue | reward=2.36
2026-08-29 21:29:25,294 INFO px4med.coordinator: Episode 0 step 223/800 | actions=[2, 0, 3, 3, 3] | sim_pos=[(75, 28), (53, 91), (31, 1), (46, 45), (15, 78)] | pending=12 | deliveries=[] | landed=[False, False, False, False, False] | depleted=[False, False, False, False, False] | phase=rescue | reward=2.36
2026-08-29 21:29:26,295 INFO px4med.coordinator: Episode 0 step 224/800 | actions=[2, 0, 3, 3, 3] | sim_pos=[(74, 28), (53, 91), (32, 1), (46, 45), (16, 78)] | pending=12 | deliveries=[] | landed=[False, False, False, False, False] | depleted=[False, False, False, False, False] | phase=rescue | reward=2.36
2026-08-29 21:29:27,293 INFO px4med.coordinator: Episode 0 step 225/800 | actions=[2, 0, 3, 0, 3] | sim_pos=[(74, 28), (53, 90), (32, 1), (46, 44), (16, 78)] | pending=12 | deliveries=[] | landed=[False, False, False, False, False] | depleted=[False, False, False, False, False] | phase=rescue | reward=2.36
2026-08-29 21:29:28,293 INFO px4med.coordinator: Episode 0 step 226/800 | actions=[2, 0, 3, 0, 3] | sim_pos=[(73, 28), (53, 90), (33, 1), (46, 44), (17, 78)] | pending=12 | deliveries=[] | landed=[False, False, False, False, False] | depleted=[False, False, False, False, False] | phase=rescue | reward=2.36
2026-08-29 21:29:29,292 INFO px4med.coordinator: Episode 0 step 227/800 | actions=[2, 0, 3, 3, 3] | sim_pos=[(73, 28), (53, 89), (33, 1), (47, 44), (17, 78)] | pending=12 | deliveries=[] | landed=[False, False, False, False, False] | depleted=[False, False, False, False, False] | phase=rescue | reward=2.36
2026-08-29 21:29:30,296 INFO px4med.coordinator: Episode 0 step 228/800 | actions=[2, 0, 3, 3, 3] | sim_pos=[(72, 28), (53, 89), (34, 1), (47, 44), (18, 78)] | pending=12 | deliveries=[] | landed=[False, False, False, False, False] | depleted=[False, False, False, False, False] | phase=rescue | reward=2.36
2026-08-29 21:29:31,303 INFO px4med.coordinator: Episode 0 step 229/800 | actions=[2, 0, 3, 3, 3] | sim_pos=[(72, 28), (53, 88), (34, 1), (48, 44), (18, 78)] | pending=12 | deliveries=[] | landed=[False, False, False, False, False] | depleted=[False, False, False, False, False] | phase=rescue | reward=2.36
2026-08-29 21:29:32,293 INFO px4med.coordinator: Episode 0 step 230/800 | actions=[1, 0, 3, 3, 3] | sim_pos=[(72, 29), (53, 88), (35, 1), (48, 44), (19, 78)] | pending=12 | deliveries=[] | landed=[False, False, False, False, False] | depleted=[False, False, False, False, False] | phase=rescue | reward=2.36
2026-08-29 21:29:33,299 INFO px4med.coordinator: Episode 0 step 231/800 | actions=[1, 0, 3, 0, 3] | sim_pos=[(72, 29), (53, 87), (35, 1), (48, 43), (19, 78)] | pending=12 | deliveries=[] | landed=[False, False, False, False, False] | depleted=[False, False, False, False, False] | phase=rescue | reward=2.36
2026-08-29 21:29:34,296 INFO px4med.coordinator: Episode 0 step 232/800 | actions=[2, 0, 3, 0, 3] | sim_pos=[(71, 29), (53, 87), (36, 1), (48, 43), (20, 78)] | pending=12 | deliveries=[] | landed=[False, False, False, False, False] | depleted=[False, False, False, False, False] | phase=rescue | reward=2.36
2026-08-29 21:29:35,304 INFO px4med.coordinator: Episode 0 step 233/800 | actions=[2, 0, 3, 0, 3] | sim_pos=[(71, 29), (53, 86), (36, 1), (48, 42), (20, 78)] | pending=12 | deliveries=[] | landed=[False, False, False, False, False] | depleted=[False, False, False, False, False] | phase=rescue | reward=1.35
2026-08-29 21:29:36,306 INFO px4med.coordinator: Episode 0 step 234/800 | actions=[2, 0, 3, 0, 3] | sim_pos=[(70, 29), (53, 86), (37, 1), (48, 42), (21, 78)] | pending=12 | deliveries=[] | landed=[False, False, False, False, False] | depleted=[False, False, False, False, False] | phase=rescue | reward=1.35
2026-08-29 21:29:38,186 INFO px4med.coordinator: Episode 0 step 235/800 | actions=[2, 0, 3, 1, 3] | sim_pos=[(70, 29), (53, 85), (37, 1), (48, 43), (21, 78)] | pending=12 | deliveries=[] | landed=[False, False, False, False, False] | depleted=[False, False, False, False, False] | phase=rescue | reward=2.35
2026-08-29 21:29:40,181 INFO px4med.coordinator: Episode 0 step 236/800 | actions=[2, 0, 3, 1, 3] | sim_pos=[(69, 29), (53, 85), (38, 1), (48, 43), (22, 78)] | pending=12 | deliveries=[] | landed=[False, False, False, False, False] | depleted=[False, False, False, False, False] | phase=rescue | reward=2.35
2026-08-29 21:29:41,299 INFO px4med.coordinator: Episode 0 step 237/800 | actions=[2, 0, 3, 1, 3] | sim_pos=[(69, 29), (53, 84), (38, 1), (48, 44), (22, 78)] | pending=12 | deliveries=[] | landed=[False, False, False, False, False] | depleted=[False, False, False, False, False] | phase=rescue | reward=1.35
2026-08-29 21:29:42,297 INFO px4med.coordinator: Episode 0 step 238/800 | actions=[2, 0, 3, 1, 3] | sim_pos=[(68, 29), (53, 84), (39, 1), (48, 44), (23, 78)] | pending=12 | deliveries=[] | landed=[False, False, False, False, False] | depleted=[False, False, False, False, False] | phase=rescue | reward=1.35
2026-08-29 21:29:43,305 INFO px4med.coordinator: Episode 0 step 239/800 | actions=[2, 0, 3, 3, 3] | sim_pos=[(68, 29), (53, 83), (39, 1), (49, 44), (23, 78)] | pending=12 | deliveries=[] | landed=[False, False, False, False, False] | depleted=[False, False, False, False, False] | phase=rescue | reward=2.35
2026-08-29 21:29:44,304 INFO px4med.coordinator: Episode 0 step 240/800 | actions=[2, 0, 3, 0, 3] | sim_pos=[(67, 29), (53, 83), (40, 1), (48, 43), (24, 78)] | pending=12 | deliveries=[] | landed=[False, False, False, False, False] | depleted=[False, False, False, False, False] | phase=rescue | reward=2.35
2026-08-29 21:29:46,292 INFO px4med.coordinator: Episode 0 step 241/800 | actions=[2, 0, 3, 3, 3] | sim_pos=[(67, 29), (53, 82), (40, 1), (50, 44), (24, 78)] | pending=12 | deliveries=[] | landed=[False, False, False, False, False] | depleted=[False, False, False, False, False] | phase=rescue | reward=2.35
2026-08-29 21:29:48,302 INFO px4med.coordinator: Episode 0 step 242/800 | actions=[0, 0, 1, 3, 3] | sim_pos=[(67, 28), (53, 81), (40, 2), (50, 44), (25, 78)] | pending=12 | deliveries=[] | landed=[False, False, False, False, False] | depleted=[False, False, False, False, False] | phase=rescue | reward=1.35
2026-08-29 21:29:50,205 INFO px4med.coordinator: Episode 0 step 243/800 | actions=[0, 0, 3, 0, 3] | sim_pos=[(67, 28), (53, 81), (41, 1), (50, 43), (25, 78)] | pending=12 | deliveries=[] | landed=[False, False, False, False, False] | depleted=[False, False, False, False, False] | phase=rescue | reward=1.35
2026-08-29 21:29:52,316 INFO px4med.coordinator: Episode 0 step 244/800 | actions=[2, 3, 1, 0, 3] | sim_pos=[(66, 28), (54, 81), (40, 3), (50, 43), (26, 78)] | pending=9 | deliveries=[37] | landed=[False, False, False, False, False] | depleted=[False, False, False, False, False] | phase=rescue | reward=-72.95
2026-08-29 21:29:54,313 INFO px4med.coordinator: Episode 0 step 245/800 | actions=[2, 0, 3, 3, 1] | sim_pos=[(65, 28), (54, 80), (41, 2), (51, 43), (26, 79)] | pending=9 | deliveries=[] | landed=[False, False, False, False, False] | depleted=[False, False, False, False, False] | phase=rescue | reward=2.38
2026-08-29 21:29:56,304 INFO px4med.coordinator: Episode 0 step 246/800 | actions=[2, 0, 1, 3, 2] | sim_pos=[(65, 28), (54, 80), (40, 4), (51, 43), (25, 78)] | pending=9 | deliveries=[] | landed=[False, False, False, False, False] | depleted=[False, False, False, False, False] | phase=rescue | reward=1.38
2026-08-29 21:29:58,303 INFO px4med.coordinator: Episode 0 step 247/800 | actions=[2, 1, 1, 3, 1] | sim_pos=[(64, 28), (54, 81), (40, 4), (52, 43), (25, 79)] | pending=9 | deliveries=[] | landed=[False, False, False, False, False] | depleted=[False, False, False, False, False] | phase=rescue | reward=1.38
2026-08-29 21:29:59,311 INFO px4med.coordinator: Episode 0 step 248/800 | actions=[2, 0, 1, 3, 3] | sim_pos=[(64, 28), (54, 79), (40, 5), (52, 43), (26, 78)] | pending=9 | deliveries=[] | landed=[False, False, False, False, False] | depleted=[False, False, False, False, False] | phase=rescue | reward=2.38
2026-08-29 21:30:01,304 INFO px4med.coordinator: Episode 0 step 249/800 | actions=[2, 1, 1, 3, 1] | sim_pos=[(63, 28), (54, 81), (40, 6), (53, 43), (26, 79)] | pending=9 | deliveries=[] | landed=[False, False, False, False, False] | depleted=[False, False, False, False, False] | phase=rescue | reward=1.38
2026-08-29 21:30:03,300 INFO px4med.coordinator: Episode 0 step 250/800 | actions=[2, 0, 3, 3, 1] | sim_pos=[(62, 28), (54, 79), (41, 6), (54, 43), (26, 80)] | pending=9 | deliveries=[] | landed=[False, False, False, False, False] | depleted=[False, False, False, False, False] | phase=rescue | reward=2.38
2026-08-29 21:30:05,304 INFO px4med.coordinator: Episode 0 step 251/800 | actions=[2, 1, 3, 3, 1] | sim_pos=[(61, 28), (54, 81), (42, 6), (55, 43), (26, 81)] | pending=8 | deliveries=[38] | landed=[False, False, False, False, False] | depleted=[False, False, False, False, False] | phase=rescue | reward=7.13
2026-08-29 21:30:07,302 INFO px4med.coordinator: Episode 0 step 252/800 | actions=[2, 0, 1, 0, 3] | sim_pos=[(60, 28), (54, 79), (42, 7), (55, 42), (27, 81)] | pending=8 | deliveries=[] | landed=[False, False, False, False, False] | depleted=[False, False, False, False, False] | phase=rescue | reward=1.39
2026-08-29 21:30:09,305 INFO px4med.coordinator: Episode 0 step 253/800 | actions=[2, 1, 3, 2, 0] | sim_pos=[(59, 28), (54, 81), (43, 7), (54, 42), (27, 80)] | pending=8 | deliveries=[] | landed=[False, False, False, False, False] | depleted=[False, False, False, False, False] | phase=rescue | reward=-0.62
2026-08-29 21:30:11,311 INFO px4med.coordinator: Episode 0 step 254/800 | actions=[2, 1, 1, 2, 0] | sim_pos=[(58, 28), (54, 81), (43, 8), (53, 42), (27, 79)] | pending=8 | deliveries=[] | landed=[False, False, False, False, False] | depleted=[False, False, False, False, False] | phase=rescue | reward=-0.62
2026-08-29 21:30:12,305 INFO px4med.coordinator: Episode 0 step 255/800 | actions=[2, 0, 3, 2, 0] | sim_pos=[(58, 28), (54, 80), (44, 7), (53, 42), (27, 79)] | pending=8 | deliveries=[] | landed=[False, False, False, False, False] | depleted=[False, False, False, False, False] | phase=rescue | reward=0.38
2026-08-29 21:30:14,304 INFO px4med.coordinator: Episode 0 step 256/800 | actions=[1, 0, 3, 2, 2] | sim_pos=[(58, 29), (54, 80), (44, 8), (52, 42), (26, 79)] | pending=8 | deliveries=[] | landed=[False, False, False, False, False] | depleted=[False, False, False, False, False] | phase=rescue | reward=1.38
2026-08-29 21:30:16,225 INFO px4med.coordinator: Episode 0 step 257/800 | actions=[1, 1, 1, 2, 2] | sim_pos=[(58, 29), (54, 81), (44, 8), (52, 42), (26, 79)] | pending=8 | deliveries=[] | landed=[False, False, False, False, False] | depleted=[False, False, False, False, False] | phase=rescue | reward=0.38
2026-08-29 21:30:17,305 INFO px4med.coordinator: Episode 0 step 258/800 | actions=[1, 1, 3, 2, 1] | sim_pos=[(58, 30), (54, 81), (45, 8), (51, 42), (26, 80)] | pending=7 | deliveries=[30] | landed=[False, False, False, False, False] | depleted=[False, False, False, False, False] | phase=rescue | reward=12.63
2026-08-29 21:30:18,310 INFO px4med.coordinator: Episode 0 step 259/800 | actions=[3, 0, 3, 2, 1] | sim_pos=[(59, 29), (54, 80), (45, 8), (51, 42), (26, 80)] | pending=7 | deliveries=[] | landed=[False, False, False, False, False] | depleted=[False, False, False, False, False] | phase=rescue | reward=0.40
2026-08-29 21:30:20,314 INFO px4med.coordinator: Episode 0 step 260/800 | actions=[3, 0, 3, 2, 1] | sim_pos=[(59, 30), (54, 80), (46, 8), (50, 42), (26, 81)] | pending=7 | deliveries=[] | landed=[False, False, False, False, False] | depleted=[False, False, False, False, False] | phase=rescue | reward=0.40
2026-08-29 21:30:21,317 INFO px4med.coordinator: Episode 0 step 261/800 | actions=[3, 1, 3, 2, 1] | sim_pos=[(60, 29), (54, 81), (46, 8), (50, 42), (26, 81)] | pending=7 | deliveries=[] | landed=[False, False, False, False, False] | depleted=[False, False, False, False, False] | phase=rescue | reward=-0.60
2026-08-29 21:30:23,306 INFO px4med.coordinator: Episode 0 step 262/800 | actions=[3, 1, 3, 2, 3] | sim_pos=[(60, 30), (54, 81), (47, 8), (49, 42), (27, 81)] | pending=6 | deliveries=[49] | landed=[False, False, False, False, False] | depleted=[False, False, False, False, False] | phase=rescue | reward=4.94
2026-08-29 21:30:24,304 INFO px4med.coordinator: Episode 0 step 263/800 | actions=[3, 0, 2, 2, 0] | sim_pos=[(61, 29), (54, 80), (45, 8), (49, 42), (26, 80)] | pending=6 | deliveries=[] | landed=[False, False, False, False, False] | depleted=[False, False, False, False, False] | phase=rescue | reward=-1.60
2026-08-29 21:30:26,312 INFO px4med.coordinator: Episode 0 step 264/800 | actions=[3, 1, 2, 2, 0] | sim_pos=[(62, 29), (54, 81), (45, 8), (48, 42), (26, 79)] | pending=6 | deliveries=[] | landed=[False, False, False, False, False] | depleted=[False, False, False, False, False] | phase=rescue | reward=-0.60
2026-08-29 21:30:28,200 INFO px4med.coordinator: Episode 0 step 265/800 | actions=[1, 1, 2, 2, 0] | sim_pos=[(61, 30), (54, 81), (44, 8), (48, 42), (26, 79)] | pending=6 | deliveries=[] | landed=[False, False, False, False, False] | depleted=[False, False, False, False, False] | phase=rescue | reward=-0.60
2026-08-29 21:30:30,306 INFO px4med.coordinator: Episode 0 step 266/800 | actions=[3, 0, 2, 1, 2] | sim_pos=[(63, 29), (54, 80), (44, 8), (48, 43), (25, 79)] | pending=6 | deliveries=[] | landed=[False, False, False, False, False] | depleted=[False, False, False, False, False] | phase=rescue | reward=-0.60
2026-08-29 21:30:32,310 INFO px4med.coordinator: Episode 0 step 267/800 | actions=[1, 1, 2, 2, 1] | sim_pos=[(62, 30), (54, 81), (43, 8), (47, 43), (25, 80)] | pending=5 | deliveries=[] | landed=[False, False, False, False, False] | depleted=[False, False, False, False, False] | phase=rescue | reward=-29.59
2026-08-29 21:30:34,304 INFO px4med.coordinator: Episode 0 step 268/800 | actions=[2, 3, 2, 2, 1] | sim_pos=[(62, 29), (55, 80), (43, 8), (47, 43), (25, 80)] | pending=5 | deliveries=[] | landed=[False, False, False, False, False] | depleted=[False, False, False, False, False] | phase=rescue | reward=-0.60
2026-08-29 21:30:36,309 INFO px4med.coordinator: Episode 0 step 269/800 | actions=[2, 0, 2, 2, 3] | sim_pos=[(61, 30), (54, 80), (42, 8), (46, 43), (26, 80)] | pending=5 | deliveries=[] | landed=[False, False, False, False, False] | depleted=[False, False, False, False, False] | phase=rescue | reward=0.40
2026-08-29 21:30:38,308 INFO px4med.coordinator: Episode 0 step 270/800 | actions=[2, 3, 2, 2, 3] | sim_pos=[(61, 29), (56, 80), (42, 8), (46, 43), (26, 80)] | pending=5 | deliveries=[] | landed=[False, False, False, False, False] | depleted=[False, False, False, False, False] | phase=rescue | reward=-0.60
2026-08-29 21:30:40,310 INFO px4med.coordinator: Episode 0 step 271/800 | actions=[2, 0, 2, 2, 1] | sim_pos=[(60, 29), (55, 79), (41, 8), (45, 43), (26, 81)] | pending=5 | deliveries=[] | landed=[False, False, False, False, False] | depleted=[False, False, False, False, False] | phase=rescue | reward=0.40
2026-08-29 21:30:42,307 INFO px4med.coordinator: Episode 0 step 272/800 | actions=[2, 1, 2, 1, 1] | sim_pos=[(60, 29), (56, 81), (41, 8), (46, 44), (26, 81)] | pending=5 | deliveries=[] | landed=[False, False, False, False, False] | depleted=[False, False, False, False, False] | phase=rescue | reward=-1.60
2026-08-29 21:30:44,309 INFO px4med.coordinator: Episode 0 step 273/800 | actions=[2, 3, 2, 1, 1] | sim_pos=[(59, 29), (57, 80), (40, 8), (46, 45), (26, 82)] | pending=5 | deliveries=[] | landed=[False, False, False, False, False] | depleted=[False, False, False, False, False] | phase=rescue | reward=-1.60
2026-08-29 21:30:46,314 INFO px4med.coordinator: Episode 0 step 274/800 | actions=[2, 1, 2, 1, 1] | sim_pos=[(59, 29), (56, 82), (40, 8), (46, 45), (26, 82)] | pending=5 | deliveries=[] | landed=[False, False, False, False, False] | depleted=[False, False, False, False, False] | phase=rescue | reward=-1.60
2026-08-29 21:30:48,312 INFO px4med.coordinator: Episode 0 step 275/800 | actions=[1, 3, 2, 2, 0] | sim_pos=[(59, 30), (57, 81), (39, 8), (45, 45), (26, 81)] | pending=5 | deliveries=[] | landed=[False, False, False, False, False] | depleted=[False, False, False, False, False] | phase=rescue | reward=-0.60
2026-08-29 21:30:50,307 INFO px4med.coordinator: Episode 0 step 276/800 | actions=[3, 1, 2, 2, 0] | sim_pos=[(60, 29), (56, 83), (39, 8), (45, 45), (26, 81)] | pending=5 | deliveries=[] | landed=[False, False, False, False, False] | depleted=[False, False, False, False, False] | phase=rescue | reward=-0.60
2026-08-29 21:30:52,308 INFO px4med.coordinator: Episode 0 step 277/800 | actions=[3, 3, 2, 1, 0] | sim_pos=[(61, 29), (57, 82), (38, 8), (45, 46), (26, 80)] | pending=5 | deliveries=[] | landed=[False, False, False, False, False] | depleted=[False, False, False, False, False] | phase=rescue | reward=-1.60
2026-08-29 21:30:54,320 INFO px4med.coordinator: Episode 0 step 278/800 | actions=[3, 1, 2, 1, 0] | sim_pos=[(61, 29), (56, 84), (38, 8), (45, 46), (26, 80)] | pending=5 | deliveries=[] | landed=[False, False, False, False, False] | depleted=[False, False, False, False, False] | phase=rescue | reward=-1.60
2026-08-29 21:30:56,313 INFO px4med.coordinator: Episode 0 step 279/800 | actions=[3, 3, 1, 1, 0] | sim_pos=[(62, 29), (57, 83), (38, 9), (45, 47), (26, 79)] | pending=5 | deliveries=[] | landed=[False, False, False, False, False] | depleted=[False, False, False, False, False] | phase=rescue | reward=-0.60
2026-08-29 21:30:58,312 INFO px4med.coordinator: Episode 0 step 280/800 | actions=[3, 1, 2, 1, 0] | sim_pos=[(62, 29), (56, 85), (37, 8), (45, 47), (26, 79)] | pending=5 | deliveries=[] | landed=[False, False, False, False, False] | depleted=[False, False, False, False, False] | phase=rescue | reward=-1.60
2026-08-29 21:31:00,310 INFO px4med.coordinator: Episode 0 step 281/800 | actions=[3, 3, 1, 1, 2] | sim_pos=[(63, 29), (57, 84), (37, 9), (45, 48), (25, 79)] | pending=5 | deliveries=[] | landed=[False, False, False, False, False] | depleted=[False, False, False, False, False] | phase=rescue | reward=-0.60
2026-08-29 21:31:02,314 INFO px4med.coordinator: Episode 0 step 282/800 | actions=[3, 1, 1, 1, 1] | sim_pos=[(63, 29), (56, 86), (37, 9), (45, 48), (26, 80)] | pending=5 | deliveries=[] | landed=[False, False, False, False, False] | depleted=[False, False, False, False, False] | phase=rescue | reward=0.40
2026-08-29 21:31:04,313 INFO px4med.coordinator: Episode 0 step 283/800 | actions=[1, 1, 2, 1, 1] | sim_pos=[(63, 30), (56, 86), (36, 9), (45, 49), (26, 81)] | pending=5 | deliveries=[] | landed=[False, False, False, False, False] | depleted=[False, False, False, False, False] | phase=rescue | reward=1.40
2026-08-29 21:31:05,323 INFO px4med.coordinator: Episode 0 step 284/800 | actions=[3, 2, 2, 1, 0] | sim_pos=[(64, 29), (55, 86), (36, 9), (45, 49), (26, 79)] | pending=5 | deliveries=[] | landed=[False, False, False, False, False] | depleted=[False, False, False, False, False] | phase=rescue | reward=-0.60
2026-08-29 21:31:07,322 INFO px4med.coordinator: Episode 0 step 285/800 | actions=[3, 0, 2, 2, 0] | sim_pos=[(65, 29), (55, 85), (35, 9), (44, 49), (26, 79)] | pending=5 | deliveries=[] | landed=[False, False, False, False, False] | depleted=[False, False, False, False, False] | phase=rescue | reward=0.40
2026-08-29 21:31:08,318 INFO px4med.coordinator: Episode 0 step 286/800 | actions=[3, 1, 2, 2, 0] | sim_pos=[(65, 29), (55, 87), (35, 9), (44, 49), (26, 78)] | pending=5 | deliveries=[] | landed=[False, False, False, False, False] | depleted=[False, False, False, False, False] | phase=rescue | reward=-0.60
2026-08-29 21:31:10,309 INFO px4med.coordinator: Episode 0 step 287/800 | actions=[2, 1, 2, 1, 0] | sim_pos=[(64, 29), (55, 87), (34, 9), (44, 50), (26, 77)] | pending=5 | deliveries=[] | landed=[False, False, False, False, False] | depleted=[False, False, False, False, False] | phase=rescue | reward=0.40
2026-08-29 21:31:12,261 INFO px4med.coordinator: Episode 0 step 288/800 | actions=[2, 0, 2, 2, 0] | sim_pos=[(64, 29), (55, 86), (34, 9), (43, 49), (26, 77)] | pending=5 | deliveries=[] | landed=[False, False, False, False, False] | depleted=[False, False, False, False, False] | phase=rescue | reward=1.40
2026-08-29 21:31:14,311 INFO px4med.coordinator: Episode 0 step 289/800 | actions=[2, 0, 2, 2, 0] | sim_pos=[(63, 29), (55, 86), (33, 9), (43, 50), (26, 76)] | pending=5 | deliveries=[] | landed=[False, False, False, False, False] | depleted=[False, False, False, False, False] | phase=rescue | reward=0.40
2026-08-29 21:31:15,313 INFO px4med.coordinator: Episode 0 step 290/800 | actions=[2, 1, 2, 1, 0] | sim_pos=[(63, 29), (55, 87), (33, 9), (43, 50), (26, 76)] | pending=5 | deliveries=[] | landed=[False, False, False, False, False] | depleted=[False, False, False, False, False] | phase=rescue | reward=-0.60
2026-08-29 21:31:17,215 INFO px4med.coordinator: Episode 0 step 291/800 | actions=[1, 1, 2, 1, 0] | sim_pos=[(63, 30), (55, 87), (32, 9), (43, 51), (26, 75)] | pending=5 | deliveries=[] | landed=[False, False, False, False, False] | depleted=[False, False, False, False, False] | phase=rescue | reward=-0.60
2026-08-29 21:31:18,312 INFO px4med.coordinator: Episode 0 step 292/800 | actions=[3, 0, 2, 1, 0] | sim_pos=[(64, 29), (55, 86), (32, 9), (43, 51), (26, 75)] | pending=5 | deliveries=[] | landed=[False, False, False, False, False] | depleted=[False, False, False, False, False] | phase=rescue | reward=-0.60
2026-08-29 21:31:20,310 INFO px4med.coordinator: Episode 0 step 293/800 | actions=[1, 1, 2, 1, 3] | sim_pos=[(63, 31), (55, 88), (31, 9), (43, 52), (27, 75)] | pending=5 | deliveries=[] | landed=[False, False, False, False, False] | depleted=[False, False, False, False, False] | phase=rescue | reward=-0.60
2026-08-29 21:31:23,199 INFO px4med.coordinator: Episode 0 step 294/800 | actions=[2, 0, 2, 1, 0] | sim_pos=[(62, 30), (55, 86), (30, 9), (43, 53), (27, 74)] | pending=0 | deliveries=[] | landed=[False, False, False, False, False] | depleted=[False, False, False, False, False] | phase=landing | reward=60.44
2026-08-29 21:31:25,314 INFO px4med.coordinator: Episode 0 step 295/800 | actions=[2, 0, 1, 1, 0] | sim_pos=[(61, 30), (55, 86), (30, 10), (43, 54), (27, 73)] | pending=0 | deliveries=[] | landed=[False, False, False, False, False] | depleted=[False, False, False, False, False] | phase=landing | reward=-0.56
2026-08-29 21:31:27,201 INFO px4med.coordinator: Episode 0 step 296/800 | actions=[2, 3, 1, 1, 0] | sim_pos=[(61, 30), (56, 86), (30, 10), (43, 54), (27, 73)] | pending=0 | deliveries=[] | landed=[False, False, False, False, False] | depleted=[False, False, False, False, False] | phase=landing | reward=-0.56
2026-08-29 21:31:28,312 INFO px4med.coordinator: Episode 0 step 297/800 | actions=[2, 3, 1, 1, 0] | sim_pos=[(60, 30), (56, 86), (30, 11), (43, 55), (27, 72)] | pending=0 | deliveries=[] | landed=[False, False, False, False, False] | depleted=[False, False, False, False, False] | phase=landing | reward=-0.56
2026-08-29 21:31:29,315 INFO px4med.coordinator: Episode 0 step 298/800 | actions=[2, 3, 1, 1, 0] | sim_pos=[(60, 30), (57, 86), (30, 11), (43, 55), (27, 72)] | pending=0 | deliveries=[] | landed=[False, False, False, False, False] | depleted=[False, False, False, False, False] | phase=landing | reward=-0.56
2026-08-29 21:31:30,315 INFO px4med.coordinator: Episode 0 step 299/800 | actions=[2, 3, 1, 2, 0] | sim_pos=[(59, 30), (57, 86), (30, 12), (42, 55), (27, 71)] | pending=0 | deliveries=[] | landed=[False, False, False, False, False] | depleted=[False, False, False, False, False] | phase=landing | reward=-0.56
2026-08-29 21:31:32,265 INFO px4med.coordinator: Episode 0 step 300/800 | actions=[2, 3, 1, 1, 0] | sim_pos=[(59, 30), (58, 86), (30, 12), (43, 56), (27, 71)] | pending=0 | deliveries=[] | landed=[False, False, False, False, False] | depleted=[False, False, False, False, False] | phase=landing | reward=-0.56
2026-08-29 21:31:34,317 INFO px4med.coordinator: Episode 0 step 301/800 | actions=[3, 3, 1, 1, 0] | sim_pos=[(60, 30), (58, 86), (30, 13), (42, 56), (27, 70)] | pending=0 | deliveries=[] | landed=[False, False, False, False, False] | depleted=[False, False, False, False, False] | phase=landing | reward=2.44
2026-08-29 21:31:36,256 INFO px4med.coordinator: Episode 0 step 302/800 | actions=[3, 3, 1, 2, 0] | sim_pos=[(60, 30), (59, 86), (30, 13), (42, 56), (27, 70)] | pending=0 | deliveries=[] | landed=[False, False, False, False, False] | depleted=[False, False, False, False, False] | phase=landing | reward=2.44
2026-08-29 21:31:37,312 INFO px4med.coordinator: Episode 0 step 303/800 | actions=[3, 3, 1, 2, 0] | sim_pos=[(61, 30), (59, 86), (30, 14), (41, 56), (27, 69)] | pending=0 | deliveries=[] | landed=[False, False, False, False, False] | depleted=[False, False, False, False, False] | phase=landing | reward=2.44
2026-08-29 21:31:38,317 INFO px4med.coordinator: Episode 0 step 304/800 | actions=[3, 3, 1, 2, 0] | sim_pos=[(61, 30), (60, 86), (30, 14), (41, 56), (27, 69)] | pending=0 | deliveries=[] | landed=[False, False, False, False, False] | depleted=[False, False, False, False, False] | phase=landing | reward=2.44
2026-08-29 21:31:39,316 INFO px4med.coordinator: Episode 0 step 305/800 | actions=[3, 3, 1, 1, 0] | sim_pos=[(62, 30), (60, 86), (30, 15), (41, 57), (27, 68)] | pending=0 | deliveries=[] | landed=[False, False, False, False, False] | depleted=[False, False, False, False, False] | phase=landing | reward=2.44
2026-08-29 21:31:40,336 INFO px4med.coordinator: Episode 0 step 306/800 | actions=[3, 3, 1, 2, 0] | sim_pos=[(62, 30), (61, 86), (30, 15), (40, 56), (27, 68)] | pending=0 | deliveries=[] | landed=[False, False, False, False, False] | depleted=[False, False, False, False, False] | phase=landing | reward=2.44
2026-08-29 21:31:42,314 INFO px4med.coordinator: Episode 0 step 307/800 | actions=[3, 3, 1, 2, 0] | sim_pos=[(63, 30), (61, 86), (30, 16), (40, 57), (27, 67)] | pending=0 | deliveries=[] | landed=[False, False, False, False, False] | depleted=[False, False, False, False, False] | phase=landing | reward=2.44
2026-08-29 21:31:43,332 INFO px4med.coordinator: Episode 0 step 308/800 | actions=[3, 3, 1, 1, 0] | sim_pos=[(63, 30), (62, 86), (30, 16), (40, 57), (27, 67)] | pending=0 | deliveries=[] | landed=[False, False, False, False, False] | depleted=[False, False, False, False, False] | phase=landing | reward=2.44
2026-08-29 21:31:44,319 INFO px4med.coordinator: Episode 0 step 309/800 | actions=[1, 3, 1, 2, 0] | sim_pos=[(63, 31), (62, 86), (30, 17), (39, 56), (27, 66)] | pending=0 | deliveries=[] | landed=[False, False, False, False, False] | depleted=[False, False, False, False, False] | phase=landing | reward=2.44
2026-08-29 21:31:46,323 INFO px4med.coordinator: Episode 0 step 310/800 | actions=[1, 3, 1, 2, 0] | sim_pos=[(63, 31), (63, 86), (30, 17), (39, 57), (27, 66)] | pending=0 | deliveries=[] | landed=[False, False, False, False, False] | depleted=[False, False, False, False, False] | phase=landing | reward=2.44
2026-08-29 21:31:47,312 INFO px4med.coordinator: Episode 0 step 311/800 | actions=[1, 3, 1, 1, 0] | sim_pos=[(63, 32), (63, 86), (30, 18), (39, 57), (27, 65)] | pending=0 | deliveries=[] | landed=[False, False, False, False, False] | depleted=[False, False, False, False, False] | phase=landing | reward=2.44
2026-08-29 21:31:48,318 INFO px4med.coordinator: Episode 0 step 312/800 | actions=[1, 0, 1, 2, 0] | sim_pos=[(63, 32), (63, 85), (30, 18), (38, 56), (27, 65)] | pending=0 | deliveries=[] | landed=[False, False, False, False, False] | depleted=[False, False, False, False, False] | phase=landing | reward=2.44
2026-08-29 21:31:50,314 INFO px4med.coordinator: Episode 0 step 313/800 | actions=[3, 0, 1, 1, 0] | sim_pos=[(64, 32), (63, 85), (30, 19), (39, 58), (27, 64)] | pending=0 | deliveries=[] | landed=[False, False, False, False, False] | depleted=[False, False, False, False, False] | phase=landing | reward=2.44
2026-08-29 21:31:53,197 INFO px4med.coordinator: Episode 0 step 314/800 | actions=[3, 0, 1, 1, 0] | sim_pos=[(65, 32), (63, 84), (30, 20), (39, 58), (27, 63)] | pending=0 | deliveries=[] | landed=[False, False, False, False, False] | depleted=[False, False, False, False, False] | phase=landing | reward=2.44
2026-08-29 21:31:54,319 INFO px4med.coordinator: Episode 0 step 315/800 | actions=[3, 0, 1, 2, 0] | sim_pos=[(65, 32), (63, 84), (30, 20), (38, 58), (27, 63)] | pending=0 | deliveries=[] | landed=[False, False, False, False, False] | depleted=[False, False, False, False, False] | phase=landing | reward=2.44
2026-08-29 21:31:55,314 INFO px4med.coordinator: Episode 0 step 316/800 | actions=[3, 0, 1, 2, 0] | sim_pos=[(66, 32), (63, 83), (30, 21), (38, 58), (27, 62)] | pending=0 | deliveries=[] | landed=[False, False, False, False, False] | depleted=[False, False, False, False, False] | phase=landing | reward=2.44
2026-08-29 21:31:56,323 INFO px4med.coordinator: Episode 0 step 317/800 | actions=[3, 0, 1, 2, 0] | sim_pos=[(66, 32), (63, 83), (30, 21), (37, 58), (27, 62)] | pending=0 | deliveries=[] | landed=[False, False, False, False, False] | depleted=[False, False, False, False, False] | phase=landing | reward=2.44
2026-08-29 21:31:57,319 INFO px4med.coordinator: Episode 0 step 318/800 | actions=[0, 0, 1, 2, 2] | sim_pos=[(66, 31), (63, 82), (30, 22), (37, 58), (26, 62)] | pending=0 | deliveries=[] | landed=[False, False, False, False, False] | depleted=[False, False, False, False, False] | phase=landing | reward=-0.56
2026-08-29 21:31:58,331 INFO px4med.coordinator: Episode 0 step 319/800 | actions=[0, 0, 1, 2, 0] | sim_pos=[(66, 31), (63, 82), (30, 22), (36, 58), (27, 61)] | pending=0 | deliveries=[] | landed=[False, False, False, False, False] | depleted=[False, False, False, False, False] | phase=landing | reward=1.44
2026-08-29 21:32:00,325 INFO px4med.coordinator: Episode 0 step 320/800 | actions=[3, 0, 1, 2, 0] | sim_pos=[(67, 31), (63, 81), (30, 23), (36, 58), (26, 61)] | pending=0 | deliveries=[] | landed=[False, False, False, False, False] | depleted=[False, False, False, False, False] | phase=landing | reward=2.44
2026-08-29 21:32:02,215 INFO px4med.coordinator: Episode 0 step 321/800 | actions=[3, 0, 1, 1, 0] | sim_pos=[(67, 31), (63, 81), (30, 23), (36, 59), (27, 60)] | pending=0 | deliveries=[] | landed=[False, False, False, False, False] | depleted=[False, False, False, False, False] | phase=landing | reward=2.44
2026-08-29 21:32:04,325 INFO px4med.coordinator: Episode 0 step 322/800 | actions=[3, 0, 1, 2, 0] | sim_pos=[(68, 31), (63, 80), (30, 24), (35, 58), (26, 60)] | pending=0 | deliveries=[] | landed=[False, False, False, False, False] | depleted=[False, False, False, False, False] | phase=landing | reward=2.44
2026-08-29 21:32:06,313 INFO px4med.coordinator: Episode 0 step 323/800 | actions=[3, 0, 1, 1, 2] | sim_pos=[(68, 31), (63, 80), (30, 24), (36, 60), (26, 60)] | pending=0 | deliveries=[] | landed=[False, False, False, False, False] | depleted=[False, False, False, False, False] | phase=landing | reward=0.44
2026-08-29 21:32:08,319 INFO px4med.coordinator: Episode 0 step 324/800 | actions=[3, 0, 2, 1, 0] | sim_pos=[(69, 31), (63, 79), (29, 24), (36, 60), (26, 59)] | pending=0 | deliveries=[] | landed=[False, False, False, False, False] | depleted=[False, False, False, False, False] | phase=landing | reward=2.44
2026-08-29 21:32:09,314 INFO px4med.coordinator: Episode 0 step 325/800 | actions=[3, 0, 2, 2, 0] | sim_pos=[(69, 31), (63, 79), (29, 24), (35, 60), (26, 59)] | pending=0 | deliveries=[] | landed=[False, False, False, False, False] | depleted=[False, False, False, False, False] | phase=landing | reward=2.44
2026-08-29 21:32:11,198 INFO px4med.coordinator: Episode 0 step 326/800 | actions=[3, 0, 1, 2, 0] | sim_pos=[(70, 31), (63, 78), (29, 25), (35, 60), (26, 58)] | pending=0 | deliveries=[] | landed=[False, False, False, False, False] | depleted=[False, False, False, False, False] | phase=landing | reward=2.44
2026-08-29 21:32:13,216 INFO px4med.coordinator: Episode 0 step 327/800 | actions=[3, 0, 2, 2, 0] | sim_pos=[(70, 31), (63, 78), (28, 24), (34, 60), (26, 58)] | pending=0 | deliveries=[] | landed=[False, False, False, False, False] | depleted=[False, False, False, False, False] | phase=landing | reward=2.44
2026-08-29 21:32:15,317 INFO px4med.coordinator: Episode 0 step 328/800 | actions=[3, 0, 2, 2, 0] | sim_pos=[(71, 31), (63, 77), (28, 25), (34, 60), (26, 57)] | pending=0 | deliveries=[] | landed=[False, False, False, False, False] | depleted=[False, False, False, False, False] | phase=landing | reward=2.44
2026-08-29 21:32:16,314 INFO px4med.coordinator: Episode 0 step 329/800 | actions=[3, 0, 1, 2, 0] | sim_pos=[(71, 31), (63, 77), (28, 25), (33, 60), (26, 57)] | pending=0 | deliveries=[] | landed=[False, False, False, False, False] | depleted=[False, False, False, False, False] | phase=landing | reward=2.44
2026-08-29 21:32:17,311 INFO px4med.coordinator: Episode 0 step 330/800 | actions=[3, 0, 1, 2, 2] | sim_pos=[(72, 31), (63, 77), (28, 25), (33, 60), (25, 57)] | pending=0 | deliveries=[] | landed=[False, False, False, False, False] | depleted=[False, False, False, False, False] | phase=landing | reward=-0.56
2026-08-29 21:32:18,314 INFO px4med.coordinator: Episode 0 step 331/800 | actions=[3, 0, 1, 1, 2] | sim_pos=[(72, 31), (63, 76), (28, 26), (33, 61), (25, 57)] | pending=0 | deliveries=[] | landed=[False, False, False, False, False] | depleted=[False, False, False, False, False] | phase=landing | reward=-0.56
2026-08-29 21:32:19,311 INFO px4med.coordinator: Episode 0 step 332/800 | actions=[3, 0, 1, 2, 3] | sim_pos=[(73, 31), (63, 76), (28, 26), (32, 60), (26, 57)] | pending=0 | deliveries=[] | landed=[False, False, False, False, False] | depleted=[False, False, False, False, False] | phase=landing | reward=2.44
2026-08-29 21:32:21,321 INFO px4med.coordinator: Episode 0 step 333/800 | actions=[3, 0, 2, 2, 3] | sim_pos=[(73, 31), (63, 75), (27, 26), (32, 61), (26, 57)] | pending=0 | deliveries=[] | landed=[False, False, False, False, False] | depleted=[False, False, False, False, False] | phase=landing | reward=2.44
2026-08-29 21:32:22,311 INFO px4med.coordinator: Episode 0 step 334/800 | actions=[4, 0, 1, 1, 3] | sim_pos=[(73, 31), (63, 75), (28, 27), (32, 61), (27, 57)] | pending=0 | deliveries=[] | landed=[False, False, False, False, False] | depleted=[False, False, False, False, False] | phase=landing | reward=-1.06
2026-08-29 21:32:24,316 INFO px4med.coordinator: Episode 0 step 335/800 | actions=[0, 0, 1, 2, 3] | sim_pos=[(73, 30), (63, 74), (27, 27), (31, 61), (27, 57)] | pending=0 | deliveries=[] | landed=[False, False, False, False, False] | depleted=[False, False, False, False, False] | phase=landing | reward=-1.56
2026-08-29 21:32:25,320 INFO px4med.coordinator: Episode 0 step 336/800 | actions=[4, 0, 2, 1, 0] | sim_pos=[(73, 31), (63, 74), (27, 27), (32, 62), (27, 56)] | pending=0 | deliveries=[] | landed=[False, False, False, False, False] | depleted=[False, False, False, False, False] | phase=landing | reward=-0.06
2026-08-29 21:32:27,313 INFO px4med.coordinator: Episode 0 step 337/800 | actions=[3, 0, 2, 1, 0] | sim_pos=[(74, 30), (63, 73), (26, 27), (31, 62), (27, 56)] | pending=0 | deliveries=[] | landed=[False, False, False, False, False] | depleted=[False, False, False, False, False] | phase=landing | reward=0.44
2026-08-29 21:32:29,343 INFO px4med.coordinator: Episode 0 step 338/800 | actions=[4, 0, 2, 2, 0] | sim_pos=[(73, 31), (63, 73), (26, 27), (31, 62), (27, 55)] | pending=0 | deliveries=[] | landed=[False, False, False, False, False] | depleted=[False, False, False, False, False] | phase=landing | reward=-0.06
2026-08-29 21:32:31,312 INFO px4med.coordinator: Episode 0 step 339/800 | actions=[0, 0, 2, 1, 0] | sim_pos=[(74, 29), (63, 72), (25, 27), (31, 63), (27, 55)] | pending=0 | deliveries=[] | landed=[False, False, False, False, False] | depleted=[False, False, False, False, False] | phase=landing | reward=1.44
2026-08-29 21:32:34,202 INFO px4med.coordinator: Episode 0 step 340/800 | actions=[2, 0, 1, 1, 2] | sim_pos=[(73, 30), (63, 71), (25, 28), (31, 64), (26, 55)] | pending=0 | deliveries=[] | landed=[False, False, False, False, False] | depleted=[False, False, False, False, False] | phase=landing | reward=1.44
2026-08-29 21:32:36,314 INFO px4med.coordinator: Episode 0 step 341/800 | actions=[3, 0, 2, 1, 2] | sim_pos=[(75, 29), (63, 71), (24, 27), (31, 64), (26, 55)] | pending=0 | deliveries=[] | landed=[False, False, False, False, False] | depleted=[False, False, False, False, False] | phase=landing | reward=2.44
2026-08-29 21:32:39,199 INFO px4med.coordinator: Episode 0 step 342/800 | actions=[0, 0, 1, 1, 0] | sim_pos=[(74, 29), (63, 70), (24, 28), (31, 65), (26, 54)] | pending=0 | deliveries=[] | landed=[False, False, False, False, False] | depleted=[False, False, False, False, False] | phase=landing | reward=1.44
2026-08-29 21:32:41,218 INFO px4med.coordinator: Episode 0 step 343/800 | actions=[3, 0, 2, 1, 0] | sim_pos=[(76, 29), (63, 70), (23, 27), (31, 65), (26, 54)] | pending=0 | deliveries=[] | landed=[False, False, False, False, False] | depleted=[False, False, False, False, False] | phase=landing | reward=2.44
2026-08-29 21:32:43,311 INFO px4med.coordinator: Episode 0 step 344/800 | actions=[3, 3, 2, 2, 0] | sim_pos=[(76, 29), (64, 70), (22, 27), (30, 65), (26, 53)] | pending=0 | deliveries=[] | landed=[False, False, False, False, False] | depleted=[False, False, False, False, False] | phase=landing | reward=2.44
2026-08-29 21:32:45,222 INFO px4med.coordinator: Episode 0 step 345/800 | actions=[3, 3, 2, 1, 0] | sim_pos=[(77, 29), (64, 70), (22, 27), (31, 66), (26, 53)] | pending=0 | deliveries=[] | landed=[False, False, False, False, False] | depleted=[False, False, False, False, False] | phase=landing | reward=2.44
2026-08-29 21:32:47,312 INFO px4med.coordinator: Episode 0 step 346/800 | actions=[3, 3, 1, 1, 0] | sim_pos=[(77, 29), (65, 70), (22, 28), (30, 66), (26, 52)] | pending=0 | deliveries=[] | landed=[False, False, False, False, False] | depleted=[False, False, False, False, False] | phase=landing | reward=2.44
2026-08-29 21:32:49,249 INFO px4med.coordinator: Episode 0 step 347/800 | actions=[3, 3, 1, 1, 0] | sim_pos=[(78, 29), (65, 70), (22, 28), (31, 67), (26, 52)] | pending=0 | deliveries=[] | landed=[False, False, False, False, False] | depleted=[False, False, False, False, False] | phase=landing | reward=2.44
2026-08-29 21:32:51,311 INFO px4med.coordinator: Episode 0 step 348/800 | actions=[3, 3, 2, 1, 0] | sim_pos=[(78, 29), (66, 70), (21, 28), (30, 67), (26, 51)] | pending=0 | deliveries=[] | landed=[False, False, False, False, False] | depleted=[False, False, False, False, False] | phase=landing | reward=2.44
2026-08-29 21:32:53,199 INFO px4med.coordinator: Episode 0 step 349/800 | actions=[1, 3, 2, 1, 0] | sim_pos=[(78, 30), (66, 70), (21, 28), (31, 68), (26, 51)] | pending=0 | deliveries=[] | landed=[False, False, False, False, False] | depleted=[False, False, False, False, False] | phase=landing | reward=2.44
2026-08-29 21:32:55,310 INFO px4med.coordinator: Episode 0 step 350/800 | actions=[1, 3, 1, 1, 0] | sim_pos=[(78, 30), (67, 70), (21, 29), (30, 68), (26, 50)] | pending=0 | deliveries=[] | landed=[False, False, False, False, False] | depleted=[False, False, False, False, False] | phase=landing | reward=2.44
2026-08-29 21:32:57,229 INFO px4med.coordinator: Episode 0 step 351/800 | actions=[1, 3, 2, 1, 0] | sim_pos=[(78, 31), (67, 70), (20, 28), (31, 69), (26, 50)] | pending=0 | deliveries=[] | landed=[False, False, False, False, False] | depleted=[False, False, False, False, False] | phase=landing | reward=2.44
2026-08-29 21:32:59,312 INFO px4med.coordinator: Episode 0 step 352/800 | actions=[1, 3, 2, 2, 0] | sim_pos=[(78, 31), (68, 70), (20, 29), (29, 68), (26, 49)] | pending=0 | deliveries=[] | landed=[False, False, False, False, False] | depleted=[False, False, False, False, False] | phase=landing | reward=2.44
2026-08-29 21:33:01,313 INFO px4med.coordinator: Episode 0 step 353/800 | actions=[4, 3, 2, 2, 0] | sim_pos=[(78, 31), (69, 70), (19, 29), (29, 68), (26, 48)] | pending=0 | deliveries=[] | landed=[False, False, False, False, False] | depleted=[False, False, False, False, False] | phase=landing | reward=-0.06
2026-08-29 21:33:03,320 INFO px4med.coordinator: Episode 0 step 354/800 | actions=[3, 3, 2, 2, 0] | sim_pos=[(79, 31), (69, 70), (19, 29), (28, 68), (26, 48)] | pending=0 | deliveries=[] | landed=[False, False, False, False, False] | depleted=[False, False, False, False, False] | phase=landing | reward=1.44
2026-08-29 21:33:04,318 INFO px4med.coordinator: Episode 0 step 355/800 | actions=[1, 3, 2, 2, 0] | sim_pos=[(78, 32), (70, 70), (18, 29), (28, 68), (26, 47)] | pending=0 | deliveries=[] | landed=[False, False, False, False, False] | depleted=[False, False, False, False, False] | phase=landing | reward=2.44
2026-08-29 21:33:06,311 INFO px4med.coordinator: Episode 0 step 356/800 | actions=[1, 3, 2, 2, 0] | sim_pos=[(79, 32), (70, 70), (18, 29), (27, 68), (26, 47)] | pending=0 | deliveries=[] | landed=[False, False, False, False, False] | depleted=[False, False, False, False, False] | phase=landing | reward=2.44
2026-08-29 21:33:07,313 INFO px4med.coordinator: Episode 0 step 357/800 | actions=[3, 3, 2, 2, 0] | sim_pos=[(79, 32), (71, 70), (17, 29), (27, 68), (26, 46)] | pending=0 | deliveries=[] | landed=[False, False, False, False, False] | depleted=[False, False, False, False, False] | phase=landing | reward=1.44
2026-08-29 21:33:08,321 INFO px4med.coordinator: Episode 0 step 358/800 | actions=[3, 3, 2, 1, 0] | sim_pos=[(80, 32), (71, 70), (17, 29), (27, 69), (26, 46)] | pending=0 | deliveries=[] | landed=[False, False, False, False, False] | depleted=[False, False, False, False, False] | phase=landing | reward=1.44
2026-08-29 21:33:09,329 INFO px4med.coordinator: Episode 0 step 359/800 | actions=[3, 3, 2, 1, 0] | sim_pos=[(80, 32), (72, 70), (16, 29), (27, 69), (26, 45)] | pending=0 | deliveries=[] | landed=[False, False, False, False, False] | depleted=[False, False, False, False, False] | phase=landing | reward=1.44
2026-08-29 21:33:10,320 INFO px4med.coordinator: Episode 0 step 360/800 | actions=[3, 3, 2, 1, 0] | sim_pos=[(81, 32), (72, 70), (16, 29), (27, 70), (26, 45)] | pending=0 | deliveries=[] | landed=[False, False, False, False, False] | depleted=[False, False, False, False, False] | phase=landing | reward=1.44
2026-08-29 21:33:11,329 INFO px4med.coordinator: Episode 0 step 361/800 | actions=[3, 3, 2, 1, 0] | sim_pos=[(81, 32), (73, 70), (15, 29), (27, 70), (26, 44)] | pending=0 | deliveries=[] | landed=[False, False, False, False, False] | depleted=[False, False, False, False, False] | phase=landing | reward=1.44
2026-08-29 21:33:12,326 INFO px4med.coordinator: Episode 0 step 362/800 | actions=[1, 3, 2, 1, 0] | sim_pos=[(81, 33), (73, 70), (15, 29), (27, 71), (26, 44)] | pending=0 | deliveries=[] | landed=[False, False, False, False, False] | depleted=[False, False, False, False, False] | phase=landing | reward=2.44
2026-08-29 21:33:14,277 INFO px4med.coordinator: Episode 0 step 363/800 | actions=[1, 3, 2, 2, 5] | sim_pos=[(81, 33), (74, 70), (14, 29), (26, 70), (26, 44)] | pending=0 | deliveries=[] | landed=[False, False, False, False, True] | depleted=[False, False, False, False, False] | phase=landing | reward=31.95
2026-08-29 21:33:14,289 WARNING mavsdk_server: Received ack for not-existing command: 176! Ignoring... (mavlink_command_sender.cpp:304)
2026-08-29 21:33:14,315 INFO px4med.drone: Drone 4: landing commanded
2026-08-29 21:33:33,302 INFO px4med.drone: Drone 4: on the ground
2026-08-29 21:33:34,380 INFO px4med.coordinator: Episode 0 step 364/800 | actions=[1, 3, 2, 1, 4] | sim_pos=[(81, 34), (75, 70), (13, 29), (26, 71), (26, 44)] | pending=0 | deliveries=[] | landed=[False, False, False, False, True] | depleted=[False, False, False, False, False] | phase=landing | reward=1.95
2026-08-29 21:33:35,326 INFO px4med.coordinator: Episode 0 step 365/800 | actions=[1, 3, 2, 1, 4] | sim_pos=[(81, 34), (75, 70), (13, 29), (26, 71), (26, 44)] | pending=0 | deliveries=[] | landed=[False, False, False, False, True] | depleted=[False, False, False, False, False] | phase=landing | reward=1.95
2026-08-29 21:33:36,317 INFO px4med.coordinator: Episode 0 step 366/800 | actions=[1, 3, 2, 1, 4] | sim_pos=[(81, 34), (75, 70), (13, 29), (26, 72), (26, 44)] | pending=0 | deliveries=[] | landed=[False, False, False, False, True] | depleted=[False, False, False, False, False] | phase=landing | reward=1.95
2026-08-29 21:33:37,330 INFO px4med.coordinator: Episode 0 step 367/800 | actions=[3, 3, 1, 1, 4] | sim_pos=[(82, 34), (76, 70), (13, 30), (26, 72), (26, 44)] | pending=0 | deliveries=[] | landed=[False, False, False, False, True] | depleted=[False, False, False, False, False] | phase=landing | reward=0.95
2026-08-29 21:33:38,337 INFO px4med.coordinator: Episode 0 step 368/800 | actions=[3, 3, 1, 1, 4] | sim_pos=[(82, 34), (76, 70), (13, 30), (26, 73), (26, 44)] | pending=0 | deliveries=[] | landed=[False, False, False, False, True] | depleted=[False, False, False, False, False] | phase=landing | reward=0.95
2026-08-29 21:33:39,331 INFO px4med.coordinator: Episode 0 step 369/800 | actions=[1, 3, 1, 1, 4] | sim_pos=[(82, 35), (77, 70), (13, 31), (26, 73), (26, 44)] | pending=0 | deliveries=[] | landed=[False, False, False, False, True] | depleted=[False, False, False, False, False] | phase=landing | reward=1.95
2026-08-29 21:33:40,355 INFO px4med.coordinator: Episode 0 step 370/800 | actions=[1, 3, 2, 2, 4] | sim_pos=[(82, 35), (77, 70), (12, 30), (25, 73), (26, 44)] | pending=0 | deliveries=[] | landed=[False, False, False, False, True] | depleted=[False, False, False, False, False] | phase=landing | reward=1.95
2026-08-29 21:33:42,323 INFO px4med.coordinator: Episode 0 step 371/800 | actions=[1, 3, 2, 2, 4] | sim_pos=[(82, 36), (78, 70), (12, 31), (25, 73), (26, 44)] | pending=0 | deliveries=[] | landed=[False, False, False, False, True] | depleted=[False, False, False, False, False] | phase=landing | reward=1.95
2026-08-29 21:33:43,370 INFO px4med.coordinator: Episode 0 step 372/800 | actions=[1, 3, 2, 2, 4] | sim_pos=[(82, 36), (78, 70), (11, 30), (24, 73), (26, 44)] | pending=0 | deliveries=[] | landed=[False, False, False, False, True] | depleted=[False, False, False, False, False] | phase=landing | reward=1.95
2026-08-29 21:33:45,324 INFO px4med.coordinator: Episode 0 step 373/800 | actions=[3, 3, 2, 2, 4] | sim_pos=[(83, 36), (79, 70), (11, 31), (24, 73), (26, 44)] | pending=0 | deliveries=[] | landed=[False, False, False, False, True] | depleted=[False, False, False, False, False] | phase=landing | reward=-1.05
2026-08-29 21:33:46,321 INFO px4med.coordinator: Episode 0 step 374/800 | actions=[3, 3, 2, 2, 4] | sim_pos=[(83, 36), (79, 70), (10, 30), (23, 73), (26, 44)] | pending=0 | deliveries=[] | landed=[False, False, False, False, True] | depleted=[False, False, False, False, False] | phase=landing | reward=-3.05
2026-08-29 21:33:48,324 INFO px4med.coordinator: Episode 0 step 375/800 | actions=[1, 0, 0, 2, 4] | sim_pos=[(83, 37), (79, 69), (11, 30), (23, 73), (26, 44)] | pending=0 | deliveries=[] | landed=[False, False, False, False, True] | depleted=[False, False, False, False, False] | phase=landing | reward=-1.05
2026-08-29 21:33:50,200 INFO px4med.coordinator: Episode 0 step 376/800 | actions=[1, 0, 0, 2, 4] | sim_pos=[(83, 37), (79, 69), (10, 29), (22, 73), (26, 44)] | pending=0 | deliveries=[] | landed=[False, False, False, False, True] | depleted=[False, False, False, False, False] | phase=landing | reward=0.95
2026-08-29 21:33:52,321 INFO px4med.coordinator: Episode 0 step 377/800 | actions=[1, 0, 2, 2, 4] | sim_pos=[(83, 38), (79, 68), (10, 30), (22, 73), (26, 44)] | pending=0 | deliveries=[] | landed=[False, False, False, False, True] | depleted=[False, False, False, False, False] | phase=landing | reward=-0.05
2026-08-29 21:33:53,319 INFO px4med.coordinator: Episode 0 step 378/800 | actions=[1, 0, 2, 2, 4] | sim_pos=[(83, 38), (79, 68), (9, 29), (21, 73), (26, 44)] | pending=0 | deliveries=[] | landed=[False, False, False, False, True] | depleted=[False, False, False, False, False] | phase=landing | reward=1.95
2026-08-29 21:33:55,373 INFO px4med.coordinator: Episode 0 step 379/800 | actions=[1, 0, 0, 2, 4] | sim_pos=[(83, 39), (79, 67), (10, 29), (21, 73), (26, 44)] | pending=0 | deliveries=[] | landed=[False, False, False, False, True] | depleted=[False, False, False, False, False] | phase=landing | reward=0.95
2026-08-29 21:33:56,327 INFO px4med.coordinator: Episode 0 step 380/800 | actions=[1, 0, 2, 2, 4] | sim_pos=[(83, 39), (79, 67), (8, 29), (20, 73), (26, 44)] | pending=0 | deliveries=[] | landed=[False, False, False, False, True] | depleted=[False, False, False, False, False] | phase=landing | reward=1.95
2026-08-29 21:33:58,323 INFO px4med.coordinator: Episode 0 step 381/800 | actions=[1, 0, 2, 2, 4] | sim_pos=[(83, 40), (79, 66), (8, 29), (19, 73), (26, 44)] | pending=0 | deliveries=[] | landed=[False, False, False, False, True] | depleted=[False, False, False, False, False] | phase=landing | reward=1.95
2026-08-29 21:33:59,319 INFO px4med.coordinator: Episode 0 step 382/800 | actions=[1, 0, 2, 2, 4] | sim_pos=[(83, 40), (79, 66), (7, 29), (19, 73), (26, 44)] | pending=0 | deliveries=[] | landed=[False, False, False, False, True] | depleted=[False, False, False, False, False] | phase=landing | reward=1.95
2026-08-29 21:34:00,341 INFO px4med.coordinator: Episode 0 step 383/800 | actions=[1, 0, 2, 2, 4] | sim_pos=[(83, 41), (79, 65), (7, 29), (18, 73), (26, 44)] | pending=0 | deliveries=[] | landed=[False, False, False, False, True] | depleted=[False, False, False, False, False] | phase=landing | reward=1.95
2026-08-29 21:34:01,362 INFO px4med.coordinator: Episode 0 step 384/800 | actions=[1, 0, 2, 2, 4] | sim_pos=[(83, 41), (79, 65), (6, 29), (18, 73), (26, 44)] | pending=0 | deliveries=[] | landed=[False, False, False, False, True] | depleted=[False, False, False, False, False] | phase=landing | reward=-0.05
2026-08-29 21:34:02,476 INFO px4med.coordinator: Episode 0 step 385/800 | actions=[1, 0, 2, 2, 4] | sim_pos=[(83, 42), (79, 64), (6, 29), (17, 73), (26, 44)] | pending=0 | deliveries=[] | landed=[False, False, False, False, True] | depleted=[False, False, False, False, False] | phase=landing | reward=-0.05
2026-08-29 21:34:03,845 INFO px4med.coordinator: Episode 0 step 386/800 | actions=[1, 0, 0, 2, 4] | sim_pos=[(83, 42), (79, 64), (6, 28), (17, 73), (26, 44)] | pending=0 | deliveries=[] | landed=[False, False, False, False, True] | depleted=[False, False, False, False, False] | phase=landing | reward=-1.05
2026-08-29 21:34:05,417 INFO px4med.coordinator: Episode 0 step 387/800 | actions=[1, 3, 0, 1, 4] | sim_pos=[(83, 43), (80, 64), (6, 28), (17, 74), (26, 44)] | pending=0 | deliveries=[] | landed=[False, False, False, False, True] | depleted=[False, False, False, False, False] | phase=landing | reward=-3.05
2026-08-29 21:34:07,326 INFO px4med.coordinator: Episode 0 step 388/800 | actions=[1, 3, 1, 2, 4] | sim_pos=[(83, 43), (80, 64), (6, 29), (16, 73), (26, 44)] | pending=0 | deliveries=[] | landed=[False, False, False, False, True] | depleted=[False, False, False, False, False] | phase=landing | reward=-0.05
2026-08-29 21:34:09,323 INFO px4med.coordinator: Episode 0 step 389/800 | actions=[1, 1, 1, 2, 4] | sim_pos=[(83, 44), (80, 65), (6, 29), (16, 74), (26, 44)] | pending=0 | deliveries=[] | landed=[False, False, False, False, True] | depleted=[False, False, False, False, False] | phase=landing | reward=-1.05
2026-08-29 21:34:11,259 INFO px4med.coordinator: Episode 0 step 390/800 | actions=[1, 1, 2, 1, 4] | sim_pos=[(83, 44), (80, 65), (5, 29), (16, 74), (26, 44)] | pending=0 | deliveries=[] | landed=[False, False, False, False, True] | depleted=[False, False, False, False, False] | phase=landing | reward=-2.05
2026-08-29 21:34:12,332 INFO px4med.coordinator: Episode 0 step 391/800 | actions=[1, 3, 0, 2, 4] | sim_pos=[(83, 45), (81, 65), (6, 28), (15, 74), (26, 44)] | pending=0 | deliveries=[] | landed=[False, False, False, False, True] | depleted=[False, False, False, False, False] | phase=landing | reward=-2.05
2026-08-29 21:34:14,327 INFO px4med.coordinator: Episode 0 step 392/800 | actions=[1, 3, 3, 1, 4] | sim_pos=[(83, 45), (81, 65), (6, 29), (16, 75), (26, 44)] | pending=0 | deliveries=[] | landed=[False, False, False, False, True] | depleted=[False, False, False, False, False] | phase=landing | reward=-1.05
2026-08-29 21:34:16,333 INFO px4med.coordinator: Episode 0 step 393/800 | actions=[3, 3, 1, 1, 4] | sim_pos=[(84, 45), (82, 65), (6, 29), (15, 75), (26, 44)] | pending=0 | deliveries=[] | landed=[False, False, False, False, True] | depleted=[False, False, False, False, False] | phase=landing | reward=-2.05
2026-08-29 21:34:18,645 INFO px4med.coordinator: Episode 0 step 394/800 | actions=[0, 3, 2, 2, 4] | sim_pos=[(83, 44), (82, 65), (5, 29), (15, 75), (26, 44)] | pending=0 | deliveries=[] | landed=[False, False, False, False, True] | depleted=[False, False, False, False, False] | phase=landing | reward=-2.05
2026-08-29 21:34:20,335 INFO px4med.coordinator: Episode 0 step 395/800 | actions=[2, 0, 0, 2, 4] | sim_pos=[(83, 45), (82, 64), (6, 28), (14, 75), (26, 44)] | pending=0 | deliveries=[] | landed=[False, False, False, False, True] | depleted=[False, False, False, False, False] | phase=landing | reward=-1.05
2026-08-29 21:34:22,328 INFO px4med.coordinator: Episode 0 step 396/800 | actions=[4, 0, 3, 2, 4] | sim_pos=[(83, 44), (82, 64), (6, 29), (14, 75), (26, 44)] | pending=0 | deliveries=[] | landed=[False, False, False, False, True] | depleted=[False, False, False, False, False] | phase=landing | reward=-2.55
2026-08-29 21:34:23,328 INFO px4med.coordinator: Episode 0 step 397/800 | actions=[0, 0, 1, 2, 4] | sim_pos=[(83, 44), (82, 63), (6, 29), (13, 75), (26, 44)] | pending=0 | deliveries=[] | landed=[False, False, False, False, True] | depleted=[False, False, False, False, False] | phase=landing | reward=-0.05
2026-08-29 21:34:24,358 INFO px4med.coordinator: Episode 0 step 398/800 | actions=[0, 0, 1, 1, 4] | sim_pos=[(83, 43), (82, 63), (6, 29), (14, 76), (26, 44)] | pending=0 | deliveries=[] | landed=[False, False, False, False, True] | depleted=[False, False, False, False, False] | phase=landing | reward=0.95
2026-08-29 21:34:26,328 INFO px4med.coordinator: Episode 0 step 399/800 | actions=[0, 0, 2, 1, 4] | sim_pos=[(83, 43), (82, 62), (5, 29), (13, 76), (26, 44)] | pending=0 | deliveries=[] | landed=[False, False, False, False, True] | depleted=[False, False, False, False, False] | phase=landing | reward=-0.05
2026-08-29 21:34:27,324 INFO px4med.coordinator: Episode 0 step 400/800 | actions=[2, 0, 0, 2, 4] | sim_pos=[(82, 43), (82, 62), (6, 28), (13, 76), (26, 44)] | pending=0 | deliveries=[] | landed=[False, False, False, False, True] | depleted=[False, False, False, False, False] | phase=landing | reward=-1.45
2026-08-29 21:34:29,327 INFO px4med.coordinator: Episode 0 step 401/800 | actions=[2, 0, 3, 1, 4] | sim_pos=[(82, 43), (82, 61), (6, 29), (13, 77), (26, 44)] | pending=0 | deliveries=[] | landed=[False, False, False, False, True] | depleted=[False, False, False, False, False] | phase=landing | reward=-0.45
2026-08-29 21:34:30,355 INFO px4med.coordinator: Episode 0 step 402/800 | actions=[2, 0, 1, 1, 4] | sim_pos=[(81, 43), (82, 61), (6, 29), (13, 77), (26, 44)] | pending=0 | deliveries=[] | landed=[False, False, False, False, True] | depleted=[False, False, False, False, False] | phase=landing | reward=1.55
2026-08-29 21:34:32,023 INFO px4med.coordinator: Episode 0 step 403/800 | actions=[2, 2, 2, 2, 4] | sim_pos=[(81, 43), (81, 61), (5, 29), (12, 77), (26, 44)] | pending=0 | deliveries=[] | landed=[False, False, False, False, True] | depleted=[False, False, False, False, False] | phase=landing | reward=0.55
2026-08-29 21:34:33,512 INFO px4med.coordinator: Episode 0 step 404/800 | actions=[2, 2, 0, 1, 4] | sim_pos=[(80, 43), (81, 61), (6, 28), (13, 78), (26, 44)] | pending=0 | deliveries=[] | landed=[False, False, False, False, True] | depleted=[False, False, False, False, False] | phase=landing | reward=-7.45
2026-08-29 21:34:35,714 INFO px4med.coordinator: Episode 0 step 405/800 | actions=[2, 5, 3, 1, 4] | sim_pos=[(80, 43), (81, 61), (6, 29), (12, 78), (26, 44)] | pending=0 | deliveries=[] | landed=[False, True, False, False, True] | depleted=[False, False, False, False, False] | phase=landing | reward=23.16
2026-08-29 21:34:35,738 WARNING mavsdk_server: Received ack for not-existing command: 176! Ignoring... (mavlink_command_sender.cpp:304)
2026-08-29 21:34:36,115 INFO px4med.drone: Drone 1: landing commanded
2026-08-29 21:34:55,211 INFO px4med.drone: Drone 1: on the ground
2026-08-29 21:34:57,084 INFO px4med.coordinator: Episode 0 step 406/800 | actions=[4, 4, 3, 1, 4] | sim_pos=[(80, 43), (81, 61), (7, 29), (12, 79), (26, 44)] | pending=0 | deliveries=[] | landed=[False, True, False, False, True] | depleted=[False, False, False, False, False] | phase=landing | reward=-8.34
2026-08-29 21:34:58,324 INFO px4med.coordinator: Episode 0 step 407/800 | actions=[3, 4, 2, 1, 4] | sim_pos=[(81, 43), (81, 61), (5, 29), (12, 79), (26, 44)] | pending=0 | deliveries=[] | landed=[False, True, False, False, True] | depleted=[False, False, False, False, False] | phase=landing | reward=-11.84
2026-08-29 21:35:00,338 INFO px4med.coordinator: Episode 0 step 408/800 | actions=[2, 4, 0, 1, 4] | sim_pos=[(80, 43), (81, 61), (6, 28), (12, 80), (26, 44)] | pending=0 | deliveries=[] | landed=[False, True, False, False, True] | depleted=[False, False, False, False, False] | phase=landing | reward=-10.84
2026-08-29 21:35:02,324 INFO px4med.coordinator: Episode 0 step 409/800 | actions=[2, 4, 3, 1, 4] | sim_pos=[(80, 43), (81, 61), (6, 29), (12, 80), (26, 44)] | pending=0 | deliveries=[] | landed=[False, True, False, False, True] | depleted=[False, False, False, False, False] | phase=landing | reward=-9.84
2026-08-29 21:35:03,325 INFO px4med.coordinator: Episode 0 step 410/800 | actions=[4, 4, 1, 1, 4] | sim_pos=[(80, 43), (81, 61), (6, 29), (12, 81), (26, 44)] | pending=0 | deliveries=[] | landed=[False, True, False, False, True] | depleted=[False, False, False, False, False] | phase=landing | reward=-10.34
2026-08-29 21:35:04,327 INFO px4med.coordinator: Episode 0 step 411/800 | actions=[3, 4, 1, 1, 4] | sim_pos=[(81, 43), (81, 61), (6, 29), (12, 81), (26, 44)] | pending=0 | deliveries=[] | landed=[False, True, False, False, True] | depleted=[False, False, False, False, False] | phase=landing | reward=-10.84
2026-08-29 21:35:06,230 INFO px4med.coordinator: Episode 0 step 412/800 | actions=[4, 4, 2, 1, 4] | sim_pos=[(80, 43), (81, 61), (5, 29), (12, 82), (26, 44)] | pending=0 | deliveries=[] | landed=[False, True, False, False, True] | depleted=[False, False, False, False, False] | phase=landing | reward=-11.34
2026-08-29 21:35:08,750 WARNING px4med.drone: Drone 1: battery telemetry stalled, backing off 30s (last known 69.0%)
2026-08-29 21:35:09,259 INFO px4med.coordinator: Episode 0 step 413/800 | actions=[2, 4, 0, 1, 4] | sim_pos=[(80, 43), (81, 61), (6, 28), (12, 82), (26, 44)] | pending=0 | deliveries=[] | landed=[False, True, False, False, True] | depleted=[False, False, False, False, False] | phase=landing | reward=-10.84
2026-08-29 21:35:11,326 INFO px4med.coordinator: Episode 0 step 414/800 | actions=[4, 4, 3, 1, 4] | sim_pos=[(80, 43), (81, 61), (6, 29), (12, 83), (26, 44)] | pending=0 | deliveries=[] | landed=[False, True, False, False, True] | depleted=[False, False, False, False, False] | phase=landing | reward=-12.34
2026-08-29 21:35:12,328 INFO px4med.coordinator: Episode 0 step 415/800 | actions=[3, 4, 1, 1, 4] | sim_pos=[(81, 43), (81, 61), (6, 29), (12, 83), (26, 44)] | pending=0 | deliveries=[] | landed=[False, True, False, False, True] | depleted=[False, False, False, False, False] | phase=landing | reward=-10.84
2026-08-29 21:35:13,324 INFO px4med.coordinator: Episode 0 step 416/800 | actions=[3, 4, 1, 5, 4] | sim_pos=[(81, 43), (81, 61), (6, 29), (12, 83), (26, 44)] | pending=0 | deliveries=[] | landed=[False, True, False, True, True] | depleted=[False, False, False, False, False] | phase=landing | reward=21.77
2026-08-29 21:35:13,346 WARNING mavsdk_server: Received ack for not-existing command: 176! Ignoring... (mavlink_command_sender.cpp:304)
2026-08-29 21:35:13,362 INFO px4med.drone: Drone 3: landing commanded
2026-08-29 21:35:33,243 INFO px4med.drone: Drone 3: on the ground
2026-08-29 21:35:34,332 INFO px4med.coordinator: Episode 0 step 417/800 | actions=[2, 4, 0, 4, 4] | sim_pos=[(80, 43), (81, 61), (6, 28), (12, 83), (26, 44)] | pending=0 | deliveries=[] | landed=[False, True, False, True, True] | depleted=[False, False, False, False, False] | phase=landing | reward=-8.23
2026-08-29 21:35:35,326 INFO px4med.coordinator: Episode 0 step 418/800 | actions=[2, 4, 0, 4, 4] | sim_pos=[(80, 43), (81, 61), (6, 28), (12, 83), (26, 44)] | pending=0 | deliveries=[] | landed=[False, True, False, True, True] | depleted=[False, False, False, False, False] | phase=landing | reward=-8.23
2026-08-29 21:35:36,359 INFO px4med.coordinator: Episode 0 step 419/800 | actions=[2, 4, 1, 4, 4] | sim_pos=[(79, 43), (81, 61), (6, 29), (12, 83), (26, 44)] | pending=0 | deliveries=[] | landed=[False, True, False, True, True] | depleted=[False, False, False, False, False] | phase=landing | reward=-5.23
2026-08-29 21:35:38,948 WARNING px4med.drone: Drone 1: battery telemetry stalled, backing off 30s (last known 69.0%)
2026-08-29 21:35:39,236 INFO px4med.coordinator: Episode 0 step 420/800 | actions=[3, 4, 1, 4, 4] | sim_pos=[(81, 43), (81, 61), (6, 29), (12, 83), (26, 44)] | pending=0 | deliveries=[] | landed=[False, True, False, True, True] | depleted=[False, False, False, False, False] | phase=landing | reward=-8.23
2026-08-29 21:35:41,325 INFO px4med.coordinator: Episode 0 step 421/800 | actions=[4, 4, 0, 4, 4] | sim_pos=[(80, 43), (81, 61), (6, 28), (12, 83), (26, 44)] | pending=0 | deliveries=[] | landed=[False, True, False, True, True] | depleted=[False, False, False, False, False] | phase=landing | reward=-10.73
2026-08-29 21:35:43,213 INFO px4med.coordinator: Episode 0 step 422/800 | actions=[2, 4, 0, 4, 4] | sim_pos=[(80, 43), (81, 61), (6, 28), (12, 83), (26, 44)] | pending=0 | deliveries=[] | landed=[False, True, False, True, True] | depleted=[False, False, False, False, False] | phase=landing | reward=-8.23
2026-08-29 21:35:44,322 INFO px4med.coordinator: Episode 0 step 423/800 | actions=[3, 4, 1, 4, 4] | sim_pos=[(81, 43), (81, 61), (6, 29), (12, 83), (26, 44)] | pending=0 | deliveries=[] | landed=[False, True, False, True, True] | depleted=[False, False, False, False, False] | phase=landing | reward=-8.23
2026-08-29 21:35:46,210 INFO px4med.coordinator: Episode 0 step 424/800 | actions=[4, 4, 1, 4, 4] | sim_pos=[(80, 43), (81, 61), (6, 29), (12, 83), (26, 44)] | pending=0 | deliveries=[] | landed=[False, True, False, True, True] | depleted=[False, False, False, False, False] | phase=landing | reward=-7.73
2026-08-29 21:35:47,352 INFO px4med.coordinator: Episode 0 step 425/800 | actions=[2, 4, 0, 4, 4] | sim_pos=[(80, 43), (81, 61), (6, 28), (12, 83), (26, 44)] | pending=0 | deliveries=[] | landed=[False, True, False, True, True] | depleted=[False, False, False, False, False] | phase=landing | reward=-8.23
2026-08-29 21:35:49,225 INFO px4med.coordinator: Episode 0 step 426/800 | actions=[3, 4, 0, 4, 4] | sim_pos=[(81, 43), (81, 61), (6, 28), (12, 83), (26, 44)] | pending=0 | deliveries=[] | landed=[False, True, False, True, True] | depleted=[False, False, False, False, False] | phase=landing | reward=-11.23
2026-08-29 21:35:51,211 INFO px4med.coordinator: Episode 0 step 427/800 | actions=[1, 4, 1, 4, 4] | sim_pos=[(80, 44), (81, 61), (6, 29), (12, 83), (26, 44)] | pending=0 | deliveries=[] | landed=[False, True, False, True, True] | depleted=[False, False, False, False, False] | phase=landing | reward=-5.23
2026-08-29 21:35:53,323 INFO px4med.coordinator: Episode 0 step 428/800 | actions=[2, 4, 1, 4, 4] | sim_pos=[(80, 43), (81, 61), (6, 29), (12, 83), (26, 44)] | pending=0 | deliveries=[] | landed=[False, True, False, True, True] | depleted=[False, False, False, False, False] | phase=landing | reward=-5.23
2026-08-29 21:35:55,331 INFO px4med.coordinator: Episode 0 step 429/800 | actions=[2, 4, 0, 4, 4] | sim_pos=[(79, 44), (81, 61), (6, 28), (12, 83), (26, 44)] | pending=0 | deliveries=[] | landed=[False, True, False, True, True] | depleted=[False, False, False, False, False] | phase=landing | reward=-8.23
2026-08-29 21:35:57,327 INFO px4med.coordinator: Episode 0 step 430/800 | actions=[3, 4, 0, 4, 4] | sim_pos=[(81, 43), (81, 61), (6, 28), (12, 83), (26, 44)] | pending=0 | deliveries=[] | landed=[False, True, False, True, True] | depleted=[False, False, False, False, False] | phase=landing | reward=-11.23
2026-08-29 21:35:59,330 INFO px4med.coordinator: Episode 0 step 431/800 | actions=[1, 4, 1, 4, 4] | sim_pos=[(80, 44), (81, 61), (6, 29), (12, 83), (26, 44)] | pending=0 | deliveries=[] | landed=[False, True, False, True, True] | depleted=[False, False, False, False, False] | phase=landing | reward=-5.23
2026-08-29 21:36:01,327 INFO px4med.coordinator: Episode 0 step 432/800 | actions=[2, 4, 1, 4, 4] | sim_pos=[(80, 43), (81, 61), (6, 29), (12, 83), (26, 44)] | pending=0 | deliveries=[] | landed=[False, True, False, True, True] | depleted=[False, False, False, False, False] | phase=landing | reward=-5.23
2026-08-29 21:36:03,350 INFO px4med.coordinator: Episode 0 step 433/800 | actions=[2, 4, 0, 4, 4] | sim_pos=[(79, 44), (81, 61), (6, 28), (12, 83), (26, 44)] | pending=0 | deliveries=[] | landed=[False, True, False, True, True] | depleted=[False, False, False, False, False] | phase=landing | reward=-8.23
2026-08-29 21:36:05,332 INFO px4med.coordinator: Episode 0 step 434/800 | actions=[3, 4, 0, 4, 4] | sim_pos=[(81, 43), (81, 61), (6, 28), (12, 83), (26, 44)] | pending=0 | deliveries=[] | landed=[False, True, False, True, True] | depleted=[False, False, False, False, False] | phase=landing | reward=-11.23
2026-08-29 21:36:08,213 INFO px4med.coordinator: Episode 0 step 435/800 | actions=[1, 4, 1, 4, 4] | sim_pos=[(80, 44), (81, 61), (6, 29), (12, 83), (26, 44)] | pending=0 | deliveries=[] | landed=[False, True, False, True, True] | depleted=[False, False, False, False, False] | phase=landing | reward=-5.23
2026-08-29 21:36:11,147 WARNING px4med.drone: Drone 1: battery telemetry stalled, backing off 30s (last known 69.0%)
2026-08-29 21:36:11,257 INFO px4med.coordinator: Episode 0 step 436/800 | actions=[2, 4, 1, 4, 4] | sim_pos=[(80, 43), (81, 61), (6, 29), (12, 83), (26, 44)] | pending=0 | deliveries=[] | landed=[False, True, False, True, True] | depleted=[False, False, False, False, False] | phase=landing | reward=-5.23
2026-08-29 21:36:13,316 INFO px4med.coordinator: Episode 0 step 437/800 | actions=[2, 4, 0, 4, 4] | sim_pos=[(79, 44), (81, 61), (6, 28), (12, 83), (26, 44)] | pending=0 | deliveries=[] | landed=[False, True, False, True, True] | depleted=[False, False, False, False, False] | phase=landing | reward=-8.23
2026-08-29 21:36:15,360 INFO px4med.coordinator: Episode 0 step 438/800 | actions=[4, 4, 0, 4, 4] | sim_pos=[(80, 43), (81, 61), (6, 28), (12, 83), (26, 44)] | pending=0 | deliveries=[] | landed=[False, True, False, True, True] | depleted=[False, False, False, False, False] | phase=landing | reward=-10.73
2026-08-29 21:36:17,330 INFO px4med.coordinator: Episode 0 step 439/800 | actions=[1, 4, 1, 4, 4] | sim_pos=[(79, 45), (81, 61), (6, 29), (12, 83), (26, 44)] | pending=0 | deliveries=[] | landed=[False, True, False, True, True] | depleted=[False, False, False, False, False] | phase=landing | reward=-8.23
2026-08-29 21:36:20,218 INFO px4med.coordinator: Episode 0 step 440/800 | actions=[2, 4, 0, 4, 4] | sim_pos=[(78, 44), (81, 61), (6, 28), (12, 83), (26, 44)] | pending=0 | deliveries=[] | landed=[False, True, False, True, True] | depleted=[False, False, False, False, False] | phase=landing | reward=-8.23
2026-08-29 21:36:22,329 INFO px4med.coordinator: Episode 0 step 441/800 | actions=[2, 4, 0, 4, 4] | sim_pos=[(78, 45), (81, 61), (6, 28), (12, 83), (26, 44)] | pending=0 | deliveries=[] | landed=[False, True, False, True, True] | depleted=[False, False, False, False, False] | phase=landing | reward=-8.23
2026-08-29 21:36:23,413 INFO px4med.coordinator: Episode 0 step 442/800 | actions=[5, 4, 1, 4, 4] | sim_pos=[(78, 44), (81, 61), (6, 29), (12, 83), (26, 44)] | pending=0 | deliveries=[] | landed=[True, True, False, True, True] | depleted=[False, False, False, False, False] | phase=landing | reward=27.38
2026-08-29 21:36:23,431 WARNING mavsdk_server: Received ack for not-existing command: 176! Ignoring... (mavlink_command_sender.cpp:304)
2026-08-29 21:36:23,533 INFO px4med.drone: Drone 0: landing commanded
2026-08-29 21:36:42,195 INFO px4med.drone: Drone 0: on the ground
2026-08-29 21:36:44,253 WARNING px4med.drone: Drone 1: battery telemetry stalled, backing off 30s (last known 69.0%)
2026-08-29 21:36:45,231 INFO px4med.coordinator: Episode 0 step 443/800 | actions=[4, 4, 0, 4, 4] | sim_pos=[(78, 44), (81, 61), (6, 28), (12, 83), (26, 44)] | pending=0 | deliveries=[] | landed=[True, True, False, True, True] | depleted=[False, False, False, False, False] | phase=landing | reward=-5.62
2026-08-29 21:36:46,332 INFO px4med.coordinator: Episode 0 step 444/800 | actions=[4, 4, 0, 4, 4] | sim_pos=[(78, 44), (81, 61), (6, 28), (12, 83), (26, 44)] | pending=0 | deliveries=[] | landed=[True, True, False, True, True] | depleted=[False, False, False, False, False] | phase=landing | reward=-5.62
2026-08-29 21:36:47,335 INFO px4med.coordinator: Episode 0 step 445/800 | actions=[4, 4, 3, 4, 4] | sim_pos=[(78, 44), (81, 61), (7, 28), (12, 83), (26, 44)] | pending=0 | deliveries=[] | landed=[True, True, False, True, True] | depleted=[False, False, False, False, False] | phase=landing | reward=-3.62
2026-08-29 21:36:48,328 INFO px4med.coordinator: Episode 0 step 446/800 | actions=[4, 4, 1, 4, 4] | sim_pos=[(78, 44), (81, 61), (6, 29), (12, 83), (26, 44)] | pending=0 | deliveries=[] | landed=[True, True, False, True, True] | depleted=[False, False, False, False, False] | phase=landing | reward=-2.62
2026-08-29 21:36:50,331 INFO px4med.coordinator: Episode 0 step 447/800 | actions=[4, 4, 2, 4, 4] | sim_pos=[(78, 44), (81, 61), (6, 28), (12, 83), (26, 44)] | pending=0 | deliveries=[] | landed=[True, True, False, True, True] | depleted=[False, False, False, False, False] | phase=landing | reward=-4.62
2026-08-29 21:36:51,338 INFO px4med.coordinator: Episode 0 step 448/800 | actions=[4, 4, 0, 4, 4] | sim_pos=[(78, 44), (81, 61), (6, 28), (12, 83), (26, 44)] | pending=0 | deliveries=[] | landed=[True, True, False, True, True] | depleted=[False, False, False, False, False] | phase=landing | reward=-5.62
2026-08-29 21:36:52,350 INFO px4med.coordinator: Episode 0 step 449/800 | actions=[4, 4, 0, 4, 4] | sim_pos=[(78, 44), (81, 61), (6, 28), (12, 83), (26, 44)] | pending=0 | deliveries=[] | landed=[True, True, False, True, True] | depleted=[False, False, False, False, False] | phase=landing | reward=-5.62
2026-08-29 21:36:53,341 INFO px4med.coordinator: Episode 0 step 450/800 | actions=[4, 4, 3, 4, 4] | sim_pos=[(78, 44), (81, 61), (7, 28), (12, 83), (26, 44)] | pending=0 | deliveries=[] | landed=[True, True, False, True, True] | depleted=[False, False, False, False, False] | phase=landing | reward=-3.62
2026-08-29 21:36:54,327 INFO px4med.coordinator: Episode 0 step 451/800 | actions=[4, 4, 3, 4, 4] | sim_pos=[(78, 44), (81, 61), (7, 28), (12, 83), (26, 44)] | pending=0 | deliveries=[] | landed=[True, True, False, True, True] | depleted=[False, False, False, False, False] | phase=landing | reward=-3.62
2026-08-29 21:36:55,331 INFO px4med.coordinator: Episode 0 step 452/800 | actions=[4, 4, 2, 4, 4] | sim_pos=[(78, 44), (81, 61), (6, 28), (12, 83), (26, 44)] | pending=0 | deliveries=[] | landed=[True, True, False, True, True] | depleted=[False, False, False, False, False] | phase=landing | reward=-4.62
2026-08-29 21:36:56,327 INFO px4med.coordinator: Episode 0 step 453/800 | actions=[4, 4, 2, 4, 4] | sim_pos=[(78, 44), (81, 61), (6, 28), (12, 83), (26, 44)] | pending=0 | deliveries=[] | landed=[True, True, False, True, True] | depleted=[False, False, False, False, False] | phase=landing | reward=-4.62
2026-08-29 21:36:57,329 INFO px4med.coordinator: Episode 0 step 454/800 | actions=[4, 4, 2, 4, 4] | sim_pos=[(78, 44), (81, 61), (6, 28), (12, 83), (26, 44)] | pending=0 | deliveries=[] | landed=[True, True, False, True, True] | depleted=[False, False, False, False, False] | phase=landing | reward=-4.62
2026-08-29 21:36:58,329 INFO px4med.coordinator: Episode 0 step 455/800 | actions=[4, 4, 1, 4, 4] | sim_pos=[(78, 44), (81, 61), (6, 29), (12, 83), (26, 44)] | pending=0 | deliveries=[] | landed=[True, True, False, True, True] | depleted=[False, False, False, False, False] | phase=landing | reward=-2.62
2026-08-29 21:36:59,329 INFO px4med.coordinator: Episode 0 step 456/800 | actions=[4, 4, 1, 4, 4] | sim_pos=[(78, 44), (81, 61), (6, 29), (12, 83), (26, 44)] | pending=0 | deliveries=[] | landed=[True, True, False, True, True] | depleted=[False, False, False, False, False] | phase=landing | reward=-2.62
2026-08-29 21:37:00,351 INFO px4med.coordinator: Episode 0 step 457/800 | actions=[4, 4, 0, 4, 4] | sim_pos=[(78, 44), (81, 61), (6, 28), (12, 83), (26, 44)] | pending=0 | deliveries=[] | landed=[True, True, False, True, True] | depleted=[False, False, False, False, False] | phase=landing | reward=-5.62
2026-08-29 21:37:02,217 INFO px4med.coordinator: Episode 0 step 458/800 | actions=[4, 4, 0, 4, 4] | sim_pos=[(78, 44), (81, 61), (6, 28), (12, 83), (26, 44)] | pending=0 | deliveries=[] | landed=[True, True, False, True, True] | depleted=[False, False, False, False, False] | phase=landing | reward=-5.62
2026-08-29 21:37:03,340 INFO px4med.coordinator: Episode 0 step 459/800 | actions=[4, 4, 3, 4, 4] | sim_pos=[(78, 44), (81, 61), (7, 28), (12, 83), (26, 44)] | pending=0 | deliveries=[] | landed=[True, True, False, True, True] | depleted=[False, False, False, False, False] | phase=landing | reward=-3.62
2026-08-29 21:37:04,346 INFO px4med.coordinator: Episode 0 step 460/800 | actions=[4, 4, 3, 4, 4] | sim_pos=[(78, 44), (81, 61), (7, 28), (12, 83), (26, 44)] | pending=0 | deliveries=[] | landed=[True, True, False, True, True] | depleted=[False, False, False, False, False] | phase=landing | reward=-3.62
2026-08-29 21:37:05,331 INFO px4med.coordinator: Episode 0 step 461/800 | actions=[4, 4, 1, 4, 4] | sim_pos=[(78, 44), (81, 61), (7, 29), (12, 83), (26, 44)] | pending=0 | deliveries=[] | landed=[True, True, False, True, True] | depleted=[False, False, False, False, False] | phase=landing | reward=-2.62
2026-08-29 21:37:06,338 INFO px4med.coordinator: Episode 0 step 462/800 | actions=[4, 4, 2, 4, 4] | sim_pos=[(78, 44), (81, 61), (6, 28), (12, 83), (26, 44)] | pending=0 | deliveries=[] | landed=[True, True, False, True, True] | depleted=[False, False, False, False, False] | phase=landing | reward=-4.62
2026-08-29 21:37:08,327 INFO px4med.coordinator: Episode 0 step 463/800 | actions=[4, 4, 2, 4, 4] | sim_pos=[(78, 44), (81, 61), (6, 29), (12, 83), (26, 44)] | pending=0 | deliveries=[] | landed=[True, True, False, True, True] | depleted=[False, False, False, False, False] | phase=landing | reward=-4.62
2026-08-29 21:37:09,339 INFO px4med.coordinator: Episode 0 step 464/800 | actions=[4, 4, 1, 4, 4] | sim_pos=[(78, 44), (81, 61), (6, 29), (12, 83), (26, 44)] | pending=0 | deliveries=[] | landed=[True, True, False, True, True] | depleted=[False, False, False, False, False] | phase=landing | reward=-2.62
2026-08-29 21:37:10,347 INFO px4med.coordinator: Episode 0 step 465/800 | actions=[4, 4, 1, 4, 4] | sim_pos=[(78, 44), (81, 61), (6, 29), (12, 83), (26, 44)] | pending=0 | deliveries=[] | landed=[True, True, False, True, True] | depleted=[False, False, False, False, False] | phase=landing | reward=-2.62
2026-08-29 21:37:11,335 INFO px4med.coordinator: Episode 0 step 466/800 | actions=[4, 4, 0, 4, 4] | sim_pos=[(78, 44), (81, 61), (6, 28), (12, 83), (26, 44)] | pending=0 | deliveries=[] | landed=[True, True, False, True, True] | depleted=[False, False, False, False, False] | phase=landing | reward=-5.62
2026-08-29 21:37:12,336 INFO px4med.coordinator: Episode 0 step 467/800 | actions=[4, 4, 0, 4, 4] | sim_pos=[(78, 44), (81, 61), (6, 28), (12, 83), (26, 44)] | pending=0 | deliveries=[] | landed=[True, True, False, True, True] | depleted=[False, False, False, False, False] | phase=landing | reward=-5.62
2026-08-29 21:37:14,459 WARNING px4med.drone: Drone 1: battery telemetry stalled, backing off 30s (last known 69.0%)
2026-08-29 21:37:15,249 INFO px4med.coordinator: Episode 0 step 468/800 | actions=[4, 4, 0, 4, 4] | sim_pos=[(78, 44), (81, 61), (6, 28), (12, 83), (26, 44)] | pending=0 | deliveries=[] | landed=[True, True, False, True, True] | depleted=[False, False, False, False, False] | phase=landing | reward=-5.62
2026-08-29 21:37:16,339 INFO px4med.coordinator: Episode 0 step 469/800 | actions=[4, 4, 3, 4, 4] | sim_pos=[(78, 44), (81, 61), (7, 28), (12, 83), (26, 44)] | pending=0 | deliveries=[] | landed=[True, True, False, True, True] | depleted=[False, False, False, False, False] | phase=landing | reward=-3.62
2026-08-29 21:37:17,359 INFO px4med.coordinator: Episode 0 step 470/800 | actions=[4, 4, 1, 4, 4] | sim_pos=[(78, 44), (81, 61), (6, 29), (12, 83), (26, 44)] | pending=0 | deliveries=[] | landed=[True, True, False, True, True] | depleted=[False, False, False, False, False] | phase=landing | reward=-2.62
2026-08-29 21:37:19,340 INFO px4med.coordinator: Episode 0 step 471/800 | actions=[4, 4, 2, 4, 4] | sim_pos=[(78, 44), (81, 61), (6, 28), (12, 83), (26, 44)] | pending=0 | deliveries=[] | landed=[True, True, False, True, True] | depleted=[False, False, False, False, False] | phase=landing | reward=-4.62
2026-08-29 21:37:20,339 INFO px4med.coordinator: Episode 0 step 472/800 | actions=[4, 4, 0, 4, 4] | sim_pos=[(78, 44), (81, 61), (6, 28), (12, 83), (26, 44)] | pending=0 | deliveries=[] | landed=[True, True, False, True, True] | depleted=[False, False, False, False, False] | phase=landing | reward=-5.62
2026-08-29 21:37:21,339 INFO px4med.coordinator: Episode 0 step 473/800 | actions=[4, 4, 0, 4, 4] | sim_pos=[(78, 44), (81, 61), (6, 28), (12, 83), (26, 44)] | pending=0 | deliveries=[] | landed=[True, True, False, True, True] | depleted=[False, False, False, False, False] | phase=landing | reward=-5.62
2026-08-29 21:37:22,332 INFO px4med.coordinator: Episode 0 step 474/800 | actions=[4, 4, 3, 4, 4] | sim_pos=[(78, 44), (81, 61), (7, 28), (12, 83), (26, 44)] | pending=0 | deliveries=[] | landed=[True, True, False, True, True] | depleted=[False, False, False, False, False] | phase=landing | reward=-3.62
2026-08-29 21:37:23,339 INFO px4med.coordinator: Episode 0 step 475/800 | actions=[4, 4, 1, 4, 4] | sim_pos=[(78, 44), (81, 61), (6, 29), (12, 83), (26, 44)] | pending=0 | deliveries=[] | landed=[True, True, False, True, True] | depleted=[False, False, False, False, False] | phase=landing | reward=-2.62
2026-08-29 21:37:25,333 INFO px4med.coordinator: Episode 0 step 476/800 | actions=[4, 4, 2, 4, 4] | sim_pos=[(78, 44), (81, 61), (6, 28), (12, 83), (26, 44)] | pending=0 | deliveries=[] | landed=[True, True, False, True, True] | depleted=[False, False, False, False, False] | phase=landing | reward=-4.62
2026-08-29 21:37:26,334 INFO px4med.coordinator: Episode 0 step 477/800 | actions=[4, 4, 0, 4, 4] | sim_pos=[(78, 44), (81, 61), (6, 28), (12, 83), (26, 44)] | pending=0 | deliveries=[] | landed=[True, True, False, True, True] | depleted=[False, False, False, False, False] | phase=landing | reward=-5.62
2026-08-29 21:37:27,332 INFO px4med.coordinator: Episode 0 step 478/800 | actions=[4, 4, 0, 4, 4] | sim_pos=[(78, 44), (81, 61), (6, 28), (12, 83), (26, 44)] | pending=0 | deliveries=[] | landed=[True, True, False, True, True] | depleted=[False, False, False, False, False] | phase=landing | reward=-5.62
2026-08-29 21:37:28,332 INFO px4med.coordinator: Episode 0 step 479/800 | actions=[4, 4, 3, 4, 4] | sim_pos=[(78, 44), (81, 61), (7, 28), (12, 83), (26, 44)] | pending=0 | deliveries=[] | landed=[True, True, False, True, True] | depleted=[False, False, False, False, False] | phase=landing | reward=-3.62
2026-08-29 21:37:29,335 INFO px4med.coordinator: Episode 0 step 480/800 | actions=[4, 4, 1, 4, 4] | sim_pos=[(78, 44), (81, 61), (6, 29), (12, 83), (26, 44)] | pending=0 | deliveries=[] | landed=[True, True, False, True, True] | depleted=[False, False, False, False, False] | phase=landing | reward=-2.62
2026-08-29 21:37:31,340 INFO px4med.coordinator: Episode 0 step 481/800 | actions=[4, 4, 2, 4, 4] | sim_pos=[(78, 44), (81, 61), (6, 28), (12, 83), (26, 44)] | pending=0 | deliveries=[] | landed=[True, True, False, True, True] | depleted=[False, False, False, False, False] | phase=landing | reward=-4.62
2026-08-29 21:37:33,268 INFO px4med.coordinator: Episode 0 step 482/800 | actions=[4, 4, 0, 4, 4] | sim_pos=[(78, 44), (81, 61), (6, 28), (12, 83), (26, 44)] | pending=0 | deliveries=[] | landed=[True, True, False, True, True] | depleted=[False, False, False, False, False] | phase=landing | reward=-5.62
2026-08-29 21:37:34,331 INFO px4med.coordinator: Episode 0 step 483/800 | actions=[4, 4, 3, 4, 4] | sim_pos=[(78, 44), (81, 61), (7, 28), (12, 83), (26, 44)] | pending=0 | deliveries=[] | landed=[True, True, False, True, True] | depleted=[False, False, False, False, False] | phase=landing | reward=-3.62
2026-08-29 21:37:35,332 INFO px4med.coordinator: Episode 0 step 484/800 | actions=[4, 4, 1, 4, 4] | sim_pos=[(78, 44), (81, 61), (6, 29), (12, 83), (26, 44)] | pending=0 | deliveries=[] | landed=[True, True, False, True, True] | depleted=[False, False, False, False, False] | phase=landing | reward=-2.62
2026-08-29 21:37:37,332 INFO px4med.coordinator: Episode 0 step 485/800 | actions=[4, 4, 2, 4, 4] | sim_pos=[(78, 44), (81, 61), (6, 28), (12, 83), (26, 44)] | pending=0 | deliveries=[] | landed=[True, True, False, True, True] | depleted=[False, False, False, False, False] | phase=landing | reward=-4.62
2026-08-29 21:37:39,279 INFO px4med.coordinator: Episode 0 step 486/800 | actions=[4, 4, 0, 4, 4] | sim_pos=[(78, 44), (81, 61), (6, 28), (12, 83), (26, 44)] | pending=0 | deliveries=[] | landed=[True, True, False, True, True] | depleted=[False, False, False, False, False] | phase=landing | reward=-5.62
2026-08-29 21:37:40,342 INFO px4med.coordinator: Episode 0 step 487/800 | actions=[4, 4, 3, 4, 4] | sim_pos=[(78, 44), (81, 61), (7, 28), (12, 83), (26, 44)] | pending=0 | deliveries=[] | landed=[True, True, False, True, True] | depleted=[False, False, False, False, False] | phase=landing | reward=-3.62
2026-08-29 21:37:41,339 INFO px4med.coordinator: Episode 0 step 488/800 | actions=[4, 4, 1, 4, 4] | sim_pos=[(78, 44), (81, 61), (6, 29), (12, 83), (26, 44)] | pending=0 | deliveries=[] | landed=[True, True, False, True, True] | depleted=[False, False, False, False, False] | phase=landing | reward=-2.62
2026-08-29 21:37:43,335 INFO px4med.coordinator: Episode 0 step 489/800 | actions=[4, 4, 2, 4, 4] | sim_pos=[(78, 44), (81, 61), (6, 28), (12, 83), (26, 44)] | pending=0 | deliveries=[] | landed=[True, True, False, True, True] | depleted=[False, False, False, False, False] | phase=landing | reward=-4.62
2026-08-29 21:37:46,056 WARNING px4med.drone: Drone 1: battery telemetry stalled, backing off 30s (last known 69.0%)
2026-08-29 21:37:46,239 INFO px4med.coordinator: Episode 0 step 490/800 | actions=[4, 4, 0, 4, 4] | sim_pos=[(78, 44), (81, 61), (6, 28), (12, 83), (26, 44)] | pending=0 | deliveries=[] | landed=[True, True, False, True, True] | depleted=[False, False, False, False, False] | phase=landing | reward=-5.62
2026-08-29 21:37:47,331 INFO px4med.coordinator: Episode 0 step 491/800 | actions=[4, 4, 3, 4, 4] | sim_pos=[(78, 44), (81, 61), (7, 28), (12, 83), (26, 44)] | pending=0 | deliveries=[] | landed=[True, True, False, True, True] | depleted=[False, False, False, False, False] | phase=landing | reward=-3.62
2026-08-29 21:37:48,332 INFO px4med.coordinator: Episode 0 step 492/800 | actions=[4, 4, 1, 4, 4] | sim_pos=[(78, 44), (81, 61), (6, 29), (12, 83), (26, 44)] | pending=0 | deliveries=[] | landed=[True, True, False, True, True] | depleted=[False, False, False, False, False] | phase=landing | reward=-2.62
2026-08-29 21:37:50,335 INFO px4med.coordinator: Episode 0 step 493/800 | actions=[4, 4, 2, 4, 4] | sim_pos=[(78, 44), (81, 61), (6, 28), (12, 83), (26, 44)] | pending=0 | deliveries=[] | landed=[True, True, False, True, True] | depleted=[False, False, False, False, False] | phase=landing | reward=-4.62
2026-08-29 21:37:52,334 INFO px4med.coordinator: Episode 0 step 494/800 | actions=[4, 4, 0, 4, 4] | sim_pos=[(78, 44), (81, 61), (6, 28), (12, 83), (26, 44)] | pending=0 | deliveries=[] | landed=[True, True, False, True, True] | depleted=[False, False, False, False, False] | phase=landing | reward=-5.62
2026-08-29 21:37:53,331 INFO px4med.coordinator: Episode 0 step 495/800 | actions=[4, 4, 3, 4, 4] | sim_pos=[(78, 44), (81, 61), (7, 28), (12, 83), (26, 44)] | pending=0 | deliveries=[] | landed=[True, True, False, True, True] | depleted=[False, False, False, False, False] | phase=landing | reward=-3.62
2026-08-29 21:37:54,334 INFO px4med.coordinator: Episode 0 step 496/800 | actions=[4, 4, 1, 4, 4] | sim_pos=[(78, 44), (81, 61), (6, 29), (12, 83), (26, 44)] | pending=0 | deliveries=[] | landed=[True, True, False, True, True] | depleted=[False, False, False, False, False] | phase=landing | reward=-2.62
2026-08-29 21:37:56,343 INFO px4med.coordinator: Episode 0 step 497/800 | actions=[4, 4, 2, 4, 4] | sim_pos=[(78, 44), (81, 61), (6, 28), (12, 83), (26, 44)] | pending=0 | deliveries=[] | landed=[True, True, False, True, True] | depleted=[False, False, False, False, False] | phase=landing | reward=-4.62
2026-08-29 21:37:58,335 INFO px4med.coordinator: Episode 0 step 498/800 | actions=[4, 4, 0, 4, 4] | sim_pos=[(78, 44), (81, 61), (6, 28), (12, 83), (26, 44)] | pending=0 | deliveries=[] | landed=[True, True, False, True, True] | depleted=[False, False, False, False, False] | phase=landing | reward=-5.62
2026-08-29 21:37:59,334 INFO px4med.coordinator: Episode 0 step 499/800 | actions=[4, 4, 3, 4, 4] | sim_pos=[(78, 44), (81, 61), (7, 28), (12, 83), (26, 44)] | pending=0 | deliveries=[] | landed=[True, True, False, True, True] | depleted=[False, False, False, False, False] | phase=landing | reward=-3.62
2026-08-29 21:38:00,334 INFO px4med.coordinator: Episode 0 step 500/800 | actions=[4, 4, 1, 4, 4] | sim_pos=[(78, 44), (81, 61), (6, 29), (12, 83), (26, 44)] | pending=0 | deliveries=[] | landed=[True, True, False, True, True] | depleted=[False, False, True, False, False] | phase=landing | reward=-113.53
2026-08-29 21:38:00,360 WARNING mavsdk_server: Received ack for not-existing command: 176! Ignoring... (mavlink_command_sender.cpp:304)
2026-08-29 21:38:00,388 INFO px4med.drone: Drone 2: landing commanded
2026-08-29 21:38:20,089 INFO px4med.drone: Drone 2: on the ground
2026-08-29 21:38:20,116 INFO px4med.drone: Drone 2: landing commanded
2026-08-29 21:38:21,089 INFO px4med.drone: Drone 2: on the ground
2026-08-29 21:38:23,157 WARNING px4med.drone: Drone 1: battery telemetry stalled, backing off 30s (last known 69.0%)
2026-08-29 21:38:23,222 INFO px4med.coordinator: Episode 0 complete: {'episode': 0, 'steps': 500, 'patients_delivered': 35, 'patients_died': 15, 'patients_spawned': 50, 'all_landed': False, 'drones_landed': 4, 'drones_depleted': 1, 'battery_remaining': [69.0, 69.0, 10.0, 70.0, 70.0], 'simulated_battery_remaining': [11.799999999999109, 19.199999999999083, 0.0, 16.99999999999909, 27.599999999999053], 'total_reward': 196.47209731460504, 'triage_efficiency': 0.7176470588235294, 'wind_entries': [0, 0, 0, 0, 0], 'low_signal_entries': [0, 0, 0, 0, 1], 'obstacle_collisions': 0, 'agent_collisions': 0, 'wrong_land_attempts': 0}
2026-08-29 21:38:23,222 INFO px4med.main: Episode 0 result: delivered=35/50 died=15 eff=0.72 reward=196.47 steps=500
2026-08-29 21:38:23,222 INFO px4med.main: All episodes complete.
2026-08-29 21:38:23,240 INFO px4med.drone: Drone 0: landing commanded
2026-08-29 21:38:24,201 INFO px4med.drone: Drone 0: on the ground
2026-08-29 21:38:24,224 INFO px4med.drone: Drone 1: landing commanded
2026-08-29 21:38:25,221 INFO px4med.drone: Drone 1: on the ground
2026-08-29 21:38:25,240 INFO px4med.drone: Drone 2: landing commanded
2026-08-29 21:38:26,088 INFO px4med.drone: Drone 2: on the ground
2026-08-29 21:38:26,108 INFO px4med.drone: Drone 3: landing commanded
2026-08-29 21:38:26,252 INFO px4med.drone: Drone 3: on the ground
2026-08-29 21:38:26,488 INFO px4med.drone: Drone 4: landing commanded
2026-08-29 21:38:27,316 INFO px4med.drone: Drone 4: on the ground
2026-08-29 21:38:27,316 INFO px4med.main: Metrics flushed.
2026-08-29 21:38:27,316 INFO px4med.main: Stopping Docker container ...
2026-08-29 21:38:39,505 INFO px4med.docker_manager: Stopped container ae46d47d1540
2026-08-29 21:38:39,505 INFO px4med.docker_manager: Cleaned PX4 instance logs under /mnt/data/px4-med-runs/logs
